example_id,model,mode,score,matched_patterns,n_windows,latency_ms,device
7b8c2773603ffa85,keyword_generic,full,1.0,5,1,0.03958295565098524,cpu
fb802b1afbf14c44,keyword_generic,full,1.0,5,1,0.018666964024305344,cpu
1953b31d11c3b11c,keyword_generic,full,1.0,5,1,0.038207974284887314,cpu
0d3fcc163517ed93,keyword_generic,full,1.0,5,1,0.024333945475518703,cpu
16c4c0b5132c007b,keyword_generic,full,1.0,5,1,0.026209047064185143,cpu
8c191fd112a81d68,keyword_generic,full,1.0,5,1,0.033374992199242115,cpu
6516c497336a6507,keyword_generic,full,1.0,5,1,0.028665992431342602,cpu
7a647912438bc848,keyword_generic,full,1.0,5,1,0.01879199407994747,cpu
af2ad48c4651f694,keyword_generic,full,1.0,5,1,0.03770797047764063,cpu
73734e76f2ba5f61,keyword_generic,full,1.0,5,1,0.024707987904548645,cpu
b2c873e66bd082fc,keyword_generic,full,1.0,5,1,0.01508404966443777,cpu
b876c9f735b96ba1,keyword_generic,full,1.0,5,1,0.022792024537920952,cpu
f2f1bc26bc5e8322,keyword_generic,full,1.0,5,1,0.0201669754460454,cpu
63aaf43d396e065c,keyword_generic,full,1.0,5,1,0.01908408012241125,cpu
4753c47767009d0f,keyword_generic,full,1.0,5,1,0.022500054910779,cpu
1b8b978f0c85feb1,keyword_generic,full,1.0,5,1,0.01845892984420061,cpu
3a9deb4d25a38c34,keyword_generic,full,1.0,5,1,0.010167015716433525,cpu
e33767c9834496e0,keyword_generic,full,0.0,,1,0.025209039449691772,cpu
f6b87a51e8ea98c0,keyword_generic,full,0.0,,1,0.01037493348121643,cpu
897c58878438a999,keyword_generic,full,0.0,,1,0.029250048100948334,cpu
8835a89897f57b30,keyword_generic,full,0.0,,1,0.014332938008010387,cpu
1a302ce4d0d9e36e,keyword_generic,full,0.0,,1,0.02691708505153656,cpu
5efce1faba5edc73,keyword_generic,full,0.0,,1,0.031125033274292946,cpu
e3159a4e028f5cba,keyword_generic,full,0.0,,1,0.02174999099224806,cpu
f5135ef80588c3ca,keyword_generic,full,0.0,,1,0.012750038877129555,cpu
8e350d7413dd7b31,keyword_generic,full,0.0,,1,0.032082898542284966,cpu
bd03dbfb63b41365,keyword_generic,full,0.0,,1,0.01845892984420061,cpu
edf9791d6626dc00,keyword_generic,full,0.0,,1,0.008333008736371994,cpu
9d7afba154ff47c4,keyword_generic,full,0.0,,1,0.01670804340392351,cpu
9f1b3fe8a85f5808,keyword_generic,full,0.0,,1,0.013999990187585354,cpu
256b4dbbd55e5bf8,keyword_generic,full,0.0,,1,0.012582982890307903,cpu
106dbd1ee31292bc,keyword_generic,full,0.0,,1,0.01629104372113943,cpu
14bb4c02fee95029,keyword_generic,full,0.0,,1,0.012499978765845299,cpu
4a22e3c5d3d48972,keyword_generic,full,0.0,,1,0.003999914042651653,cpu
784b8a6204a9e313,keyword_generic,full,0.0,,1,0.040958053432404995,cpu
9a63c9a3997e168d,keyword_generic,full,0.0,,1,0.024916022084653378,cpu
10bf7be1b5dc10d7,keyword_generic,full,0.0,,1,0.04316703416407108,cpu
a9d69e91f73717f8,keyword_generic,full,0.0,,1,0.0374580267816782,cpu
c77c5771e90960a0,keyword_generic,full,0.0,,1,0.03379106055945158,cpu
0b9e3a169dfeb75e,keyword_generic,full,0.0,,1,0.04066701512783766,cpu
4a6ac5f3992805e2,keyword_generic,full,0.0,,1,0.03612495493143797,cpu
98ae550c227c69a0,keyword_generic,full,0.0,,1,0.02654106356203556,cpu
7737f5333ce9f8e1,keyword_generic,full,0.0,,1,0.046042026951909065,cpu
5bf9221dc65e9b9a,keyword_generic,full,0.0,,1,0.03283401019871235,cpu
160db6777a266306,keyword_generic,full,0.0,,1,0.023333006538450718,cpu
1d08374f605a49b4,keyword_generic,full,0.0,,1,0.03529200330376625,cpu
153b57cae66550cb,keyword_generic,full,0.0,,1,0.027957954443991184,cpu
511160901a1a1857,keyword_generic,full,0.0,,1,0.026374938897788525,cpu
f05d942f012f64e2,keyword_generic,full,0.0,,1,0.04075001925230026,cpu
94949cc0ae9c6c27,keyword_generic,full,0.0,,1,0.026333029381930828,cpu
da90ea897b3f3ac5,keyword_generic,full,0.0,,1,0.017707934603095055,cpu
a781f957cb4a2819,keyword_generic,full,1.0,4,1,0.030583003535866737,cpu
a4e54f87372d92ed,keyword_generic,full,1.0,4,1,0.015583005733788013,cpu
8055e48545baac95,keyword_generic,full,1.0,4,1,0.030499999411404133,cpu
1a54efcc605d1691,keyword_generic,full,1.0,4,1,0.017874990589916706,cpu
8c8dc5454ef248c5,keyword_generic,full,1.0,4,1,0.02266711089760065,cpu
17027f9ad2ae3814,keyword_generic,full,1.0,4,1,0.030250055715441704,cpu
233169567e5fa101,keyword_generic,full,1.0,4,1,0.026667024940252304,cpu
7baa7fdadc8716b2,keyword_generic,full,1.0,4,1,0.016249949112534523,cpu
76ab2c99f7bb1b4d,keyword_generic,full,1.0,4,1,0.03333296626806259,cpu
def8c80980b40133,keyword_generic,full,1.0,4,1,0.02179096918553114,cpu
9dacef25aaa5e2c5,keyword_generic,full,1.0,4,1,0.01333397813141346,cpu
ba1eca72d7cc939d,keyword_generic,full,1.0,4,1,0.020542065612971783,cpu
b2e1361ffcd487f4,keyword_generic,full,1.0,4,1,0.01804193016141653,cpu
8df7bdec27edfe48,keyword_generic,full,1.0,4,1,0.017417012713849545,cpu
80eb4d9c478940b6,keyword_generic,full,1.0,4,1,0.020458013750612736,cpu
086fb2f91f1df64e,keyword_generic,full,1.0,4,1,0.016750069335103035,cpu
16735e7db30648ed,keyword_generic,full,1.0,4,1,0.008916947990655899,cpu
e64c6b1bedda492e,keyword_generic,full,0.0,,1,0.02975005190819502,cpu
d746dbbac4881496,keyword_generic,full,0.0,,1,0.015166006051003933,cpu
fbd73ebb47062a39,keyword_generic,full,0.0,,1,0.03670796286314726,cpu
8ffa943f69be07a5,keyword_generic,full,0.0,,1,0.019583036191761494,cpu
fe9973e850c20958,keyword_generic,full,0.0,,1,0.02320797648280859,cpu
4bc3e1afe3212ef0,keyword_generic,full,0.0,,1,0.030499999411404133,cpu
36a2bd95ef02dea7,keyword_generic,full,0.0,,1,0.02604199107736349,cpu
fbd2497b9f9af0ed,keyword_generic,full,0.0,,1,0.01770805101841688,cpu
b2df617d147729c6,keyword_generic,full,0.0,,1,0.03825000021606684,cpu
6ec2b5e32fa0ead5,keyword_generic,full,0.0,,1,0.023042084649205208,cpu
9a04123a979194e8,keyword_generic,full,0.0,,1,0.012874952517449856,cpu
ed20e9717da9c10e,keyword_generic,full,0.0,,1,0.021166051737964153,cpu
6eb6c9a46af4c7d1,keyword_generic,full,0.0,,1,0.018290942534804344,cpu
5c983bf3abc3bc27,keyword_generic,full,0.0,,1,0.017000013031065464,cpu
66768f4c0cc9fca2,keyword_generic,full,0.0,,1,0.02050003968179226,cpu
e28d61f77a53a306,keyword_generic,full,0.0,,1,0.017042038962244987,cpu
39757f862811447e,keyword_generic,full,0.0,,1,0.00925001222640276,cpu
127bf7418acf9a84,keyword_generic,full,0.0,,1,0.02879102248698473,cpu
bcbb567d8401cf37,keyword_generic,full,0.0,,1,0.013708951883018017,cpu
a1198b86956d5aa9,keyword_generic,full,0.0,,1,0.03258290234953165,cpu
7f124bb939f96eaa,keyword_generic,full,0.0,,1,0.01725007314234972,cpu
0db4082db7adaf61,keyword_generic,full,0.0,,1,0.022666994482278824,cpu
e8462acd158cf986,keyword_generic,full,0.0,,1,0.029916991479694843,cpu
b71731fde94e59c3,keyword_generic,full,0.0,,1,0.025084009394049644,cpu
8bf8ecff3220c185,keyword_generic,full,0.0,,1,0.015832949429750443,cpu
6554a23df5d5ee0d,keyword_generic,full,0.0,,1,0.0355839729309082,cpu
0e8fa51355e21e76,keyword_generic,full,0.0,,1,0.02208305522799492,cpu
413336fa9c5417b3,keyword_generic,full,0.0,,1,0.01154094934463501,cpu
47f4093a6a3b5d7a,keyword_generic,full,0.0,,1,0.02020795363932848,cpu
f59858144ce14909,keyword_generic,full,0.0,,1,0.01708301715552807,cpu
3b009dbbea276c7c,keyword_generic,full,0.0,,1,0.015582889318466187,cpu
1740e523e948636c,keyword_generic,full,0.0,,1,0.01941609662026167,cpu
5902441707555bdb,keyword_generic,full,0.0,,1,0.015583005733788013,cpu
f05e71cdd653e061,keyword_generic,full,0.0,,1,0.006832997314631939,cpu
4359f40445359ca0,keyword_generic,full,0.0,,1,0.028374954126775265,cpu
9d620785700384fc,keyword_generic,full,0.0,,1,0.013458076864480972,cpu
3cb659c5fd529215,keyword_generic,full,0.0,,1,0.03208301495760679,cpu
d0b4c538b2476f3f,keyword_generic,full,1.0,4,1,0.01562491524964571,cpu
d2bf37b21ff1c82d,keyword_generic,full,0.0,,1,0.022417050786316395,cpu
2a832fd19be485c4,keyword_generic,full,0.0,,1,0.029791961424052715,cpu
406abaa95f6ccba8,keyword_generic,full,0.0,,1,0.024875043891370296,cpu
fe28ff89307b89b6,keyword_generic,full,0.0,,1,0.015666009858250618,cpu
585cfc7a7942e64d,keyword_generic,full,0.0,,1,0.03516697324812412,cpu
e91624c7bea8b8d6,keyword_generic,full,0.0,,1,0.021666986867785454,cpu
da1cf4fb603d6275,keyword_generic,full,0.0,,1,0.011416035704314709,cpu
ccc8219918aa979a,keyword_generic,full,0.0,,1,0.020000035874545574,cpu
bb79082aa8b55046,keyword_generic,full,0.0,,1,0.017125043086707592,cpu
2adea2e71a93647a,keyword_generic,full,0.0,,1,0.015416997484862804,cpu
e9d389c26dc743b2,keyword_generic,full,0.0,,1,0.01895800232887268,cpu
65a98b71add333c4,keyword_generic,full,0.0,,1,0.01562491524964571,cpu
f2eb4f910217c72a,keyword_generic,full,0.0,,1,0.006582937203347683,cpu
225af02177f172fb,keyword_generic,full,0.0,,1,0.05224999040365219,cpu
723d25c626842a6f,keyword_generic,full,0.0,,1,0.036499928683042526,cpu
93dc755758cd920e,keyword_generic,full,0.0,,1,0.054750009439885616,cpu
ef6dd73708ced742,keyword_generic,full,0.0,,1,0.039499951526522636,cpu
3a9594a294e8cd8a,keyword_generic,full,0.0,,1,0.04437495954334736,cpu
d68b6b037b740394,keyword_generic,full,0.0,,1,0.05141599103808403,cpu
b9fb25ff00e592db,keyword_generic,full,0.0,,1,0.046791043132543564,cpu
bc15a4f21f2a1ec3,keyword_generic,full,0.0,,1,0.037792022339999676,cpu
804303b30a6bec5c,keyword_generic,full,0.0,,1,0.05720800254493952,cpu
7d15aee4d6983074,keyword_generic,full,0.0,,1,0.04383304622024298,cpu
4fed2c75f817baa5,keyword_generic,full,0.0,,1,0.03358395770192146,cpu
5c138d701e3bed0f,keyword_generic,full,0.0,,1,0.04175002686679363,cpu
a57a5a49d59153bf,keyword_generic,full,0.0,,1,0.0391670037060976,cpu
6f128b50b7d003b6,keyword_generic,full,0.0,,1,0.03774999640882015,cpu
0e9a412ff78dd142,keyword_generic,full,0.0,,1,0.041291932575404644,cpu
bdb6da5443d778ae,keyword_generic,full,0.0,,1,0.03758305683732033,cpu
3b82148a90c4a0ac,keyword_generic,full,0.0,,1,0.028832932002842426,cpu
915348514c2db130,keyword_generic,full,0.0,,1,0.03983394708484411,cpu
744be98aa112e9d3,keyword_generic,full,0.0,,1,0.02416700590401888,cpu
766168a519286880,keyword_generic,full,0.0,,1,0.04300009459257126,cpu
14d7538aef256cea,keyword_generic,full,0.0,,1,0.027542002499103546,cpu
2a359ddf0cca7762,keyword_generic,full,0.0,,1,0.03266602288931608,cpu
cb1b8f5fcb186f8c,keyword_generic,full,0.0,,1,0.0398330157622695,cpu
04c9532130b1a7b0,keyword_generic,full,0.0,,1,0.035541015677154064,cpu
5b8464f16ba3c6b6,keyword_generic,full,0.0,,1,0.025999965146183968,cpu
53d93f49ca5d27b7,keyword_generic,full,0.0,,1,0.05283404607325792,cpu
d6ddaf3cf581520e,keyword_generic,full,0.0,,1,0.033415970392525196,cpu
0ed9c710f230d255,keyword_generic,full,0.0,,1,0.021915999241173267,cpu
22036415d3284a59,keyword_generic,full,0.0,,1,0.0301670515909791,cpu
e8fe2f6c7917f008,keyword_generic,full,0.0,,1,0.027708010748028755,cpu
a286a2e4f54629c0,keyword_generic,full,0.0,,1,0.03545801155269146,cpu
12a09317d849cb36,keyword_generic,full,0.0,,1,0.029624905437231064,cpu
7802fc6c4e148a74,keyword_generic,full,0.0,,1,0.025999965146183968,cpu
0c331b08d1703d0f,keyword_generic,full,0.0,,1,0.017124926671385765,cpu
0c0f353a2301a51a,keyword_generic,full,0.0,,1,0.03341690171509981,cpu
c9e24dae23cda35a,keyword_generic,full,0.0,,1,0.01791701652109623,cpu
baf6a2eb27e73746,keyword_generic,full,0.0,,1,0.03654195461422205,cpu
d12cf2f0375f4e41,keyword_generic,full,0.0,,1,0.02154102548956871,cpu
dae5f1656012f004,keyword_generic,full,0.0,,1,0.026291003450751305,cpu
f47a171c1a99d410,keyword_generic,full,0.0,,1,0.034415978007018566,cpu
5fcc85609940f989,keyword_generic,full,0.0,,1,0.03841705620288849,cpu
b5d9ba245bf7b715,keyword_generic,full,0.0,,1,0.019749975763261318,cpu
249bd521feabafeb,keyword_generic,full,0.0,,1,0.03958400338888168,cpu
29ad07451dba5944,keyword_generic,full,0.0,,1,0.02583395689725876,cpu
18cd249a771fe3f0,keyword_generic,full,0.0,,1,0.015374971553683281,cpu
04b4865cc6b4f11b,keyword_generic,full,0.0,,1,0.023875036276876926,cpu
46f0886b739ff169,keyword_generic,full,0.0,,1,0.021124957129359245,cpu
4e30dda6ddb90f44,keyword_generic,full,0.0,,1,0.019875005818903446,cpu
ee9408e01c49d5eb,keyword_generic,full,0.0,,1,0.02333405427634716,cpu
1f4e7fadc8977402,keyword_generic,full,0.0,,1,0.019459053874015808,cpu
fbe7c7f7a997991c,keyword_generic,full,0.0,,1,0.010624993592500687,cpu
aa4866bd33fd9b49,keyword_generic,full,0.0,,1,0.03829202614724636,cpu
a52475bcdfac9ca8,keyword_generic,full,0.0,,1,0.022625084966421127,cpu
86345565ad91b85a,keyword_generic,full,0.0,,1,0.041041988879442215,cpu
08f0eefd4d34ef34,keyword_generic,full,0.0,,1,0.02562499139457941,cpu
0a22fe9517b7e66b,keyword_generic,full,0.0,,1,0.030542025342583656,cpu
de01c5dfc566f946,keyword_generic,full,0.0,,1,0.03799994010478258,cpu
5d4c7244e6cad038,keyword_generic,full,0.0,,1,0.03295904025435448,cpu
560d9e96840d73e9,keyword_generic,full,0.0,,1,0.024124979972839355,cpu
82332b97e5fce158,keyword_generic,full,0.0,,1,0.04329101648181677,cpu
c2e123f50bc907dc,keyword_generic,full,0.0,,1,0.029832939617335796,cpu
9cb71cc4b099c2d8,keyword_generic,full,0.0,,1,0.02583395689725876,cpu
6b4447ff75a4b941,keyword_generic,full,0.0,,1,0.028125010430812836,cpu
925c1997421eb94b,keyword_generic,full,0.0,,1,0.025250017642974854,cpu
3aa6192cb4daaeac,keyword_generic,full,0.0,,1,0.023875036276876926,cpu
1a4e624f20a4d270,keyword_generic,full,0.0,,1,0.027542002499103546,cpu
46c8ad74b4839dd8,keyword_generic,full,0.0,,1,0.023792032152414322,cpu
74abb4a760ac6c34,keyword_generic,full,0.0,,1,0.015208031982183456,cpu
6d2774630666011d,keyword_generic,full,0.0,,1,0.03329198807477951,cpu
48bd65c4a6415c68,keyword_generic,full,0.0,,1,0.017666025087237358,cpu
a0feb821ed4bafb9,keyword_generic,full,0.0,,1,0.03587501123547554,cpu
2edf9282ae9b5e38,keyword_generic,full,0.0,,1,0.02091703936457634,cpu
d4fb6e4b0d271147,keyword_generic,full,0.0,,1,0.02591707743704319,cpu
5fe3884f5a35d6e1,keyword_generic,full,0.0,,1,0.033958000130951405,cpu
3d90352550acbd3a,keyword_generic,full,0.0,,1,0.028792070224881172,cpu
ed1bbb72494c8e00,keyword_generic,full,0.0,,1,0.01962494570761919,cpu
7aae77e0de6106df,keyword_generic,full,0.0,,1,0.03883405588567257,cpu
44810056d70d7cb6,keyword_generic,full,0.0,,1,0.025667017325758934,cpu
eaab721967ba57cf,keyword_generic,full,0.0,,1,0.015416066162288189,cpu
3798462087af27b0,keyword_generic,full,0.0,,1,0.023832893930375576,cpu
811ff859a99b8706,keyword_generic,full,0.0,,1,0.02091703936457634,cpu
d53bbc161ffae65b,keyword_generic,full,0.0,,1,0.01937500201165676,cpu
d3897927dfad3215,keyword_generic,full,0.0,,1,0.02274999860674143,cpu
2590a1136f2b03bd,keyword_generic,full,0.0,,1,0.019332976080477238,cpu
a4a5447fe719a233,keyword_generic,full,0.0,,1,0.01066701952368021,cpu
a3380c70a25279fa,keyword_generic,full,1.0,6,1,0.03841693978756666,cpu
0164b3bbdda8d267,keyword_generic,full,1.0,6,1,0.023165950551629066,cpu
5aada1fbe0db921e,keyword_generic,full,1.0,6,1,0.03895896952599287,cpu
9c55a7d3f30eb2cd,keyword_generic,full,1.0,6,1,0.026166904717683792,cpu
974b825aa984ae88,keyword_generic,full,1.0,6,1,0.03133306745439768,cpu
fab687c4f306b351,keyword_generic,full,1.0,6,1,0.03812497016042471,cpu
584ac5a003829ca5,keyword_generic,full,1.0,6,1,0.03458303399384022,cpu
f67c0ddb51cd20bf,keyword_generic,full,1.0,6,1,0.02450007013976574,cpu
0bf307cda376f8e0,keyword_generic,full,1.0,6,1,0.04291604273021221,cpu
3ad6103ce350325c,keyword_generic,full,1.0,6,1,0.030542025342583656,cpu
3d25c062698c9a2c,keyword_generic,full,1.0,6,1,0.020832987502217293,cpu
f31976f196ec881e,keyword_generic,full,1.0,6,1,0.028749927878379822,cpu
c8af8d9ad7177763,keyword_generic,full,1.0,6,1,0.0262079993262887,cpu
da3d719f1d082171,keyword_generic,full,1.0,6,1,0.02475001383572817,cpu
c4cb2a2fe8e883b6,keyword_generic,full,1.0,6,1,0.028291018679738045,cpu
01a6c53ae730cd75,keyword_generic,full,1.0,6,1,0.024499953724443913,cpu
ee7819f532e63dcb,keyword_generic,full,1.0,6,1,0.016042031347751617,cpu
c32e072d778fa0f1,keyword_generic,full,0.0,,1,0.03708305303007364,cpu
8b55c258f3d488e3,keyword_generic,full,0.0,,1,0.02183311153203249,cpu
1de6f36eda757299,keyword_generic,full,0.0,,1,0.04004209768027067,cpu
ad8fe697a93b40b3,keyword_generic,full,0.0,,1,0.025166897103190422,cpu
541eaaf3e13814f2,keyword_generic,full,0.0,,1,0.030166003853082657,cpu
988c0920f0229ac4,keyword_generic,full,0.0,,1,0.03766699228435755,cpu
5e2aa843cd2d8fa7,keyword_generic,full,0.0,,1,0.03270909655839205,cpu
64d65fd7a1ba1258,keyword_generic,full,0.0,,1,0.02345896791666746,cpu
292430c715f96564,keyword_generic,full,0.0,,1,0.043042004108428955,cpu
0790c92d3bafac1e,keyword_generic,full,0.0,,1,0.029499991796910763,cpu
1053ebdf7f525455,keyword_generic,full,0.0,,1,0.019208993762731552,cpu
696fb5e91587a96c,keyword_generic,full,0.0,,1,0.02762500662356615,cpu
dc628dfe48123c57,keyword_generic,full,0.0,,1,0.024958979338407516,cpu
d6c926dabf5d54a0,keyword_generic,full,0.0,,1,0.023290980607271194,cpu
9395c9c6e949a690,keyword_generic,full,0.0,,1,0.026958994567394257,cpu
1db7a7009645f359,keyword_generic,full,0.0,,1,0.02333289012312889,cpu
de7a7645caa0fde5,keyword_generic,full,0.0,,1,0.014541903510689735,cpu
b2db029ac1aab136,keyword_generic,full,0.0,,1,0.04004104994237423,cpu
7c7c581cc4ea071c,keyword_generic,full,0.0,,1,0.024292035959661007,cpu
acacf52c193f5c48,keyword_generic,full,0.0,,1,0.04349998198449612,cpu
13297f65988a05e1,keyword_generic,full,0.0,,1,0.02762500662356615,cpu
ba2ed88fc7354d20,keyword_generic,full,0.0,,1,0.03379094414412975,cpu
3929013d3db63e7b,keyword_generic,full,0.0,,1,0.040708924643695354,cpu
0c3d72ae85e4f5f8,keyword_generic,full,0.0,,1,0.035541015677154064,cpu
46ef73fda46b6445,keyword_generic,full,0.0,,1,0.026417081244289875,cpu
87a23f0cc0604c99,keyword_generic,full,0.0,,1,0.046166940592229366,cpu
eb23d464bd284c42,keyword_generic,full,0.0,,1,0.032708048820495605,cpu
5b4d878696485afd,keyword_generic,full,0.0,,1,0.02174999099224806,cpu
4c58ca91221697cd,keyword_generic,full,0.0,,1,0.03091595135629177,cpu
99c24bb73fa34a40,keyword_generic,full,0.0,,1,0.027999980375170708,cpu
7d5a4c6c789d1011,keyword_generic,full,0.0,,1,0.02595805563032627,cpu
8a13d9025504f742,keyword_generic,full,0.0,,1,0.03004202153533697,cpu
4d0a1cf8f89da056,keyword_generic,full,0.0,,1,0.026124995201826096,cpu
a7fbe42ffc4437d0,keyword_generic,full,0.0,,1,0.01695798709988594,cpu
1d6cf9cfae45779c,keyword_generic,full,1.0,4,1,0.034374999813735485,cpu
5ccab6ecc82b7824,keyword_generic,full,1.0,4,1,0.018832972273230553,cpu
53e822763a62dbab,keyword_generic,full,1.0,4,1,0.03458291757851839,cpu
8a620ee1747ccd9b,keyword_generic,full,1.0,4,1,0.021834042854607105,cpu
e0a0115d55824147,keyword_generic,full,1.0,4,1,0.02616702113300562,cpu
ac63823440afa29f,keyword_generic,full,1.0,4,1,0.03287498839199543,cpu
134f453bff8b83dc,keyword_generic,full,1.0,4,1,0.029749935492873192,cpu
db3dc2197e87c138,keyword_generic,full,1.0,4,1,0.019459053874015808,cpu
fe7df75fdcbaedf1,keyword_generic,full,1.0,4,1,0.03712496254593134,cpu
e8cb2edf15175c8a,keyword_generic,full,1.0,4,1,0.027125002816319466,cpu
b32939a6301ac4c2,keyword_generic,full,1.0,4,1,0.016208970919251442,cpu
7ec89647453a8254,keyword_generic,full,1.0,4,1,0.0237500062212348,cpu
6e862c573e1f34cf,keyword_generic,full,1.0,4,1,0.021458021365106106,cpu
3293b5d9e57a8f66,keyword_generic,full,1.0,4,1,0.020415987819433212,cpu
6b824df07de3aa56,keyword_generic,full,1.0,4,1,0.02350006252527237,cpu
9a3a286557befd5c,keyword_generic,full,1.0,4,1,0.019916915334761143,cpu
62c75a7d66af040b,keyword_generic,full,1.0,4,1,0.011541065759956837,cpu
a36271705ad446dd,keyword_generic,full,0.0,,1,0.0338749960064888,cpu
8196e1d6ace6704a,keyword_generic,full,0.0,,1,0.018249964341521263,cpu
5f9217a9fc11b8ec,keyword_generic,full,0.0,,1,0.03704207483679056,cpu
8cf65994a75375dc,keyword_generic,full,0.0,,1,0.021875021047890186,cpu
c40aeeaa6a03be6c,keyword_generic,full,0.0,,1,0.02675002906471491,cpu
d3135ec101e588cb,keyword_generic,full,0.0,,1,0.034499913454055786,cpu
73fe404edc1c43e4,keyword_generic,full,0.0,,1,0.029208953492343426,cpu
6f37ee843ec0b6fd,keyword_generic,full,0.0,,1,0.020209001377224922,cpu
0e46fcd77ab919af,keyword_generic,full,0.0,,1,0.03966607619076967,cpu
ecf2e4f46394235a,keyword_generic,full,0.0,,1,0.0262079993262887,cpu
c41c38c12aca067b,keyword_generic,full,0.0,,1,0.015749945305287838,cpu
995339eff16c307c,keyword_generic,full,0.0,,1,0.024416018277406693,cpu
79ca415e706ee1f0,keyword_generic,full,0.0,,1,0.021582935005426407,cpu
eadb891bb1bf05d8,keyword_generic,full,0.0,,1,0.019833911210298538,cpu
7326c64ac8db67cc,keyword_generic,full,0.0,,1,0.023458036594092846,cpu
5f2519cf42ad0383,keyword_generic,full,0.0,,1,0.019834027625620365,cpu
789a09b03f7fde29,keyword_generic,full,0.0,,1,0.010999967344105244,cpu
536c3072a4c18530,keyword_generic,full,0.0,,1,0.03104202914983034,cpu
b13f2c747954194b,keyword_generic,full,0.0,,1,0.016000005416572094,cpu
bb8f7f8558db16e2,keyword_generic,full,0.0,,1,0.03412493970245123,cpu
7c8246d4a1786157,keyword_generic,full,0.0,,1,0.019291997887194157,cpu
064168f05e216ad4,keyword_generic,full,0.0,,1,0.02416700590401888,cpu
1338698bd76ef080,keyword_generic,full,0.0,,1,0.031374976970255375,cpu
a3a8b0d750849f44,keyword_generic,full,0.0,,1,0.02675002906471491,cpu
ad74d5bbcbea6f44,keyword_generic,full,0.0,,1,0.0176670728251338,cpu
9dcbb01990a1f890,keyword_generic,full,0.0,,1,0.03683299291878939,cpu
fe08d2045d16caa0,keyword_generic,full,0.0,,1,0.023541972041130066,cpu
2a6baba2cca81abf,keyword_generic,full,0.0,,1,0.013292068615555763,cpu
1804070a2b8c311f,keyword_generic,full,0.0,,1,0.02174999099224806,cpu
d11bb53e39b79cfc,keyword_generic,full,0.0,,1,0.018959050066769123,cpu
df06f6d93bc305ee,keyword_generic,full,0.0,,1,0.017542042769491673,cpu
b45e5e4bdcdff3ac,keyword_generic,full,0.0,,1,0.020875013433396816,cpu
186e9dd4f11ad942,keyword_generic,full,0.0,,1,0.017291982658207417,cpu
75b1d553393b98cd,keyword_generic,full,0.0,,1,0.008916947990655899,cpu
95197b9785970a54,keyword_generic,full,0.0,,1,0.03566697705537081,cpu
4133ace97be39e20,keyword_generic,full,0.0,,1,0.01958396751433611,cpu
9ba68764902afdce,keyword_generic,full,0.0,,1,0.037416000850498676,cpu
151c7370da7a0f1b,keyword_generic,full,0.0,,1,0.02274999860674143,cpu
e1d119449234cc16,keyword_generic,full,0.0,,1,0.02766598481684923,cpu
8d1105c8cd5e9be0,keyword_generic,full,0.0,,1,0.034958007745444775,cpu
f799bba188ac5260,keyword_generic,full,0.0,,1,0.030250055715441704,cpu
373866afda5509b5,keyword_generic,full,0.0,,1,0.02141611184924841,cpu
40568dcc59db469a,keyword_generic,full,0.0,,1,0.04045909736305475,cpu
36041e2f31483883,keyword_generic,full,0.0,,1,0.02729194238781929,cpu
15b188c6e96b322f,keyword_generic,full,0.0,,1,0.017208047211170197,cpu
83287b170ccd5168,keyword_generic,full,0.0,,1,0.02558401320129633,cpu
32d2fa6a2d602388,keyword_generic,full,0.0,,1,0.022625084966421127,cpu
c3280d8380c91cbd,keyword_generic,full,0.0,,1,0.020999927073717117,cpu
91f17c7559f31037,keyword_generic,full,0.0,,1,0.02475001383572817,cpu
bfe0179d13df80a3,keyword_generic,full,0.0,,1,0.020957901142537594,cpu
1f23648e5fd78d16,keyword_generic,full,0.0,,1,0.012417091056704521,cpu
1fa1376c99dafaf9,keyword_generic,full,0.0,,1,0.0299159437417984,cpu
ccd87faa3f5360f0,keyword_generic,full,0.0,,1,0.01508404966443777,cpu
0a04e773431e3501,keyword_generic,full,0.0,,1,0.03341701813042164,cpu
386057316f108bf0,keyword_generic,full,0.0,,1,0.021125073544681072,cpu
32362e7842d13047,keyword_generic,full,0.0,,1,0.03145798109471798,cpu
b6d17ce27b7fb3cb,keyword_generic,full,0.0,,1,0.03079103771597147,cpu
9c6d8f2510d4c2dd,keyword_generic,full,0.0,,1,0.026165973395109177,cpu
b0474aee7c5400f6,keyword_generic,full,0.0,,1,0.01679197885096073,cpu
977875db63634f9b,keyword_generic,full,0.0,,1,0.03608304541558027,cpu
8fc869b9b9fa47dd,keyword_generic,full,0.0,,1,0.022833002731204033,cpu
360ab6b9db9ab97f,keyword_generic,full,0.0,,1,0.012875068932771683,cpu
37a9628590134b13,keyword_generic,full,0.0,,1,0.02116698306053877,cpu
c931f71504f6a154,keyword_generic,full,0.0,,1,0.01837499439716339,cpu
10bd555e87372ef7,keyword_generic,full,0.0,,1,0.017000013031065464,cpu
66b706308e7e12e1,keyword_generic,full,0.0,,1,0.020499923266470432,cpu
5ceff6a37cd94477,keyword_generic,full,0.0,,1,0.016625039279460907,cpu
3dac9b0a58d292c9,keyword_generic,full,0.0,,1,0.008291914127767086,cpu
7efe955328eb8717,keyword_generic,full,0.0,,1,0.03470899537205696,cpu
84f7a4f113e3aeaf,keyword_generic,full,0.0,,1,0.019959057681262493,cpu
2454d5f54f221b94,keyword_generic,full,0.0,,1,0.03816699609160423,cpu
a0c246ab3aa0f811,keyword_generic,full,0.0,,1,0.02520799171179533,cpu
b33673b4a025c1be,keyword_generic,full,0.0,,1,0.02837507054209709,cpu
2b14bcb0893cd63a,keyword_generic,full,0.0,,1,0.03554089926183224,cpu
05cdc1c67c23aeef,keyword_generic,full,0.0,,1,0.03104202914983034,cpu
f1906b9bee43ce8b,keyword_generic,full,0.0,,1,0.02166605554521084,cpu
a9389a80505cbe69,keyword_generic,full,0.0,,1,0.041082967072725296,cpu
b137626d2d236bb8,keyword_generic,full,0.0,,1,0.02795807085931301,cpu
18e18092d5e7086d,keyword_generic,full,0.0,,1,0.017625046893954277,cpu
107435fd60792ed5,keyword_generic,full,0.0,,1,0.025792047381401062,cpu
52e765be9e60eed5,keyword_generic,full,0.0,,1,0.023333006538450718,cpu
f594b8d36441fde4,keyword_generic,full,0.0,,1,0.021792016923427582,cpu
2bbba7c5f3199f19,keyword_generic,full,0.0,,1,0.025250017642974854,cpu
ac54213505548d45,keyword_generic,full,0.0,,1,0.021499930880963802,cpu
786718e43b2b4ae5,keyword_generic,full,0.0,,1,0.013082986697554588,cpu
2005b2b357639b39,keyword_generic,full,0.0,,1,0.029416987672448158,cpu
43cbfe41f88499c8,keyword_generic,full,0.0,,1,0.014750054106116295,cpu
0d39d548488952e6,keyword_generic,full,0.0,,1,0.03329094033688307,cpu
01dd6c624cf9a547,keyword_generic,full,0.0,,1,0.01833401620388031,cpu
702a949cfd595b32,keyword_generic,full,0.0,,1,0.04654098302125931,cpu
302fd35c02c47c42,keyword_generic,full,0.0,,1,0.03550003748387098,cpu
20f22820a735f564,keyword_generic,full,0.0,,1,0.029125018045306206,cpu
043a8c3090a2e0ee,keyword_generic,full,0.0,,1,0.018332968465983868,cpu
d487d1d728c29fbf,keyword_generic,full,0.0,,1,0.03687501884996891,cpu
6d59d6083c8bab77,keyword_generic,full,0.0,,1,0.02475001383572817,cpu
8c9a062bfc773b74,keyword_generic,full,0.0,,1,0.013333046808838844,cpu
804f0ee030f1a880,keyword_generic,full,0.0,,1,0.0213750172406435,cpu
55b39b182b469b9d,keyword_generic,full,0.0,,1,0.018666032701730728,cpu
ff6ce756b4f1d7b6,keyword_generic,full,0.0,,1,0.01695798709988594,cpu
a57a85dd50c9aa37,keyword_generic,full,0.0,,1,0.02208305522799492,cpu
b899668b33fd8048,keyword_generic,full,0.0,,1,0.017417012713849545,cpu
45b5133be0827a2e,keyword_generic,full,0.0,,1,0.008500064723193645,cpu
d3ae9f3971e62a80,keyword_generic,full,1.0,7,1,0.0399579294025898,cpu
ff2b7d938c56bdaf,keyword_generic,full,1.0,7,1,0.02487492747604847,cpu
45ba1e933e7360a9,keyword_generic,full,1.0,7,1,0.03954197745770216,cpu
73ca9f11e9338472,keyword_generic,full,1.0,7,1,0.026833033189177513,cpu
04bf3cbeea2ca3b2,keyword_generic,full,1.0,7,1,0.0315000070258975,cpu
12ad17e0c4c4ce4f,keyword_generic,full,1.0,7,1,0.03825000021606684,cpu
1ed7ba2ee9c4fa67,keyword_generic,full,1.0,7,1,0.034374999813735485,cpu
8a4bfb9f982dbf88,keyword_generic,full,1.0,7,1,0.024124979972839355,cpu
286a3dbcd23e11b8,keyword_generic,full,1.0,7,1,0.04208309110254049,cpu
a7287b676f3a2793,keyword_generic,full,1.0,7,1,0.030000112019479275,cpu
ee5bd4ccfd6883c9,keyword_generic,full,1.0,7,1,0.02083310391753912,cpu
edb85450d893c164,keyword_generic,full,1.0,7,1,0.028542010113596916,cpu
f68c9ebdb7fe54c3,keyword_generic,full,1.0,7,1,0.025958986952900887,cpu
4c03d994cb440473,keyword_generic,full,1.0,7,1,0.02445897553116083,cpu
551ecfc44ed5d18d,keyword_generic,full,1.0,7,1,0.028084032237529755,cpu
9215c1020e40433a,keyword_generic,full,1.0,7,1,0.02437504008412361,cpu
737d33e0f4c2d2e1,keyword_generic,full,1.0,7,1,0.01562491524964571,cpu
102f28f30fcd9063,keyword_generic,full,0.0,,1,0.03291701432317495,cpu
60845e7f6bebf620,keyword_generic,full,0.0,,1,0.01737498678267002,cpu
391c701506c4f492,keyword_generic,full,0.0,,1,0.0363329891115427,cpu
fb0426b25635f464,keyword_generic,full,0.0,,1,0.021000043489038944,cpu
44a637c81ff0828f,keyword_generic,full,0.0,,1,0.02604199107736349,cpu
90e5ddeb84a9aa92,keyword_generic,full,0.0,,1,0.032625044696033,cpu
b1d56afa4741d6af,keyword_generic,full,0.0,,1,0.030916999094188213,cpu
80084c93c1e3ead9,keyword_generic,full,0.0,,1,0.018874998204410076,cpu
9fd2d02ea8641e05,keyword_generic,full,0.0,,1,0.039082951843738556,cpu
809732e6bf721910,keyword_generic,full,0.0,,1,0.02537504769861698,cpu
d5a02f05bc01a332,keyword_generic,full,0.0,,1,0.014708028174936771,cpu
d83e8fe89f872a4a,keyword_generic,full,0.0,,1,0.023667002096772194,cpu
5d738987fd8bf2e1,keyword_generic,full,0.0,,1,0.02037500962615013,cpu
a72a25789818fd91,keyword_generic,full,0.0,,1,0.01879199407994747,cpu
726c8822434d9562,keyword_generic,full,0.0,,1,0.02274999860674143,cpu
1cceb3c06cc7143f,keyword_generic,full,0.0,,1,0.019041006453335285,cpu
db4a0bf0558a3822,keyword_generic,full,0.0,,1,0.00995793379843235,cpu
1643ae7910fa4a7c,keyword_generic,full,0.0,,1,0.031084055081009865,cpu
b3ee3c823dd71928,keyword_generic,full,0.0,,1,0.015500001609325409,cpu
6d7635c1a3b91777,keyword_generic,full,0.0,,1,0.034208991564810276,cpu
ab8f27dcb376bc4f,keyword_generic,full,0.0,,1,0.019666040316224098,cpu
475aae7b5022dc10,keyword_generic,full,0.0,,1,0.0262079993262887,cpu
66cd5369ba0d7654,keyword_generic,full,0.0,,1,0.03145902883261442,cpu
110e2bb7faee4eea,keyword_generic,full,0.0,,1,0.026999972760677338,cpu
a9b0fcddb517d2f7,keyword_generic,full,0.0,,1,0.05712499842047691,cpu
7d2d836d8576b670,keyword_generic,full,0.0,,1,0.037708901800215244,cpu
7cf41da4149b302a,keyword_generic,full,0.0,,1,0.023582950234413147,cpu
e473d59e1567335f,keyword_generic,full,0.0,,1,0.013082986697554588,cpu
26dc609d8b1687c8,keyword_generic,full,0.0,,1,0.02174999099224806,cpu
5f9ed11d9157a5ba,keyword_generic,full,0.0,,1,0.01908408012241125,cpu
996df01d058394d3,keyword_generic,full,0.0,,1,0.017415964975953102,cpu
eb7a96838108fb2b,keyword_generic,full,0.0,,1,0.02104195300489664,cpu
28e6ed57d998ccc0,keyword_generic,full,0.0,,1,0.017499900422990322,cpu
5f34dfe284bc420a,keyword_generic,full,0.0,,1,0.008375034667551517,cpu
c985aeefc9d5248e,keyword_generic,full,0.0,,1,0.03587501123547554,cpu
266a6c419881c5f4,keyword_generic,full,0.0,,1,0.019708997569978237,cpu
d30a7dacb2811f98,keyword_generic,full,0.0,,1,0.038291909731924534,cpu
9a402719893d63d8,keyword_generic,full,0.0,,1,0.023125088773667812,cpu
96e70dd69c0db434,keyword_generic,full,0.0,,1,0.028125010430812836,cpu
39848730761b0af9,keyword_generic,full,0.0,,1,0.03674998879432678,cpu
efb907151ec25be1,keyword_generic,full,0.0,,1,0.031832954846322536,cpu
18cd6c1cb08b1c17,keyword_generic,full,0.0,,1,0.021332991309463978,cpu
7471820011c89259,keyword_generic,full,0.0,,1,0.041458988562226295,cpu
5ce2f396fc40a5de,keyword_generic,full,0.0,,1,0.02745899837464094,cpu
2e917c8cfe8994ad,keyword_generic,full,0.0,,1,0.017000013031065464,cpu
a0d396c1fcc650c9,keyword_generic,full,0.0,,1,0.025582965463399887,cpu
da316399265bf9a7,keyword_generic,full,0.0,,1,0.022500054910779,cpu
697d3287e4417f1a,keyword_generic,full,0.0,,1,0.021082931198179722,cpu
2b7e1ff523050266,keyword_generic,full,0.0,,1,0.025124987587332726,cpu
305a979a2e7e986f,keyword_generic,full,0.0,,1,0.021082931198179722,cpu
1f92d4f1e6773035,keyword_generic,full,0.0,,1,0.012457952834665775,cpu
975a747cad16d2b9,keyword_generic,full,0.0,,1,0.03216706681996584,cpu
658d7e4160f4a8b4,keyword_generic,full,0.0,,1,0.017042038962244987,cpu
eeb54662ac8f35cd,keyword_generic,full,0.0,,1,0.03587501123547554,cpu
fc13f381b446a1c4,keyword_generic,full,0.0,,1,0.022833002731204033,cpu
0189f177abd1c67c,keyword_generic,full,0.0,,1,0.02574990503489971,cpu
8b0c8e3a7f9e6410,keyword_generic,full,0.0,,1,0.03316602669656277,cpu
b8dfd54aa9a4e0f4,keyword_generic,full,0.0,,1,0.03116705920547247,cpu
64d618620fb97f7c,keyword_generic,full,0.0,,1,0.019124941900372505,cpu
6d7d54dbf34fe5ee,keyword_generic,full,0.0,,1,0.03908306825906038,cpu
332fbf19e1d21658,keyword_generic,full,0.0,,1,0.025374931283295155,cpu
66f3f085735b3cbc,keyword_generic,full,0.0,,1,0.014625024050474167,cpu
a2a07bf28cc2c885,keyword_generic,full,0.0,,1,0.02350006252527237,cpu
1a3b8765161b2c44,keyword_generic,full,0.0,,1,0.020458013750612736,cpu
2282b2415a6a036c,keyword_generic,full,0.0,,1,0.019041006453335285,cpu
b8332b0698c64c46,keyword_generic,full,0.0,,1,0.02266606315970421,cpu
3fa6166c2898e146,keyword_generic,full,0.0,,1,0.019165920093655586,cpu
2e3cf5cc98ea1cbd,keyword_generic,full,0.0,,1,0.010124989785254002,cpu
61405cdda20e3068,keyword_generic,full,0.0,,1,0.03712496254593134,cpu
b83255370227bf23,keyword_generic,full,0.0,,1,0.021583051420748234,cpu
d050af5af0b0f9a2,keyword_generic,full,0.0,,1,0.0399579294025898,cpu
ebef3f0e76867fc6,keyword_generic,full,0.0,,1,0.026916037313640118,cpu
8dde528cf4ed0a27,keyword_generic,full,0.0,,1,0.029957969672977924,cpu
4dcfe847a901ec17,keyword_generic,full,0.0,,1,0.03708398435264826,cpu
d5894b516e8197c7,keyword_generic,full,0.0,,1,0.03283401019871235,cpu
1fd3d65425031132,keyword_generic,full,0.0,,1,0.023292028345167637,cpu
5bd16268212e1c46,keyword_generic,full,0.0,,1,0.04341709427535534,cpu
f666aa512de2721f,keyword_generic,full,0.0,,1,0.02954108640551567,cpu
836a36984891c134,keyword_generic,full,0.0,,1,0.019041006453335285,cpu
1965243f0d023361,keyword_generic,full,0.0,,1,0.027791946195065975,cpu
1c2efa9170df5a72,keyword_generic,full,0.0,,1,0.02475001383572817,cpu
a125e7a51fec39de,keyword_generic,full,0.0,,1,0.023417058400809765,cpu
f26d8b26fc86d015,keyword_generic,full,0.0,,1,0.027082976885139942,cpu
36a1dd75e0dc12b4,keyword_generic,full,0.0,,1,0.023166066966950893,cpu
9a101058f5949054,keyword_generic,full,0.0,,1,0.014374963939189911,cpu
57e4863861b4b269,keyword_generic,full,0.0,,1,0.041125109419226646,cpu
43282092db539762,keyword_generic,full,0.0,,1,0.025416957214474678,cpu
96aff1e71e57308a,keyword_generic,full,0.0,,1,0.0439999857917428,cpu
999bdf1433887bf8,keyword_generic,full,0.0,,1,0.028708018362522125,cpu
6b50b92f16ee9e89,keyword_generic,full,0.0,,1,0.03424996975809336,cpu
699a3fd4b581afec,keyword_generic,full,0.0,,1,0.041166902519762516,cpu
4e5fbf297e667af0,keyword_generic,full,0.0,,1,0.03654195461422205,cpu
0376640aa36c0098,keyword_generic,full,0.0,,1,0.026541994884610176,cpu
32da370a3709df33,keyword_generic,full,0.0,,1,0.04650000482797623,cpu
8f3587c7b7225255,keyword_generic,full,0.0,,1,0.03341701813042164,cpu
c476a95d3ba5748e,keyword_generic,full,0.0,,1,0.02237502485513687,cpu
6e5b21f96c5176ca,keyword_generic,full,0.0,,1,0.03091595135629177,cpu
78c922ee8e0491e3,keyword_generic,full,0.0,,1,0.02820801455527544,cpu
cee0301cfb2f7507,keyword_generic,full,0.0,,1,0.02679100725799799,cpu
b3910c0ecb20e4e3,keyword_generic,full,0.0,,1,0.030166003853082657,cpu
8300b2753a3b3fbc,keyword_generic,full,0.0,,1,0.02675002906471491,cpu
bad98dbf4247dbc4,keyword_generic,full,0.0,,1,0.01758395228534937,cpu
7065f61eb0d7352f,keyword_generic,full,1.0,4,1,0.031708041206002235,cpu
298ca1f4ee3c0944,keyword_generic,full,1.0,4,1,0.019042054191231728,cpu
ee6f799b886161cc,keyword_generic,full,1.0,4,1,0.032125040888786316,cpu
607dd3b66cc8d414,keyword_generic,full,1.0,4,1,0.018540886230766773,cpu
703b6c86ea25230c,keyword_generic,full,1.0,4,1,0.02362497616559267,cpu
fc5f6f9705a97103,keyword_generic,full,1.0,4,1,0.030583003535866737,cpu
90cc0753145b6290,keyword_generic,full,1.0,4,1,0.027667032554745674,cpu
b2ec418c7650bfd8,keyword_generic,full,1.0,4,1,0.016625039279460907,cpu
bfe4649bc925d068,keyword_generic,full,1.0,4,1,0.03466603811830282,cpu
0a0b584f755c45cf,keyword_generic,full,1.0,4,1,0.022332998923957348,cpu
965027e953c00976,keyword_generic,full,1.0,4,1,0.01366704236716032,cpu
02fc104e86925a01,keyword_generic,full,1.0,4,1,0.021124957129359245,cpu
1637e7c4deb24b95,keyword_generic,full,1.0,4,1,0.0185410026460886,cpu
ca1a2f27ef813f6d,keyword_generic,full,1.0,4,1,0.017666956409811974,cpu
3bc1d7cdfec679bb,keyword_generic,full,1.0,4,1,0.020749983377754688,cpu
7ff9f6bf03942436,keyword_generic,full,1.0,4,1,0.019875005818903446,cpu
7d98f86e45433c2d,keyword_generic,full,1.0,4,1,0.00895909033715725,cpu
d1d53986eebcf8e9,keyword_generic,full,2.0,0;5,1,0.04258297849446535,cpu
7d1aecc1011f0265,keyword_generic,full,2.0,0;5,1,0.025209039449691772,cpu
b534a69065710714,keyword_generic,full,2.0,0;5,1,0.039958045817911625,cpu
881bf9ecf87196cd,keyword_generic,full,2.0,0;5,1,0.028542010113596916,cpu
d172d73d114eb390,keyword_generic,full,2.0,0;5,1,0.03212492447346449,cpu
1646bb486fd95c0d,keyword_generic,full,2.0,0;5,1,0.03908306825906038,cpu
fae9cdb4c889adfb,keyword_generic,full,2.0,0;5,1,0.0363329891115427,cpu
ddb5bddb58c6ddce,keyword_generic,full,2.0,0;5,1,0.025499961338937283,cpu
6a15ec7edce4621f,keyword_generic,full,2.0,0;5,1,0.04449998959898949,cpu
dc780f51f8310214,keyword_generic,full,2.0,0;5,1,0.0338749960064888,cpu
98185f34571f711e,keyword_generic,full,2.0,0;5,1,0.022582942619919777,cpu
0496c9f5dc8698d6,keyword_generic,full,2.0,0;5,1,0.030250055715441704,cpu
ed322d123dae10aa,keyword_generic,full,2.0,0;5,1,0.027499976567924023,cpu
a46ea56236be9a24,keyword_generic,full,2.0,0;5,1,0.02675002906471491,cpu
c85624027c700054,keyword_generic,full,2.0,0;5,1,0.029791961424052715,cpu
84c1ddd937d7ef60,keyword_generic,full,2.0,0;5,1,0.02616702113300562,cpu
a4664a9ddd38d1c5,keyword_generic,full,2.0,0;5,1,0.01791701652109623,cpu
496b462ed46e5cad,keyword_generic,full,1.0,0,1,0.03408396150916815,cpu
4565b1bad02fc26a,keyword_generic,full,1.0,0,1,0.019000028260052204,cpu
c6c53967688b6914,keyword_generic,full,1.0,0,1,0.035334029234945774,cpu
77dd953e441d79a3,keyword_generic,full,1.0,0,1,0.022709020413458347,cpu
3589dd20de744097,keyword_generic,full,1.0,0,1,0.026708003133535385,cpu
554111eb241efa54,keyword_generic,full,1.0,0,1,0.0350000336766243,cpu
deb7c5f264ac97fe,keyword_generic,full,1.0,0,1,0.030459021218121052,cpu
4cdbdd8b925144c0,keyword_generic,full,1.0,0,1,0.0201669754460454,cpu
69f2e029f57ab6cf,keyword_generic,full,1.0,0,1,0.038499943912029266,cpu
5ddef1d74a07f1a1,keyword_generic,full,1.0,0,1,0.025667017325758934,cpu
39148bd861cb0daf,keyword_generic,full,1.0,0,1,0.035375007428228855,cpu
f05b4c3d8616becd,keyword_generic,full,1.0,0,1,0.039792037568986416,cpu
f0fb7b768a19e4dd,keyword_generic,full,1.0,0,1,0.02562499139457941,cpu
653770b6040d2831,keyword_generic,full,1.0,0,1,0.0226249685510993,cpu
67bedfb12396ee3f,keyword_generic,full,1.0,0,1,0.025250017642974854,cpu
790198b4ee297d5c,keyword_generic,full,1.0,0,1,0.020707957446575165,cpu
06e6d84cecc1ac9b,keyword_generic,full,1.0,0,1,0.012041069567203522,cpu
ab0afe670b3e9c10,keyword_generic,full,1.0,0,1,0.05670799873769283,cpu
80e1afcf3b6026d6,keyword_generic,full,1.0,0,1,0.03604101948440075,cpu
10094ae39e10190c,keyword_generic,full,1.0,0,1,0.050749978981912136,cpu
7b331878cc9db97d,keyword_generic,full,1.0,0,1,0.03724999260157347,cpu
446c80fe81b37f75,keyword_generic,full,1.0,0,1,0.04391605034470558,cpu
7917f92f4ea88b90,keyword_generic,full,1.0,0,1,0.04800001624971628,cpu
65cc8b482fbe367c,keyword_generic,full,1.0,0,1,0.0439999857917428,cpu
6b3244648a2714ab,keyword_generic,full,1.0,0,1,0.03324996214359999,cpu
b6d14c3900eb0a05,keyword_generic,full,1.0,0,1,0.051541952416300774,cpu
146cb018e4ad5885,keyword_generic,full,1.0,0,1,0.03912497777491808,cpu
727bb5202b2891eb,keyword_generic,full,1.0,0,1,0.029832939617335796,cpu
9af405babf3b6571,keyword_generic,full,1.0,0,1,0.0379589619114995,cpu
1a314d97a8257469,keyword_generic,full,1.0,0,1,0.03516697324812412,cpu
05a923ce73a9b1e8,keyword_generic,full,1.0,0,1,0.0363329891115427,cpu
c60a6eacb7743b82,keyword_generic,full,1.0,0,1,0.037416000850498676,cpu
840021a8b8931807,keyword_generic,full,1.0,0,1,0.033208983950316906,cpu
f6d3143ab6ab1abe,keyword_generic,full,1.0,0,1,0.02479099202901125,cpu
5ecdf6c74ad26e80,keyword_generic,full,2.0,0;4,1,0.046166940592229366,cpu
11ff95a93ef7adc1,keyword_generic,full,2.0,0;4,1,0.023667002096772194,cpu
ae7c4a9bbc50886a,keyword_generic,full,2.0,0;4,1,0.03691599704325199,cpu
2ad833b31a7b994b,keyword_generic,full,2.0,0;4,1,0.027499976567924023,cpu
a76ef213354c637c,keyword_generic,full,2.0,0;4,1,0.03095890861004591,cpu
731cfb5cd3c2fbf8,keyword_generic,full,2.0,0;4,1,0.03758305683732033,cpu
aa2c3d7c0267a475,keyword_generic,full,2.0,0;4,1,0.0350000336766243,cpu
73e8604741f66fc7,keyword_generic,full,2.0,0;4,1,0.023541972041130066,cpu
919c36caf159111e,keyword_generic,full,2.0,0;4,1,0.03945804201066494,cpu
4de16110bcb0aa9a,keyword_generic,full,2.0,0;4,1,0.0285410787910223,cpu
699443d1a236b299,keyword_generic,full,2.0,0;4,1,0.021124957129359245,cpu
216b775b73d1a131,keyword_generic,full,2.0,0;4,1,0.028250040486454964,cpu
a01e974c4a090c16,keyword_generic,full,2.0,0;4,1,0.025667017325758934,cpu
e99833f9b99dcefb,keyword_generic,full,2.0,0;4,1,0.0253340695053339,cpu
cecf3df6f6cd5bd3,keyword_generic,full,2.0,0;4,1,0.02820801455527544,cpu
0111782af90bfe47,keyword_generic,full,2.0,0;4,1,0.024499953724443913,cpu
7e8b146ce4a8651a,keyword_generic,full,2.0,0;4,1,0.01654098741710186,cpu
25622b5a6db50395,keyword_generic,full,1.0,0,1,0.03912497777491808,cpu
46a04c70f427b36f,keyword_generic,full,1.0,0,1,0.02320797648280859,cpu
b0dc9e534ade2727,keyword_generic,full,1.0,0,1,0.03899994771927595,cpu
4c7f5d54b6639b62,keyword_generic,full,1.0,0,1,0.026708003133535385,cpu
202dcb1dc4983091,keyword_generic,full,1.0,0,1,0.030957977287471294,cpu
645423cf61566c91,keyword_generic,full,1.0,0,1,0.037792022339999676,cpu
588b78798c077cae,keyword_generic,full,1.0,0,1,0.048749963752925396,cpu
0c713c8799b98ac6,keyword_generic,full,1.0,0,1,0.02820801455527544,cpu
2a9d30486cfb0813,keyword_generic,full,1.0,0,1,0.044166925363242626,cpu
6fa9ce230546729b,keyword_generic,full,1.0,0,1,0.03133295103907585,cpu
bf704cdace898e66,keyword_generic,full,1.0,0,1,0.02437504008412361,cpu
7729afec28e56e96,keyword_generic,full,1.0,0,1,0.028999987989664078,cpu
b213114078949531,keyword_generic,full,1.0,0,1,0.02650008536875248,cpu
0ab90ff593d0ae38,keyword_generic,full,1.0,0,1,0.025333021767437458,cpu
a83a3ab6ce9c329e,keyword_generic,full,1.0,0,1,0.02883397974073887,cpu
280aa16f1112d680,keyword_generic,full,1.0,0,1,0.024958979338407516,cpu
cca3586ecf70b102,keyword_generic,full,1.0,0,1,0.01625006552785635,cpu
3a12ac1fc32808de,keyword_generic,full,1.0,0,1,0.03716605715453625,cpu
5f951abae3c40628,keyword_generic,full,1.0,0,1,0.02158398274332285,cpu
f24b6e48785faa60,keyword_generic,full,1.0,0,1,0.03825000021606684,cpu
fd90c4db7692eed6,keyword_generic,full,1.0,0,1,0.025792047381401062,cpu
7f1e86af646d35ae,keyword_generic,full,1.0,0,1,0.030250055715441704,cpu
3bb9fe0d510f11af,keyword_generic,full,1.0,0,1,0.03645801916718483,cpu
0091617cfab087ac,keyword_generic,full,1.0,0,1,0.0362499849870801,cpu
b9f4b9ddbd58f27a,keyword_generic,full,1.0,0,1,0.02266594674438238,cpu
a05330dd9715ec0b,keyword_generic,full,1.0,0,1,0.041041988879442215,cpu
fefd98ebd1b661cc,keyword_generic,full,1.0,0,1,0.02862501423805952,cpu
e29c005f510be8c8,keyword_generic,full,1.0,0,1,0.019165920093655586,cpu
44a5cefbd51ae96e,keyword_generic,full,1.0,0,1,0.027125002816319466,cpu
222c3fb9f3613cbd,keyword_generic,full,1.0,0,1,0.024792039766907692,cpu
0f9e73795263d15b,keyword_generic,full,1.0,0,1,0.023582950234413147,cpu
5ccc6871b76f4ae7,keyword_generic,full,1.0,0,1,0.026875059120357037,cpu
8945f69a38eb800b,keyword_generic,full,1.0,0,1,0.02320797648280859,cpu
b344d9abb3898232,keyword_generic,full,1.0,0,1,0.014457968063652515,cpu
f010c4c2a38d8355,keyword_generic,full,1.0,0,1,0.03674998879432678,cpu
7175b8f3f8b76f33,keyword_generic,full,1.0,0,1,0.021499930880963802,cpu
6d649221e3fc94d8,keyword_generic,full,1.0,0,1,0.03787502646446228,cpu
439530cfce6c4d2d,keyword_generic,full,1.0,0,1,0.025292043574154377,cpu
cbdd068220367a20,keyword_generic,full,1.0,0,1,0.03004202153533697,cpu
d8df64cef03a8847,keyword_generic,full,1.0,0,1,0.037416000850498676,cpu
c17616310517dd76,keyword_generic,full,1.0,0,1,0.03370898775756359,cpu
0b0b95d7aedf219f,keyword_generic,full,1.0,0,1,0.022500054910779,cpu
7644b5baf80a1086,keyword_generic,full,1.0,0,1,0.04012498538941145,cpu
0e2a3a5a8b14bf19,keyword_generic,full,1.0,0,1,0.027791946195065975,cpu
8492c8ca38dfdb13,keyword_generic,full,1.0,0,1,0.018750084564089775,cpu
0d25c2e236f7dfea,keyword_generic,full,1.0,0,1,0.026499968953430653,cpu
d21816319f5493e6,keyword_generic,full,1.0,0,1,0.024209031835198402,cpu
8e2d66a3f26e4b0f,keyword_generic,full,1.0,0,1,0.02295803278684616,cpu
a90a0c8eea965f6e,keyword_generic,full,1.0,0,1,0.026124995201826096,cpu
8cf68b06234c4e25,keyword_generic,full,1.0,0,1,0.022500054910779,cpu
fe63b862c4bf86c8,keyword_generic,full,1.0,0,1,0.01425005029886961,cpu
993113824715fcd9,keyword_generic,full,1.0,0,1,0.05645898636430502,cpu
a366739a2f4b5728,keyword_generic,full,1.0,0,1,0.044625019654631615,cpu
78f6af43dd11cdbf,keyword_generic,full,1.0,0,1,0.058542005717754364,cpu
eccf02903f362bb5,keyword_generic,full,1.0,0,1,0.0452499371021986,cpu
f9b16f4b9a047b66,keyword_generic,full,1.0,0,1,0.04966591950505972,cpu
1352995917bdfe37,keyword_generic,full,1.0,0,1,0.056709046475589275,cpu
41e901f86995aad4,keyword_generic,full,1.0,0,1,0.05324999801814556,cpu
363d680551f46e42,keyword_generic,full,1.0,0,1,0.042791012674570084,cpu
2127d0f19d5b1dfa,keyword_generic,full,1.0,0,1,0.06116705480962992,cpu
63e4cb714437d964,keyword_generic,full,1.0,0,1,0.04829093813896179,cpu
1e0190e313073862,keyword_generic,full,1.0,0,1,0.0391670037060976,cpu
ba31c547f85466d4,keyword_generic,full,1.0,0,1,0.047083012759685516,cpu
af3de2c843eb1000,keyword_generic,full,1.0,0,1,0.04462490323930979,cpu
4d9f91df8ffb33a9,keyword_generic,full,1.0,0,1,0.04354200791567564,cpu
b637f2abc96c1db2,keyword_generic,full,1.0,0,1,0.04691700451076031,cpu
6d027c6422534efb,keyword_generic,full,1.0,0,1,0.04316703416407108,cpu
14222baf338a3c45,keyword_generic,full,1.0,0,1,0.03441702574491501,cpu
27405f8ad3a5c0b0,keyword_generic,full,1.0,0,1,0.04687509499490261,cpu
2e45a002f99e0d3f,keyword_generic,full,1.0,0,1,0.0315000070258975,cpu
ef0244f113b7e0b0,keyword_generic,full,1.0,0,1,0.06108300294727087,cpu
40be93245669f5de,keyword_generic,full,1.0,0,1,0.038624973967671394,cpu
230fa84f5d4cf7bb,keyword_generic,full,1.0,0,1,0.03979098983108997,cpu
5cee851f3238d875,keyword_generic,full,1.0,0,1,0.04554097540676594,cpu
54419d0e9e17182b,keyword_generic,full,1.0,0,1,0.041499966755509377,cpu
296aae6605a63d0c,keyword_generic,full,1.0,0,1,0.031000003218650818,cpu
513cb3218617265f,keyword_generic,full,1.0,0,1,0.04883401561528444,cpu
2ab1d74d67e2c64a,keyword_generic,full,1.0,0,1,0.03683299291878939,cpu
840ac20a88fdcd7a,keyword_generic,full,1.0,0,1,0.027582980692386627,cpu
9dd7f69683396d01,keyword_generic,full,1.0,0,1,0.034791999496519566,cpu
0593af6f85ee062d,keyword_generic,full,1.0,0,1,0.03258301876485348,cpu
85095807c6865f4b,keyword_generic,full,1.0,0,1,0.031166942790150642,cpu
212cb9894a12b5e1,keyword_generic,full,1.0,0,1,0.034708064049482346,cpu
d9bd02fda0892831,keyword_generic,full,1.0,0,1,0.030957977287471294,cpu
e2b6636a5c5f7e6f,keyword_generic,full,1.0,0,1,0.022541964426636696,cpu
bca24534f2d711b8,keyword_generic,full,1.0,0,1,0.03929203376173973,cpu
d3d6904ffad120ed,keyword_generic,full,1.0,0,1,0.024082954041659832,cpu
b692f2f71dd7f1d6,keyword_generic,full,1.0,0,1,0.03975001163780689,cpu
d43cb0f2d1113abb,keyword_generic,full,1.0,0,1,0.027791946195065975,cpu
0ab220e700aa4ef4,keyword_generic,full,1.0,0,1,0.0314170029014349,cpu
18679c356192eb43,keyword_generic,full,1.0,0,1,0.03845803439617157,cpu
8d3a10daac669e77,keyword_generic,full,1.0,0,1,0.03516604192554951,cpu
30293ea1ccfa94f1,keyword_generic,full,1.0,0,1,0.024999957531690598,cpu
dd571349b71e3c2a,keyword_generic,full,1.0,0,1,0.0426670303568244,cpu
78b03cf100f5a8b4,keyword_generic,full,1.0,0,1,0.030665891245007515,cpu
eceab4a94deda9a8,keyword_generic,full,1.0,0,1,0.021666986867785454,cpu
ef6f53baf7ddeafb,keyword_generic,full,1.0,0,1,0.029582995921373367,cpu
d68f3ad12b49fb10,keyword_generic,full,1.0,0,1,0.026916968636214733,cpu
9dddf56f689a0139,keyword_generic,full,1.0,0,1,0.025707995519042015,cpu
d7394910432b6136,keyword_generic,full,1.0,0,1,0.028999987989664078,cpu
c49233e62c3d1750,keyword_generic,full,1.0,0,1,0.02537504769861698,cpu
b6b0fcfa1a33efbc,keyword_generic,full,1.0,0,1,0.017125043086707592,cpu
3365d367852a32ad,keyword_generic,full,1.0,0,1,0.04291697405278683,cpu
6a35a73bad196f24,keyword_generic,full,1.0,0,1,0.028374954126775265,cpu
e9a2f8c18d673c36,keyword_generic,full,1.0,0,1,0.05674990825355053,cpu
3a66ae648453e40a,keyword_generic,full,1.0,0,1,0.037792022339999676,cpu
cd910272aeb982a4,keyword_generic,full,1.0,0,1,0.0375829404219985,cpu
aedad81a9e212c74,keyword_generic,full,1.0,0,1,0.04783296026289463,cpu
f4a6ef0e01a6322c,keyword_generic,full,1.0,0,1,0.0439999857917428,cpu
6b291c86d16d74eb,keyword_generic,full,1.0,0,1,0.030374969355762005,cpu
c5d7364914bfbabb,keyword_generic,full,1.0,0,1,0.046999892219901085,cpu
89dcc5d2d89614f9,keyword_generic,full,1.0,0,1,0.03570900298655033,cpu
8b4bdc34568c0afd,keyword_generic,full,1.0,0,1,0.02687494270503521,cpu
b044549e5dbcdf16,keyword_generic,full,1.0,0,1,0.034415978007018566,cpu
9bd16cc3ec5dda78,keyword_generic,full,1.0,0,1,0.0314170029014349,cpu
4d23c99b32e1596b,keyword_generic,full,1.0,0,1,0.030084047466516495,cpu
8925c81df7f793f8,keyword_generic,full,1.0,0,1,0.03341701813042164,cpu
f59e5aa10e541efd,keyword_generic,full,1.0,0,1,0.031208968721330166,cpu
e21a8fa6b9e3771e,keyword_generic,full,1.0,0,1,0.02195802517235279,cpu
bdcf7070c1f40390,keyword_generic,full,1.0,0,1,0.03999995533376932,cpu
ef2228f195b79b2b,keyword_generic,full,1.0,0,1,0.028708018362522125,cpu
adc2414ecac69631,keyword_generic,full,1.0,0,1,0.04145805723965168,cpu
543403a5adb49681,keyword_generic,full,1.0,0,1,0.02845900598913431,cpu
19b77efbafd37971,keyword_generic,full,1.0,0,1,0.03229198046028614,cpu
3c0ca03db4bf7237,keyword_generic,full,1.0,0,1,0.03858411218971014,cpu
b5ce7a035184dbca,keyword_generic,full,1.0,0,1,0.03516697324812412,cpu
bed44aeeb8e8db4e,keyword_generic,full,1.0,0,1,0.025333021767437458,cpu
5bc21e2ee554bf6e,keyword_generic,full,1.0,0,1,0.05466700531542301,cpu
8fe6392bbad65100,keyword_generic,full,1.0,0,1,0.03541703335940838,cpu
8fd67fcfb503500a,keyword_generic,full,1.0,0,1,0.02174999099224806,cpu
0c03f1efc773b0ef,keyword_generic,full,1.0,0,1,0.03041699528694153,cpu
b2e105e6e8d1b430,keyword_generic,full,1.0,0,1,0.030666938982903957,cpu
bb40a1f3bd541080,keyword_generic,full,1.0,0,1,0.026417081244289875,cpu
5a6ad846befd10b5,keyword_generic,full,1.0,0,1,0.045874970965087414,cpu
d7a07249fdcd984e,keyword_generic,full,1.0,0,1,0.025916961021721363,cpu
8d0cacbe349e23c3,keyword_generic,full,1.0,0,1,0.02504198346287012,cpu
fd558fade65a403c,keyword_generic,full,2.0,0;6,1,0.04466692917048931,cpu
b79f70278a1509f1,keyword_generic,full,2.0,0;6,1,0.029374961741268635,cpu
57b3d6a82eff97a0,keyword_generic,full,2.0,0;6,1,0.04879198968410492,cpu
34688db6083ff531,keyword_generic,full,2.0,0;6,1,0.03204203676432371,cpu
035c8ae71f01941c,keyword_generic,full,2.0,0;6,1,0.03520806785672903,cpu
440e9acf16aeb868,keyword_generic,full,2.0,0;6,1,0.04329090006649494,cpu
f1bc253429a66651,keyword_generic,full,2.0,0;6,1,0.048708985559642315,cpu
af822595a66a3d58,keyword_generic,full,2.0,0;6,1,0.029832939617335796,cpu
c717a0b8a6a77117,keyword_generic,full,2.0,0;6,1,0.045166932977735996,cpu
0f992352c9ca268a,keyword_generic,full,2.0,0;6,1,0.0350830378010869,cpu
2669a6d001dd6610,keyword_generic,full,2.0,0;6,1,0.026541994884610176,cpu
51b62e0a00dbae10,keyword_generic,full,2.0,0;6,1,0.033041927963495255,cpu
f278bfe1977eb8b4,keyword_generic,full,2.0,0;6,1,0.031000003218650818,cpu
77f1ff8b24a68f18,keyword_generic,full,2.0,0;6,1,0.03687501884996891,cpu
527c6b2c19abb9ea,keyword_generic,full,2.0,0;6,1,0.033917021937668324,cpu
ba4fc0e634e158a6,keyword_generic,full,2.0,0;6,1,0.030000112019479275,cpu
e9cedf50312d033f,keyword_generic,full,2.0,0;6,1,0.022041029296815395,cpu
f1d22b5556571b8a,keyword_generic,full,1.0,0,1,0.04245794843882322,cpu
b868b882e5970900,keyword_generic,full,1.0,0,1,0.027374946512281895,cpu
53f455c0b89e255f,keyword_generic,full,1.0,0,1,0.04325003828853369,cpu
b23487e5ed751be4,keyword_generic,full,1.0,0,1,0.03204203676432371,cpu
34eec54813d341f4,keyword_generic,full,1.0,0,1,0.03499991726130247,cpu
ce0d6a3bc89e3b3e,keyword_generic,full,1.0,0,1,0.0415419926866889,cpu
ef1c2d9f8c91b2f9,keyword_generic,full,1.0,0,1,0.03829097840934992,cpu
9b05de1179ff25db,keyword_generic,full,1.0,0,1,0.029291026294231415,cpu
5baa7044ab251775,keyword_generic,full,1.0,0,1,0.0464579788967967,cpu
e500a02bd39f56e5,keyword_generic,full,1.0,0,1,0.03424996975809336,cpu
bdf4a8a2777d56a4,keyword_generic,full,1.0,0,1,0.025292043574154377,cpu
c9f1cddb62e252e4,keyword_generic,full,1.0,0,1,0.03658293280750513,cpu
090cd10bb440039b,keyword_generic,full,1.0,0,1,0.030957977287471294,cpu
84949aa397bfcca0,keyword_generic,full,1.0,0,1,0.02975005190819502,cpu
7bd8f7060a0f9315,keyword_generic,full,1.0,0,1,0.032708048820495605,cpu
cf5de4cb954f26ea,keyword_generic,full,1.0,0,1,0.028791953809559345,cpu
cb84a49967943ae2,keyword_generic,full,1.0,0,1,0.02037500962615013,cpu
4fbbc31b741eea7d,keyword_generic,full,1.0,0,1,0.057333032600581646,cpu
5a45397bfd32b631,keyword_generic,full,1.0,0,1,0.03287498839199543,cpu
f2ee7a74a062ba23,keyword_generic,full,1.0,0,1,0.048792106099426746,cpu
d483b27bc68aecbe,keyword_generic,full,1.0,0,1,0.032791984267532825,cpu
30da8865008ff7a9,keyword_generic,full,1.0,0,1,0.039207981899380684,cpu
4fe8f7da161cfcb3,keyword_generic,full,1.0,0,1,0.044708955101668835,cpu
ea0eae12144c9ee8,keyword_generic,full,1.0,0,1,0.04024989902973175,cpu
aa328fffb89e572a,keyword_generic,full,1.0,0,1,0.031083007343113422,cpu
2586e95498d27bbc,keyword_generic,full,1.0,0,1,0.055875047110021114,cpu
f57db9d83ffba068,keyword_generic,full,1.0,0,1,0.0468340003862977,cpu
54e0d86a3fc42fad,keyword_generic,full,1.0,0,1,0.02933293581008911,cpu
2978c234a588f647,keyword_generic,full,1.0,0,1,0.035833101719617844,cpu
b04d6b1bc8cd1e2f,keyword_generic,full,1.0,0,1,0.033334014005959034,cpu
38a8e0be3e063b03,keyword_generic,full,1.0,0,1,0.03183307126164436,cpu
ce75db0ff13ccbf2,keyword_generic,full,1.0,0,1,0.03545789513736963,cpu
a48e4f7215231dd0,keyword_generic,full,1.0,0,1,0.037499936297535896,cpu
4b61f93a7e855c07,keyword_generic,full,1.0,0,1,0.022792024537920952,cpu
7fdb6a5e588f7805,keyword_generic,full,2.0,0;4,1,0.04091695882380009,cpu
8c7f7c28d16281e3,keyword_generic,full,2.0,0;4,1,0.030791969038546085,cpu
08888d4eb45b8893,keyword_generic,full,2.0,0;4,1,0.04304095637053251,cpu
4c7c0fd329cbb0e5,keyword_generic,full,2.0,0;4,1,0.04708394408226013,cpu
3071095f22969b7c,keyword_generic,full,2.0,0;4,1,0.033250078558921814,cpu
1d34d9bc4e28202a,keyword_generic,full,2.0,0;4,1,0.03854208625853062,cpu
162ca106bd62d298,keyword_generic,full,2.0,0;4,1,0.03662507515400648,cpu
070e60a214b6afac,keyword_generic,full,2.0,0;4,1,0.025041052140295506,cpu
b89b6a4f9cfff08f,keyword_generic,full,2.0,0;4,1,0.04054093733429909,cpu
d326759686f538f5,keyword_generic,full,2.0,0;4,1,0.13387494254857302,cpu
c1d2256098f4e226,keyword_generic,full,2.0,0;4,1,0.02591591328382492,cpu
ded5280f34c84077,keyword_generic,full,2.0,0;4,1,0.03362505231052637,cpu
e1de51040027faed,keyword_generic,full,2.0,0;4,1,0.029708025977015495,cpu
35eb5caf04285715,keyword_generic,full,2.0,0;4,1,0.02729194238781929,cpu
c72b7dc29d2b8feb,keyword_generic,full,2.0,0;4,1,0.032624928280711174,cpu
afe7c34f17be311a,keyword_generic,full,2.0,0;4,1,0.028709066100418568,cpu
44a5300fe61f460d,keyword_generic,full,2.0,0;4,1,0.021957908757030964,cpu
124667c84137dbcf,keyword_generic,full,1.0,0,1,0.041624996811151505,cpu
9cd5b1f1c10f99e7,keyword_generic,full,1.0,0,1,0.043665990233421326,cpu
ef5b08e4f6c526fe,keyword_generic,full,1.0,0,1,0.04591699689626694,cpu
5ca3c1d82360f003,keyword_generic,full,1.0,0,1,0.030957977287471294,cpu
1e208928b008c7f5,keyword_generic,full,1.0,0,1,0.03424996975809336,cpu
b5161a85c0f6fa85,keyword_generic,full,1.0,0,1,0.040541053749620914,cpu
bc36804eceab2179,keyword_generic,full,1.0,0,1,0.036833924241364,cpu
ac10bffe671842e0,keyword_generic,full,1.0,0,1,0.026499968953430653,cpu
3c6f09b38d3a55b8,keyword_generic,full,1.0,0,1,0.04445808008313179,cpu
0b1fb6e06e019bc6,keyword_generic,full,1.0,0,1,0.03233295865356922,cpu
42efadbccc37fb45,keyword_generic,full,1.0,0,1,0.02304196823388338,cpu
3d39c9aae87653fd,keyword_generic,full,1.0,0,1,0.03145798109471798,cpu
10c83fdab3d61172,keyword_generic,full,1.0,0,1,0.028333044610917568,cpu
3140cacbc5ae31ee,keyword_generic,full,1.0,0,1,0.02704199869185686,cpu
6d9e3a40870fa4e5,keyword_generic,full,1.0,0,1,0.030583003535866737,cpu
e6275148e1a10f69,keyword_generic,full,1.0,0,1,0.026582973077893257,cpu
a8a5e78500d72932,keyword_generic,full,1.0,0,1,0.018249964341521263,cpu
42fb3ecdfe7481ed,keyword_generic,full,1.0,0,1,0.0386660685762763,cpu
8c75b55df0bc08fa,keyword_generic,full,1.0,0,1,0.025582965463399887,cpu
d4ff2cd8ba8bd794,keyword_generic,full,1.0,0,1,0.04225003067404032,cpu
4ff7576781b4762f,keyword_generic,full,1.0,0,1,0.03133306745439768,cpu
73889116c486ad61,keyword_generic,full,1.0,0,1,0.030665891245007515,cpu
d83d4660e91f190e,keyword_generic,full,1.0,0,1,0.037667108699679375,cpu
bfc106a9eb32a943,keyword_generic,full,1.0,0,1,0.03429199568927288,cpu
c3a26bac27711bdb,keyword_generic,full,1.0,0,1,0.02404197584837675,cpu
75f798dbf157a8aa,keyword_generic,full,1.0,0,1,0.04158308729529381,cpu
90c89a325a2599bd,keyword_generic,full,1.0,0,1,0.029542017728090286,cpu
3bffce71fe678e9f,keyword_generic,full,1.0,0,1,0.020666979253292084,cpu
3bd4d196a6ca0981,keyword_generic,full,1.0,0,1,0.028333975933492184,cpu
f2dc85fcc1454745,keyword_generic,full,1.0,0,1,0.025916961021721363,cpu
19fc6952015078bc,keyword_generic,full,1.0,0,1,0.024957931600511074,cpu
d539eb2200bcad73,keyword_generic,full,1.0,0,1,0.031791976653039455,cpu
1fb733133fa39ebf,keyword_generic,full,1.0,0,1,0.025833025574684143,cpu
6c1b0bd1432d2bd1,keyword_generic,full,1.0,0,1,0.024417066015303135,cpu
b7bfd89a2516a61f,keyword_generic,full,1.0,0,1,0.04854192957282066,cpu
6d16f706f7ef2ec7,keyword_generic,full,1.0,0,1,0.027667032554745674,cpu
1a700b0b060b750b,keyword_generic,full,1.0,0,1,0.04537496715784073,cpu
fda1d739e6022ef8,keyword_generic,full,1.0,0,1,0.02987496554851532,cpu
fe7a616af6676300,keyword_generic,full,1.0,0,1,0.03374996595084667,cpu
b9cf5d46e2209e53,keyword_generic,full,1.0,0,1,0.043541076593101025,cpu
712325c577664f7b,keyword_generic,full,1.0,0,1,0.05062494892627001,cpu
546c6e1c1ee03eb0,keyword_generic,full,1.0,0,1,0.029791961424052715,cpu
a16573dcc6892898,keyword_generic,full,1.0,0,1,0.06150000263005495,cpu
4aa87bbe8a06d6bf,keyword_generic,full,1.0,0,1,0.036917044781148434,cpu
5591f99dfba02ec0,keyword_generic,full,1.0,0,1,0.025499961338937283,cpu
9ba32bfc6ddb9845,keyword_generic,full,1.0,0,1,0.03245903644710779,cpu
adf2050b9f732ce4,keyword_generic,full,1.0,0,1,0.029708025977015495,cpu
c1a27b609d1e32e8,keyword_generic,full,1.0,0,1,0.028084032237529755,cpu
77f5081f7cc45662,keyword_generic,full,1.0,0,1,0.03229209687560797,cpu
d5d949b8ec317085,keyword_generic,full,1.0,0,1,0.02816703636199236,cpu
1c0daf7376300750,keyword_generic,full,1.0,0,1,0.019249971956014633,cpu
006a3b579a31fae1,keyword_generic,full,1.0,0,1,0.03841693978756666,cpu
6c0c8d3168b11e7b,keyword_generic,full,1.0,0,1,0.022541964426636696,cpu
f7f1fde488573f43,keyword_generic,full,1.0,0,1,0.03987504169344902,cpu
e19d85eeded8b64e,keyword_generic,full,1.0,0,1,0.027125002816319466,cpu
2560a554987e7b09,keyword_generic,full,1.0,0,1,0.03095809370279312,cpu
472064b450812081,keyword_generic,full,1.0,0,1,0.03699993249028921,cpu
7a47d8974158a4cc,keyword_generic,full,1.0,0,1,0.03358407411724329,cpu
a2a8d172b846adaa,keyword_generic,full,1.0,0,1,0.024541979655623436,cpu
9f814b8bd0c8fcc3,keyword_generic,full,1.0,0,1,0.04199997056275606,cpu
3e018a30578dc921,keyword_generic,full,1.0,0,1,0.02945796586573124,cpu
97eface20bc9cbc2,keyword_generic,full,1.0,0,1,0.020415987819433212,cpu
449fa79ce1c00bd1,keyword_generic,full,1.0,0,1,0.03341701813042164,cpu
b1647cb55e98a701,keyword_generic,full,1.0,0,1,0.02537504769861698,cpu
ab454273c5122e72,keyword_generic,full,1.0,0,1,0.02516701351851225,cpu
6d3b9453ef4626f8,keyword_generic,full,1.0,0,1,0.02795807085931301,cpu
e16de0265c49ee62,keyword_generic,full,1.0,0,1,0.023999949917197227,cpu
fe1d8439e4748c14,keyword_generic,full,1.0,0,1,0.015625031664967537,cpu
40d77261f24414fb,keyword_generic,full,1.0,0,1,0.04091695882380009,cpu
23d72b2e97cdb44e,keyword_generic,full,1.0,0,1,0.027249916456639767,cpu
af44de3998076d71,keyword_generic,full,1.0,0,1,0.04312500823289156,cpu
a02af55985fc4dd9,keyword_generic,full,1.0,0,1,0.030708033591508865,cpu
48cc6c61ceeb93a9,keyword_generic,full,1.0,0,1,0.03424996975809336,cpu
cd718a8c6f616d3c,keyword_generic,full,1.0,0,1,0.040790997445583344,cpu
2de0f2a76c8b7aa6,keyword_generic,full,1.0,0,1,0.03854208625853062,cpu
81513b38c46378fb,keyword_generic,full,1.0,0,1,0.02762500662356615,cpu
42e21954821628ff,keyword_generic,full,1.0,0,1,0.05341600626707077,cpu
4351aa86c4a89b3b,keyword_generic,full,1.0,0,1,0.033250078558921814,cpu
950dde9b8f863e51,keyword_generic,full,1.0,0,1,0.023916945792734623,cpu
83decfda48ed3e38,keyword_generic,full,1.0,0,1,0.03300001844763756,cpu
970549b04c284203,keyword_generic,full,1.0,0,1,0.035958015359938145,cpu
f0bf296fff67fb40,keyword_generic,full,1.0,0,1,0.0290420139208436,cpu
47307cbfbe122a7c,keyword_generic,full,1.0,0,1,0.03175006713718176,cpu
aebdbc0500c39c58,keyword_generic,full,1.0,0,1,0.027833040803670883,cpu
1710f1f0ec2ab4c9,keyword_generic,full,1.0,0,1,0.01950003206729889,cpu
28300f61dd1ca5cb,keyword_generic,full,1.0,0,1,0.036917044781148434,cpu
f05ee848697bdeaf,keyword_generic,full,1.0,0,1,0.027082976885139942,cpu
9c8de8a057bbfe8e,keyword_generic,full,1.0,0,1,0.04075001925230026,cpu
45716cd41951e6e8,keyword_generic,full,1.0,0,1,0.02916704397648573,cpu
de2fe2155496bad5,keyword_generic,full,1.0,0,1,0.03204098902642727,cpu
d192a36d649420d4,keyword_generic,full,1.0,0,1,0.036958022974431515,cpu
e21a5627b97f0cd5,keyword_generic,full,1.0,0,1,0.03374996595084667,cpu
860477970deccb5c,keyword_generic,full,1.0,0,1,0.0237500062212348,cpu
6a67c82166a50ac5,keyword_generic,full,1.0,0,1,0.04158401861786842,cpu
4cd16651fb05efbc,keyword_generic,full,1.0,0,1,0.02945796586573124,cpu
cd36f10561c489a2,keyword_generic,full,1.0,0,1,0.02004194539040327,cpu
7f45f4bd3a9bcf4b,keyword_generic,full,1.0,0,1,0.027916976250708103,cpu
bc7e2d683c63a808,keyword_generic,full,1.0,0,1,0.025541987270116806,cpu
922bbd68748de4ef,keyword_generic,full,1.0,0,1,0.02433406189084053,cpu
6a6022f29c272d95,keyword_generic,full,1.0,0,1,0.03279093652963638,cpu
a95745dc93e0d069,keyword_generic,full,1.0,0,1,0.023916945792734623,cpu
d9d0f510f9da7b14,keyword_generic,full,1.0,0,1,0.015374971553683281,cpu
6650a31aa50b6de2,keyword_generic,full,2.0,0;7,1,0.0439999857917428,cpu
0c0184e7a5137294,keyword_generic,full,2.0,0;7,1,0.028624897822737694,cpu
249f33e76c0841ee,keyword_generic,full,2.0,0;7,1,0.04775007255375385,cpu
ef1f23ace7c891ee,keyword_generic,full,2.0,0;7,1,0.03216706681996584,cpu
fac34eaa1d366aac,keyword_generic,full,2.0,0;7,1,0.035624951124191284,cpu
ac834bd58ae0d68c,keyword_generic,full,2.0,0;7,1,0.055832904763519764,cpu
a9af6a4599d46347,keyword_generic,full,2.0,0;7,1,0.04170800093561411,cpu
90d35bb388363151,keyword_generic,full,2.0,0;7,1,0.029333052225410938,cpu
9a3425d7aa31c3bd,keyword_generic,full,2.0,0;7,1,0.045000109821558,cpu
8a031aa60d58c466,keyword_generic,full,2.0,0;7,1,0.03400002606213093,cpu
05ca6d461f79e6aa,keyword_generic,full,2.0,0;7,1,0.026084017008543015,cpu
302ddb87acc4c920,keyword_generic,full,2.0,0;7,1,0.033041927963495255,cpu
0bff5205dadeefbf,keyword_generic,full,2.0,0;7,1,0.03166601527482271,cpu
e9c41333b313c5f5,keyword_generic,full,2.0,0;7,1,0.030540977604687214,cpu
ef8abe12a6fc37e9,keyword_generic,full,2.0,0;7,1,0.033250078558921814,cpu
5aff59fc4e845dc7,keyword_generic,full,2.0,0;7,1,0.029666000045835972,cpu
896a878fb34b87b9,keyword_generic,full,2.0,0;7,1,0.021708081476390362,cpu
6152db23714162f9,keyword_generic,full,1.0,0,1,0.03866699989885092,cpu
564bb1e22db5c7dd,keyword_generic,full,1.0,0,1,0.02337503246963024,cpu
0e3bd322f0052b65,keyword_generic,full,1.0,0,1,0.03945792559534311,cpu
590f805a5c8be2db,keyword_generic,full,1.0,0,1,0.026875059120357037,cpu
d90c2e50ef884e99,keyword_generic,full,1.0,0,1,0.03062502946704626,cpu
e08d9e80f5d8a549,keyword_generic,full,1.0,0,1,0.0374580267816782,cpu
e9df62690b89d742,keyword_generic,full,1.0,0,1,0.03450002986937761,cpu
04be07a5337feac5,keyword_generic,full,1.0,0,1,0.028540962375700474,cpu
699754f465a82ad4,keyword_generic,full,1.0,0,1,0.045166932977735996,cpu
a4767e765da45b89,keyword_generic,full,1.0,0,1,0.029791961424052715,cpu
b2a0db7bd8dce8b2,keyword_generic,full,1.0,0,1,0.02158398274332285,cpu
a34b6dc69a4bd472,keyword_generic,full,1.0,0,1,0.029957969672977924,cpu
ecd368ab6f620a90,keyword_generic,full,1.0,0,1,0.02670893445611,cpu
35bc9b5470067595,keyword_generic,full,1.0,0,1,0.025583896785974503,cpu
647ab22efae3210d,keyword_generic,full,1.0,0,1,0.02833292819559574,cpu
98d656d9149c26c7,keyword_generic,full,1.0,0,1,0.024791923351585865,cpu
a7123a3e3b7f24e6,keyword_generic,full,1.0,0,1,0.01625006552785635,cpu
4281a5d0b70d39f4,keyword_generic,full,1.0,0,1,0.03724999260157347,cpu
3a507c778fa5705f,keyword_generic,full,1.0,0,1,0.022458028979599476,cpu
16b5bd37c29c292f,keyword_generic,full,1.0,0,1,0.03845803439617157,cpu
32ec333d2bf0ca29,keyword_generic,full,1.0,0,1,0.0254589831456542,cpu
81a9c077b3ae2e28,keyword_generic,full,1.0,0,1,0.02975005190819502,cpu
49ad8a8730de6b59,keyword_generic,full,1.0,0,1,0.042208004742860794,cpu
2b034622f2ad268c,keyword_generic,full,1.0,0,1,0.03358302637934685,cpu
745061b617e8c2fe,keyword_generic,full,1.0,0,1,0.023625092580914497,cpu
49812b8d3c5b3c2f,keyword_generic,full,1.0,0,1,0.04116701893508434,cpu
53f544ae55454af3,keyword_generic,full,1.0,0,1,0.029957969672977924,cpu
a21b4d40ac76a1af,keyword_generic,full,1.0,0,1,0.019541941583156586,cpu
02d15e591e197259,keyword_generic,full,1.0,0,1,0.027249916456639767,cpu
64d120dfddce09e9,keyword_generic,full,1.0,0,1,0.025999965146183968,cpu
f4724062a1ee6edd,keyword_generic,full,1.0,0,1,0.024165958166122437,cpu
15ace2987905d23e,keyword_generic,full,1.0,0,1,0.02766598481684923,cpu
1a4baf71f9392beb,keyword_generic,full,1.0,0,1,0.02358399797230959,cpu
63d6797dabbbd25f,keyword_generic,full,1.0,0,1,0.015166006051003933,cpu
f8cd1351c283454a,keyword_generic,full,1.0,0,1,0.03995909355580807,cpu
a2c64cf7878e883a,keyword_generic,full,1.0,0,1,0.025333021767437458,cpu
bdd9fa38b202ee8a,keyword_generic,full,1.0,0,1,0.042750034481287,cpu
acb7355e5ea6c053,keyword_generic,full,1.0,0,1,0.02933293581008911,cpu
bbaf99e70e1247f7,keyword_generic,full,1.0,0,1,0.033125048503279686,cpu
e4d99ec9d92404da,keyword_generic,full,1.0,0,1,0.04066701512783766,cpu
c5a310113faa63c0,keyword_generic,full,1.0,0,1,0.03754196222871542,cpu
c9501eb22c79d80d,keyword_generic,full,1.0,0,1,0.03237510100007057,cpu
629c04847a104694,keyword_generic,full,1.0,0,1,0.044792075641453266,cpu
426011c0fc6fb2e6,keyword_generic,full,1.0,0,1,0.03191700670868158,cpu
2b8882692f2a762b,keyword_generic,full,1.0,0,1,0.023792032152414322,cpu
b6ebcda054294aa6,keyword_generic,full,1.0,0,1,0.03120803739875555,cpu
7326059354046c9c,keyword_generic,full,1.0,0,1,0.02912490162998438,cpu
05541227faf2fdc7,keyword_generic,full,1.0,0,1,0.028415932320058346,cpu
80d7122560c728a4,keyword_generic,full,1.0,0,1,0.036125071346759796,cpu
bff05a293c1ad54f,keyword_generic,full,1.0,0,1,0.03287510480731726,cpu
c9189930da8a1b99,keyword_generic,full,1.0,0,1,0.018916907720267773,cpu
df606887cae94d23,keyword_generic,full,1.0,0,1,0.038334052078425884,cpu
050566caf9ece120,keyword_generic,full,1.0,0,1,0.02395804040133953,cpu
29f783be1549cc90,keyword_generic,full,1.0,0,1,0.03912497777491808,cpu
404974e5df7e3917,keyword_generic,full,1.0,0,1,0.02916704397648573,cpu
c068426e8b92bb62,keyword_generic,full,1.0,0,1,0.03333389759063721,cpu
018f40ae3eb6f81c,keyword_generic,full,1.0,0,1,0.03799994010478258,cpu
a9e065115c57e457,keyword_generic,full,1.0,0,1,0.034374999813735485,cpu
82d726b6b207aa31,keyword_generic,full,1.0,0,1,0.024166889488697052,cpu
60ea83c6df4574ba,keyword_generic,full,1.0,0,1,0.042958068661391735,cpu
0afdd4a85902af25,keyword_generic,full,1.0,0,1,0.030415947549045086,cpu
8efd558b761d67ef,keyword_generic,full,1.0,0,1,0.021000043489038944,cpu
fa224ef0b27e2881,keyword_generic,full,1.0,0,1,0.0326669542118907,cpu
18371382a9e2007a,keyword_generic,full,1.0,0,1,0.027082976885139942,cpu
0118818db42bb27b,keyword_generic,full,1.0,0,1,0.02562499139457941,cpu
535db4e97f5ee952,keyword_generic,full,1.0,0,1,0.0289171002805233,cpu
4b6142e7dff345f8,keyword_generic,full,1.0,0,1,0.025124987587332726,cpu
bfbe8240dfa37fac,keyword_generic,full,1.0,0,1,0.016666948795318604,cpu
26a3f4106b2c228f,keyword_generic,full,1.0,0,1,0.04233303479850292,cpu
bac19fcedcc9d18b,keyword_generic,full,1.0,0,1,0.027209054678678513,cpu
5e5bbc1c43bff217,keyword_generic,full,1.0,0,1,0.04370906390249729,cpu
027cb1f5bec107c2,keyword_generic,full,1.0,0,1,0.031000003218650818,cpu
8345e3e26c79a28b,keyword_generic,full,1.0,0,1,0.03724999260157347,cpu
04d9fcd709bbc599,keyword_generic,full,1.0,0,1,0.04145805723965168,cpu
ee735c9feb89bb2a,keyword_generic,full,1.0,0,1,0.03795791417360306,cpu
9d32518e5ec194e8,keyword_generic,full,1.0,0,1,0.029165996238589287,cpu
dd4fe43a071f59eb,keyword_generic,full,1.0,0,1,0.05079200491309166,cpu
89edead05a7bbeb5,keyword_generic,full,1.0,0,1,0.036041950806975365,cpu
e8b41b278d2586db,keyword_generic,full,1.0,0,1,0.02458400558680296,cpu
eadc82764c59af85,keyword_generic,full,1.0,0,1,0.03320805262774229,cpu
cfb1c8b8298e5fb3,keyword_generic,full,1.0,0,1,0.03087497316300869,cpu
a50bebc48817a399,keyword_generic,full,1.0,0,1,0.03487500362098217,cpu
6bde1b7650cb52ee,keyword_generic,full,1.0,0,1,0.03187498077750206,cpu
a7ccac39a487d75e,keyword_generic,full,1.0,0,1,0.029416987672448158,cpu
5fda87947d214509,keyword_generic,full,1.0,0,1,0.020666979253292084,cpu
16a78799f5087c24,keyword_generic,full,1.0,0,1,0.04595797508955002,cpu
33990f1b8371e0ed,keyword_generic,full,1.0,0,1,0.03087497316300869,cpu
3533e68759450be4,keyword_generic,full,1.0,0,1,0.0476249260827899,cpu
cecef7202c5f031c,keyword_generic,full,1.0,0,1,0.03341701813042164,cpu
7e408a2d285b2b1c,keyword_generic,full,1.0,0,1,0.03795907832682133,cpu
b7ddd60f24b821db,keyword_generic,full,1.0,0,1,0.04512490704655647,cpu
69d0847b776d319b,keyword_generic,full,1.0,0,1,0.0410410575568676,cpu
3bd02b5c3fb25d63,keyword_generic,full,1.0,0,1,0.030959025025367737,cpu
d3645d4df678649a,keyword_generic,full,1.0,0,1,0.04962494131177664,cpu
0d6364d594245f95,keyword_generic,full,1.0,0,1,0.03716698847711086,cpu
a8b643bec3705152,keyword_generic,full,1.0,0,1,0.027708010748028755,cpu
3345ec4ee98a2060,keyword_generic,full,1.0,0,1,0.03987492527812719,cpu
c6baa9f22c40e96c,keyword_generic,full,1.0,0,1,0.03445800393819809,cpu
d88c548aaebeaa49,keyword_generic,full,1.0,0,1,0.032625044696033,cpu
df9d0d792636c21c,keyword_generic,full,1.0,0,1,0.035624951124191284,cpu
c04e0f77e4019eda,keyword_generic,full,1.0,0,1,0.031791976653039455,cpu
1bcc4f69016fca69,keyword_generic,full,1.0,0,1,0.02304196823388338,cpu
fe39563fd161039a,keyword_generic,full,2.0,0;4,1,0.03791693598031998,cpu
aa9e695a5711033e,keyword_generic,full,2.0,0;4,1,0.022625084966421127,cpu
a1e5300f06dfe35b,keyword_generic,full,2.0,0;4,1,0.03687501884996891,cpu
eec09d64993876a4,keyword_generic,full,2.0,0;4,1,0.026333029381930828,cpu
0bd877a827edca75,keyword_generic,full,2.0,0;4,1,0.03470899537205696,cpu
043687e734c93cdb,keyword_generic,full,2.0,0;4,1,0.03558292519301176,cpu
6a2881384345c43a,keyword_generic,full,2.0,0;4,1,0.03362505231052637,cpu
d1265da61d97e1d5,keyword_generic,full,2.0,0;4,1,0.023290980607271194,cpu
c1a23531caa6fd41,keyword_generic,full,2.0,0;4,1,0.03887491766363382,cpu
1800543595282703,keyword_generic,full,2.0,0;4,1,0.03216695040464401,cpu
1942a6417d2ef2c3,keyword_generic,full,2.0,0;4,1,0.047332956455647945,cpu
acb8b597809daac6,keyword_generic,full,2.0,0;4,1,0.033374992199242115,cpu
d8bb8f970de3f5f7,keyword_generic,full,2.0,0;4,1,0.02875004429370165,cpu
9bcad984bcfd9174,keyword_generic,full,2.0,0;4,1,0.04191603511571884,cpu
82b602d9c91dc5a0,keyword_generic,full,2.0,0;4,1,0.03699993249028921,cpu
3947c50783031842,keyword_generic,full,2.0,0;4,1,0.026792054995894432,cpu
3ea17bc2ed55c041,keyword_generic,full,2.0,0;4,1,0.03308395389467478,cpu
76f4951b8df14efa,keyword_generic,full,1.0,4,1,0.039082951843738556,cpu
3843117aab01a0e8,keyword_generic,full,1.0,4,1,0.02120796125382185,cpu
4451a4ea2d9a10ec,keyword_generic,full,1.0,4,1,0.03600004129111767,cpu
0e178a4b1ff87aad,keyword_generic,full,1.0,4,1,0.02462498378008604,cpu
f22bdbd44afc1e6f,keyword_generic,full,1.0,4,1,0.02862501423805952,cpu
838710a680c61066,keyword_generic,full,1.0,4,1,0.03466603811830282,cpu
d46ddd1a34efbebb,keyword_generic,full,1.0,4,1,0.031540985219180584,cpu
8561c650b3f718ec,keyword_generic,full,1.0,4,1,0.0213750172406435,cpu
d5e21ad3ab31c6bb,keyword_generic,full,1.0,4,1,0.03845803439617157,cpu
a0f9cd0a95d17776,keyword_generic,full,1.0,4,1,0.03045797348022461,cpu
7ad53180de6aaf2b,keyword_generic,full,1.0,4,1,0.01850002445280552,cpu
5e08fd6479a2a398,keyword_generic,full,1.0,4,1,0.02575002145022154,cpu
292378527c1cf597,keyword_generic,full,1.0,4,1,0.023292028345167637,cpu
49814aa429e45074,keyword_generic,full,1.0,4,1,0.02245791256427765,cpu
540c1aba397b6f6a,keyword_generic,full,1.0,4,1,0.025499961338937283,cpu
9401f826e5e2340b,keyword_generic,full,1.0,4,1,0.021957908757030964,cpu
ae851bf12a08b11b,keyword_generic,full,1.0,4,1,0.013791024684906006,cpu
2d003d1df2176a67,keyword_generic,full,1.0,4,1,0.0338749960064888,cpu
c0d882e5575f7dea,keyword_generic,full,1.0,4,1,0.019542057998478413,cpu
ee07a713cdc52c9f,keyword_generic,full,1.0,4,1,0.03499991726130247,cpu
ff95c4f65903cf15,keyword_generic,full,1.0,4,1,0.023166066966950893,cpu
5fe1db48c18eb2c5,keyword_generic,full,1.0,4,1,0.027374946512281895,cpu
474057d3bc6b9401,keyword_generic,full,1.0,4,1,0.04225003067404032,cpu
a8dcc8db0b68e973,keyword_generic,full,1.0,4,1,0.030583003535866737,cpu
5c5ba4d1eb0a7c57,keyword_generic,full,1.0,4,1,0.02554105594754219,cpu
2b7299d1e5310b3b,keyword_generic,full,1.0,4,1,0.03754196222871542,cpu
c66060efea7be9fd,keyword_generic,full,1.0,4,1,0.02616702113300562,cpu
5fd54f98b4b0e1df,keyword_generic,full,1.0,4,1,0.017582904547452927,cpu
1b0306caaefc1b6a,keyword_generic,full,1.0,4,1,0.02504198346287012,cpu
c447beac713f3785,keyword_generic,full,1.0,4,1,0.02274999860674143,cpu
5ac26dbe2ce4408c,keyword_generic,full,1.0,4,1,0.021582935005426407,cpu
5543da93ee13fac2,keyword_generic,full,1.0,4,1,0.02475001383572817,cpu
36631bae8fed2b62,keyword_generic,full,1.0,4,1,0.021209008991718292,cpu
869a59aee96954a7,keyword_generic,full,1.0,4,1,0.013040960766375065,cpu
1e2a9b8a7a9d282b,keyword_generic,full,1.0,4,1,0.033499905839562416,cpu
8c5ee201ff8e9f2d,keyword_generic,full,1.0,4,1,0.018625054508447647,cpu
6be95478b569799a,keyword_generic,full,1.0,4,1,0.03362505231052637,cpu
a2bed8afb923956e,keyword_generic,full,1.0,4,1,0.02204196061939001,cpu
aa5ffa5e7d8d9076,keyword_generic,full,1.0,4,1,0.025875051505863667,cpu
d8c8149280ef2337,keyword_generic,full,1.0,4,1,0.032624928280711174,cpu
348b669e787db181,keyword_generic,full,1.0,4,1,0.02916704397648573,cpu
98e86713c65255da,keyword_generic,full,1.0,4,1,0.01950003206729889,cpu
fdead785a62bbbef,keyword_generic,full,1.0,4,1,0.036291079595685005,cpu
596348d4dbe5b30d,keyword_generic,full,1.0,4,1,0.02483394928276539,cpu
da13bd8980074069,keyword_generic,full,1.0,4,1,0.016457983292639256,cpu
816c52e74b90b5e1,keyword_generic,full,1.0,4,1,0.023833010345697403,cpu
bde9a8583850b96c,keyword_generic,full,1.0,4,1,0.02154102548956871,cpu
bd36d48edce22403,keyword_generic,full,1.0,4,1,0.026041059754788876,cpu
4bb838bd5dd2500f,keyword_generic,full,1.0,4,1,0.023290980607271194,cpu
2f9f3352280f1f7b,keyword_generic,full,1.0,4,1,0.019915984012186527,cpu
2f306cfa43344188,keyword_generic,full,1.0,4,1,0.01200009137392044,cpu
b164634434c82b85,keyword_generic,full,1.0,4,1,0.03304099664092064,cpu
330ab5263a0f38ee,keyword_generic,full,1.0,4,1,0.0177919864654541,cpu
6b62011a98b821e7,keyword_generic,full,1.0,4,1,0.038207974284887314,cpu
ebefb16826db9bd8,keyword_generic,full,1.0,4,1,0.021082931198179722,cpu
abc631991685bc93,keyword_generic,full,1.0,4,1,0.030624913051724434,cpu
45ab757788fdc620,keyword_generic,full,1.0,4,1,0.032084062695503235,cpu
b5bc053abea7171d,keyword_generic,full,1.0,4,1,0.028540962375700474,cpu
4b8ec97cdff200c8,keyword_generic,full,1.0,4,1,0.01862493809312582,cpu
3cb301792a292756,keyword_generic,full,1.0,4,1,0.03558292519301176,cpu
369d82a94e2fbc82,keyword_generic,full,1.0,4,1,0.02408307045698166,cpu
6083051668184f86,keyword_generic,full,1.0,4,1,0.01570803578943014,cpu
888bbcfb22717d54,keyword_generic,full,1.0,4,1,0.02316699828952551,cpu
79ecc14f72184945,keyword_generic,full,1.0,4,1,0.020417035557329655,cpu
9e43219dabc65299,keyword_generic,full,1.0,4,1,0.02895889338105917,cpu
8b947e17d734c5ca,keyword_generic,full,1.0,4,1,0.02274999860674143,cpu
bd8b14b947e21ff7,keyword_generic,full,1.0,4,1,0.01908303238451481,cpu
ec33618e65246ff3,keyword_generic,full,1.0,4,1,0.011167023330926895,cpu
994e4ba559216d82,keyword_generic,full,1.0,4,1,0.04824995994567871,cpu
aeb0ae00fe537203,keyword_generic,full,1.0,4,1,0.02820801455527544,cpu
2cdde4cab754dfcd,keyword_generic,full,1.0,4,1,0.042625004425644875,cpu
fb4e95ce1dba7964,keyword_generic,full,1.0,4,1,0.03275007475167513,cpu
0dffdd80c18eb796,keyword_generic,full,1.0,4,1,0.034624943509697914,cpu
b6bac03793365018,keyword_generic,full,1.0,4,1,0.04154094494879246,cpu
291cd461ba2ff46e,keyword_generic,full,1.0,4,1,0.03816699609160423,cpu
c82fe2975fed9ac7,keyword_generic,full,1.0,4,1,0.028250040486454964,cpu
7c40ecc763aca33c,keyword_generic,full,1.0,4,1,0.04508392885327339,cpu
b649053f9e961b39,keyword_generic,full,1.0,4,1,0.03362505231052637,cpu
7d8a37121a82cfb8,keyword_generic,full,1.0,4,1,0.02537504769861698,cpu
0e01e8c5ef08755d,keyword_generic,full,1.0,4,1,0.03241701051592827,cpu
f1b6f2789c31a86c,keyword_generic,full,1.0,4,1,0.02995890099555254,cpu
d99f9f73aefcc8d3,keyword_generic,full,1.0,4,1,0.029583927243947983,cpu
ce5d5861b3ef09ec,keyword_generic,full,1.0,4,1,0.03220804501324892,cpu
6e07f330b8181237,keyword_generic,full,1.0,4,1,0.028708018362522125,cpu
89d9bc3d4669f9ef,keyword_generic,full,1.0,4,1,0.020999927073717117,cpu
a5ddc3a55d1dc297,keyword_generic,full,1.0,4,1,0.03716710489243269,cpu
7b7625bc591e6f3d,keyword_generic,full,1.0,4,1,0.021999934688210487,cpu
b4fe926891ba1ad9,keyword_generic,full,1.0,4,1,0.03724999260157347,cpu
1d449624e9a7fb38,keyword_generic,full,1.0,4,1,0.031083007343113422,cpu
20a04aec79408336,keyword_generic,full,1.0,4,1,0.029208953492343426,cpu
9a54a2dd3d56f22e,keyword_generic,full,1.0,4,1,0.035792007111012936,cpu
813c895b63c7df88,keyword_generic,full,1.0,4,1,0.03287498839199543,cpu
a36b545ede7d25db,keyword_generic,full,1.0,4,1,0.022666994482278824,cpu
6b3da20e29fc9082,keyword_generic,full,1.0,4,1,0.041958061046898365,cpu
59c9366a4c9eabff,keyword_generic,full,1.0,4,1,0.028416980057954788,cpu
806e247b14bec7bf,keyword_generic,full,1.0,4,1,0.01991703175008297,cpu
1c37aeff62043721,keyword_generic,full,1.0,4,1,0.02708309330046177,cpu
19d15926c7af388f,keyword_generic,full,1.0,4,1,0.030749943107366562,cpu
bf1ec8a882022d39,keyword_generic,full,1.0,4,1,0.023957923986017704,cpu
1cb44255aec82892,keyword_generic,full,1.0,4,1,0.026666908524930477,cpu
246ba0b9f459000d,keyword_generic,full,1.0,4,1,0.023250002413988113,cpu
f93e98bb00df8904,keyword_generic,full,1.0,4,1,0.015208031982183456,cpu
6d2fc584d8a99575,keyword_generic,full,1.0,4,1,0.03487500362098217,cpu
24a3919a796638a0,keyword_generic,full,1.0,4,1,0.019707949832081795,cpu
04dc8d0377f0f09d,keyword_generic,full,1.0,4,1,0.03487500362098217,cpu
c716ce56bf5047d3,keyword_generic,full,1.0,4,1,0.029333983547985554,cpu
237eb82fb49c0ce7,keyword_generic,full,1.0,4,1,0.026957946829497814,cpu
64765eddf417c067,keyword_generic,full,1.0,4,1,0.03345799632370472,cpu
0408d2e96b722308,keyword_generic,full,1.0,4,1,0.03033410757780075,cpu
f0938bfa398aa858,keyword_generic,full,1.0,4,1,0.02045894507318735,cpu
b18a27332dbb68c0,keyword_generic,full,1.0,4,1,0.037209014408290386,cpu
9b58fca919b8de84,keyword_generic,full,1.0,4,1,0.025707995519042015,cpu
9930ace5c181bc87,keyword_generic,full,1.0,4,1,0.01737498678267002,cpu
d5c9e3141a7716ef,keyword_generic,full,1.0,4,1,0.030249939300119877,cpu
1710645f7b186d9f,keyword_generic,full,1.0,4,1,0.02245791256427765,cpu
7ea7099a0c5d2afb,keyword_generic,full,1.0,4,1,0.02154102548956871,cpu
15bb3126387cc8e7,keyword_generic,full,1.0,4,1,0.02475001383572817,cpu
9a514c052d075f94,keyword_generic,full,1.0,4,1,0.020915991626679897,cpu
de8f5843f4651ff1,keyword_generic,full,1.0,4,1,0.01291697844862938,cpu
a9cc1fde02877c64,keyword_generic,full,1.0,4,1,0.049875001423060894,cpu
da9a88388fbbfe15,keyword_generic,full,1.0,4,1,0.02933293581008911,cpu
bf4eb05001ccc8e9,keyword_generic,full,1.0,4,1,0.044208019971847534,cpu
ff952bcfa6d7764c,keyword_generic,full,1.0,4,1,0.03208301495760679,cpu
dfa855f12a891e0a,keyword_generic,full,1.0,4,1,0.0363329891115427,cpu
4e1348923837c0dc,keyword_generic,full,1.0,4,1,0.04283292219042778,cpu
74c2bf0ad4baf13e,keyword_generic,full,1.0,4,1,0.039917067624628544,cpu
504dfcf1c29a5067,keyword_generic,full,1.0,4,1,0.029749935492873192,cpu
038a08d55a08c97f,keyword_generic,full,1.0,4,1,0.04683306906372309,cpu
403cb77db1d0e5dd,keyword_generic,full,1.0,4,1,0.03520806785672903,cpu
5148207d24ee0b95,keyword_generic,full,1.0,4,1,0.026582973077893257,cpu
6df6e4902083ab6d,keyword_generic,full,1.0,4,1,0.034207943826913834,cpu
076a9095c540df16,keyword_generic,full,1.0,4,1,0.032125040888786316,cpu
00553b0072254ba6,keyword_generic,full,1.0,4,1,0.03062502946704626,cpu
22c92ba2fbc1b537,keyword_generic,full,1.0,4,1,0.03441702574491501,cpu
57a470370672557a,keyword_generic,full,1.0,4,1,0.0301670515909791,cpu
bbf25cc9e1383824,keyword_generic,full,1.0,4,1,0.021915999241173267,cpu
713f49bc5cbb613a,keyword_generic,full,1.0,4,1,0.04037492908537388,cpu
5679c43147801313,keyword_generic,full,1.0,4,1,0.025084009394049644,cpu
310ff04bb1361854,keyword_generic,full,1.0,4,1,0.039792037568986416,cpu
f3a9547f5d4542bc,keyword_generic,full,1.0,4,1,0.02766598481684923,cpu
f47ad54975ba082a,keyword_generic,full,1.0,4,1,0.031708041206002235,cpu
b39584463f5d6e44,keyword_generic,full,1.0,4,1,0.03825000021606684,cpu
9a1f750e180976b2,keyword_generic,full,1.0,4,1,0.035250093787908554,cpu
85460176ba6e8606,keyword_generic,full,1.0,4,1,0.02529192715883255,cpu
c45f86c602df907f,keyword_generic,full,1.0,4,1,0.042291940189898014,cpu
6c27e1e6e55b896a,keyword_generic,full,1.0,4,1,0.030709081329405308,cpu
142bda5dec849366,keyword_generic,full,1.0,4,1,0.021916930563747883,cpu
27b33c5bee16387f,keyword_generic,full,1.0,4,1,0.029291026294231415,cpu
4053979efc282bf2,keyword_generic,full,1.0,4,1,0.027125002816319466,cpu
ab8fe9647a18179c,keyword_generic,full,1.0,4,1,0.026250025257468224,cpu
e5118bf28cb8272f,keyword_generic,full,1.0,4,1,0.029082992114126682,cpu
6d37f3ff2bc7e4b0,keyword_generic,full,1.0,4,1,0.02545793540775776,cpu
45fb86128f9fe35e,keyword_generic,full,1.0,4,1,0.01762493047863245,cpu
fdb92206d8d09174,keyword_generic,full,1.0,4,1,0.03233295865356922,cpu
1fc1e4cb8a27ca26,keyword_generic,full,1.0,4,1,0.01733400858938694,cpu
036dc9487be66122,keyword_generic,full,1.0,4,1,0.0327499583363533,cpu
a1633f168fb43506,keyword_generic,full,1.0,4,1,0.02050003968179226,cpu
51f971331acff4e7,keyword_generic,full,1.0,4,1,0.024582957848906517,cpu
9dea9ee966808d6f,keyword_generic,full,1.0,4,1,0.031916890293359756,cpu
c94b1461aa8aafe9,keyword_generic,full,1.0,4,1,0.02808310091495514,cpu
3405ccca07216d40,keyword_generic,full,1.0,4,1,0.018124934285879135,cpu
b3b6f44e82dd1f06,keyword_generic,full,1.0,4,1,0.035208999179303646,cpu
8c2af5f4b1dc1bbc,keyword_generic,full,1.0,4,1,0.02345896791666746,cpu
33ed2451ee1d78b0,keyword_generic,full,1.0,4,1,0.015209079720079899,cpu
1af19732acf2ab1c,keyword_generic,full,1.0,4,1,0.022582942619919777,cpu
7f1e1ec9a3702090,keyword_generic,full,1.0,4,1,0.020208070054650307,cpu
00c824151260f40c,keyword_generic,full,1.0,4,1,0.01895800232887268,cpu
9a2ab0c7c0aa7126,keyword_generic,full,1.0,4,1,0.02204196061939001,cpu
7fd4ae1735a5aac3,keyword_generic,full,1.0,4,1,0.01858395989984274,cpu
6f89131fd2407951,keyword_generic,full,1.0,4,1,0.01054094173014164,cpu
55708084770957c7,keyword_generic,full,1.0,4,1,0.03825000021606684,cpu
3f2ab89ab2af0efc,keyword_generic,full,1.0,4,1,0.023708096705377102,cpu
306f829ac727f9df,keyword_generic,full,1.0,4,1,0.03879191353917122,cpu
a49eda718cab64d2,keyword_generic,full,1.0,4,1,0.02679100725799799,cpu
6a9977dacee29c91,keyword_generic,full,1.0,4,1,0.030667055398225784,cpu
405e01412354919d,keyword_generic,full,1.0,4,1,0.03724999260157347,cpu
d25d855ea2b86c6a,keyword_generic,full,1.0,4,1,0.03400002606213093,cpu
7dcca3c088e31513,keyword_generic,full,1.0,4,1,0.024250010028481483,cpu
8aa4b8ef8766204d,keyword_generic,full,1.0,4,1,0.04095793701708317,cpu
11ac576c6a8f976f,keyword_generic,full,1.0,4,1,0.030125025659799576,cpu
e29fd9c24e3b7505,keyword_generic,full,1.0,4,1,0.021208077669143677,cpu
5fe0abf25020417c,keyword_generic,full,1.0,4,1,0.028291018679738045,cpu
1c0e2cbae63cadad,keyword_generic,full,1.0,4,1,0.02604199107736349,cpu
22dcd0d95ba557eb,keyword_generic,full,1.0,4,1,0.025541987270116806,cpu
252be62d1dd0144c,keyword_generic,full,1.0,4,1,0.028374954126775265,cpu
1ff911bfd936b448,keyword_generic,full,1.0,4,1,0.024499953724443913,cpu
1f9a1f19dd14bfa9,keyword_generic,full,1.0,4,1,0.016834004782140255,cpu
30572a27a5169cc0,keyword_generic,full,1.0,4,1,0.03925000783056021,cpu
c1fec6b39607652e,keyword_generic,full,1.0,4,1,0.024416949599981308,cpu
467754127d8cec03,keyword_generic,full,1.0,4,1,0.039458973333239555,cpu
7f88c5a31b558483,keyword_generic,full,1.0,4,1,0.027708010748028755,cpu
91576f13593264aa,keyword_generic,full,1.0,4,1,0.031542032957077026,cpu
90cd3c482a305a5d,keyword_generic,full,1.0,4,1,0.03795907832682133,cpu
bae2d4f0acb7ff6c,keyword_generic,full,1.0,4,1,0.03499991726130247,cpu
431732de63669077,keyword_generic,full,1.0,4,1,0.0249580480158329,cpu
c7f4fd9c3dd520fc,keyword_generic,full,1.0,4,1,0.04195899236947298,cpu
2f475907e3f4d73c,keyword_generic,full,1.0,4,1,0.036708079278469086,cpu
c92fdfcffb973116,keyword_generic,full,1.0,4,1,0.02845795825123787,cpu
2844cac461208e5f,keyword_generic,full,1.0,4,1,0.029749935492873192,cpu
5c1a77c53963a4e0,keyword_generic,full,1.0,4,1,0.033374992199242115,cpu
ed688822878513fc,keyword_generic,full,1.0,4,1,0.026333029381930828,cpu
9d7fcac18887ee82,keyword_generic,full,1.0,4,1,0.029082992114126682,cpu
434f4215a8a1e8e2,keyword_generic,full,1.0,4,1,0.025582965463399887,cpu
9bca5d22c253313c,keyword_generic,full,1.0,4,1,0.01770805101841688,cpu
f4a5e95fe914093c,keyword_generic,full,1.0,4,1,0.02887495793402195,cpu
96b1361d3663c5a4,keyword_generic,full,1.0,4,1,0.014457968063652515,cpu
0818e76deddff4e4,keyword_generic,full,1.0,4,1,0.029792077839374542,cpu
b4ea4300e3ce5f4c,keyword_generic,full,1.0,4,1,0.0177919864654541,cpu
b2e598f2032a4e32,keyword_generic,full,1.0,4,1,0.021834042854607105,cpu
f56ce4b708a66eda,keyword_generic,full,1.0,4,1,0.028333044610917568,cpu
e5b3d7493b448d4a,keyword_generic,full,1.0,4,1,0.0253340695053339,cpu
41f899e55dfa2704,keyword_generic,full,1.0,4,1,0.015249941498041153,cpu
7f4b0bf236aa3a5b,keyword_generic,full,1.0,4,1,0.03216706681996584,cpu
0998d6d3bcb14999,keyword_generic,full,1.0,4,1,0.02079096157103777,cpu
02131811480b684a,keyword_generic,full,1.0,4,1,0.012416974641382694,cpu
f3cc5eb15982d531,keyword_generic,full,1.0,4,1,0.019791070371866226,cpu
f6671baf138b14ea,keyword_generic,full,1.0,4,1,0.017332960851490498,cpu
17dc5ec28ce9fff6,keyword_generic,full,1.0,4,1,0.01637497916817665,cpu
632bd647502ef835,keyword_generic,full,1.0,4,1,0.019416911527514458,cpu
359b6bf206a5ee31,keyword_generic,full,1.0,4,1,0.015874975360929966,cpu
c22da14ed22f393e,keyword_generic,full,1.0,4,1,0.007833004929125309,cpu
e3ed9eed690d38e1,keyword_generic,full,0.0,,1,0.03491691313683987,cpu
1e4722f089d0530d,keyword_generic,full,0.0,,1,0.01950003206729889,cpu
db31c226d0e8b6d4,keyword_generic,full,0.0,,1,0.03766699228435755,cpu
f3c83ace676ba894,keyword_generic,full,0.0,,1,0.022834050469100475,cpu
97125127d70273ec,keyword_generic,full,0.0,,1,0.02816703636199236,cpu
710c5235e8b1a542,keyword_generic,full,0.0,,1,0.034958007745444775,cpu
9f15977dbebd26bf,keyword_generic,full,0.0,,1,0.030207913368940353,cpu
877b1041e8499db5,keyword_generic,full,0.0,,1,0.02158398274332285,cpu
e2fed0ac506306cf,keyword_generic,full,0.0,,1,0.04054198507219553,cpu
2a26da6728deda2e,keyword_generic,full,0.0,,1,0.027458067052066326,cpu
75fdf20e78a57ac3,keyword_generic,full,0.0,,1,0.01725007314234972,cpu
e9f9b95dc127a128,keyword_generic,full,0.0,,1,0.025832909159362316,cpu
9d16c87f916a4ac6,keyword_generic,full,0.0,,1,0.02287491224706173,cpu
5782994e52d93626,keyword_generic,full,0.0,,1,0.021042069420218468,cpu
7d69d7cfb3a69c24,keyword_generic,full,0.0,,1,0.02462498378008604,cpu
3ee1fac528b2cb57,keyword_generic,full,0.0,,1,0.021292013116180897,cpu
75241a7361f16d00,keyword_generic,full,0.0,,1,0.012625008821487427,cpu
7341f323534890b8,keyword_generic,full,1.0,4,1,0.038334052078425884,cpu
da2b95d9d594ec5e,keyword_generic,full,1.0,4,1,0.018457998521625996,cpu
7fa4d2e45775a772,keyword_generic,full,1.0,4,1,0.040624989196658134,cpu
91da64ab9291265c,keyword_generic,full,1.0,4,1,0.021875021047890186,cpu
63ec1f806c5d7d28,keyword_generic,full,1.0,4,1,0.025834073312580585,cpu
6afa9afcc8df0b62,keyword_generic,full,1.0,4,1,0.03308302257210016,cpu
58f038a1da5ed04b,keyword_generic,full,1.0,4,1,0.029333052225410938,cpu
755be8c84eaf4800,keyword_generic,full,1.0,4,1,0.019249971956014633,cpu
e83a3a2308697f81,keyword_generic,full,1.0,4,1,0.03616604954004288,cpu
fb03dc84564cb77b,keyword_generic,full,1.0,4,1,0.02462498378008604,cpu
4ae588a2e4043ea1,keyword_generic,full,1.0,4,1,0.01625006552785635,cpu
c2d04cc417e58760,keyword_generic,full,1.0,4,1,0.023582950234413147,cpu
4c362c8a0979386a,keyword_generic,full,1.0,4,1,0.021417043171823025,cpu
b8cc72dc1caccf95,keyword_generic,full,1.0,4,1,0.020249979570508003,cpu
87671e425d4a4a38,keyword_generic,full,1.0,4,1,0.022959080524742603,cpu
4d5555936c3e30b7,keyword_generic,full,1.0,4,1,0.019666971638798714,cpu
491e9fd3a5bc0574,keyword_generic,full,1.0,4,1,0.011791009455919266,cpu
61bc355c32341581,keyword_generic,full,1.0,4,1,0.03708398435264826,cpu
bb56dfb912fc5b82,keyword_generic,full,1.0,4,1,0.02216699067503214,cpu
5382f761ae6b3fb9,keyword_generic,full,1.0,4,1,0.03724999260157347,cpu
2ca1c335b649305c,keyword_generic,full,1.0,4,1,0.025458051823079586,cpu
84faa2cb0dad903c,keyword_generic,full,1.0,4,1,0.02945796586573124,cpu
1dca85f7ebd8f57b,keyword_generic,full,1.0,4,1,0.03583298530429602,cpu
2afdf1dcac5c3e3e,keyword_generic,full,1.0,4,1,0.033041927963495255,cpu
c7c672ef066cfb85,keyword_generic,full,1.0,4,1,0.022625084966421127,cpu
b1b0dbd9ca0b0bd2,keyword_generic,full,1.0,4,1,0.039624981582164764,cpu
2bc7563b2597a649,keyword_generic,full,1.0,4,1,0.030207913368940353,cpu
ebb69b55fd74d6f9,keyword_generic,full,1.0,4,1,0.019875005818903446,cpu
0afae432910ec0f7,keyword_generic,full,1.0,4,1,0.027082976885139942,cpu
69531e8560f24ffc,keyword_generic,full,1.0,4,1,0.02462498378008604,cpu
3ad5d0eba149b84c,keyword_generic,full,1.0,4,1,0.023875036276876926,cpu
e14cfcce9bb81b99,keyword_generic,full,1.0,4,1,0.026792054995894432,cpu
c56798d4884d787a,keyword_generic,full,1.0,4,1,0.02316699828952551,cpu
5d2240210b29afb5,keyword_generic,full,1.0,4,1,0.015416997484862804,cpu
d706a2824e9f2fcd,keyword_generic,full,1.0,4,1,0.03329198807477951,cpu
96f6fe8761f92feb,keyword_generic,full,1.0,4,1,0.0187921104952693,cpu
caf843e82ae78550,keyword_generic,full,1.0,4,1,0.033833086490631104,cpu
ff055623c2661f6d,keyword_generic,full,1.0,4,1,0.02229190431535244,cpu
8b31427e26b502cd,keyword_generic,full,1.0,4,1,0.026166904717683792,cpu
b982928be75b453b,keyword_generic,full,1.0,4,1,0.032624928280711174,cpu
ecae6d936b2636e3,keyword_generic,full,1.0,4,1,0.029458082281053066,cpu
de58d97eac1765ae,keyword_generic,full,1.0,4,1,0.019541941583156586,cpu
9c07f556038d29b5,keyword_generic,full,1.0,4,1,0.04462490323930979,cpu
b0d9eced7559e35a,keyword_generic,full,1.0,4,1,0.02604199107736349,cpu
468c260865b2fe19,keyword_generic,full,1.0,4,1,0.016583013348281384,cpu
517d718284a4098d,keyword_generic,full,1.0,4,1,0.02404197584837675,cpu
c1a07a788f499842,keyword_generic,full,1.0,4,1,0.02162496093660593,cpu
3c8d941d7fac4111,keyword_generic,full,1.0,4,1,0.020707957446575165,cpu
b8d2e5dc587441fc,keyword_generic,full,1.0,4,1,0.023625092580914497,cpu
744dd524e85829e9,keyword_generic,full,1.0,4,1,0.0201669754460454,cpu
899704427ce694d8,keyword_generic,full,1.0,4,1,0.012042000889778137,cpu
622d03bcd0d166aa,keyword_generic,full,1.0,4,1,0.03429199568927288,cpu
221fb6caeedcf64b,keyword_generic,full,1.0,4,1,0.01945893745869398,cpu
e0e72cc979b89fec,keyword_generic,full,1.0,4,1,0.0350000336766243,cpu
e5b707e27755330b,keyword_generic,full,1.0,4,1,0.02274999860674143,cpu
aa91dba514c01df5,keyword_generic,full,1.0,4,1,0.02675002906471491,cpu
36ce4305e2596c68,keyword_generic,full,1.0,4,1,0.03374996595084667,cpu
ab89118fd70f3d4b,keyword_generic,full,1.0,4,1,0.030291033908724785,cpu
e7336ddd021b9e1b,keyword_generic,full,1.0,4,1,0.019959057681262493,cpu
2ede5d1b283117e6,keyword_generic,full,1.0,4,1,0.037458958104252815,cpu
be4c92e851b26639,keyword_generic,full,1.0,4,1,0.025707995519042015,cpu
11286ebf60fd0053,keyword_generic,full,1.0,4,1,0.016959034837782383,cpu
abc945101c350e82,keyword_generic,full,1.0,4,1,0.02445897553116083,cpu
20eae125c2702189,keyword_generic,full,1.0,4,1,0.027333036996424198,cpu
bb921e59cc3e4e03,keyword_generic,full,1.0,4,1,0.021000043489038944,cpu
c24a9c5f1d54e997,keyword_generic,full,1.0,4,1,0.024250010028481483,cpu
e207b727426ccaaf,keyword_generic,full,1.0,4,1,0.020625069737434387,cpu
5d689ab47c960921,keyword_generic,full,1.0,4,1,0.012542004697024822,cpu
5f70c2189c5ab9f2,keyword_generic,full,1.0,4,1,0.03412493970245123,cpu
79563c6c20bbc92a,keyword_generic,full,1.0,4,1,0.019583036191761494,cpu
fdfbb9406b196c0f,keyword_generic,full,1.0,4,1,0.03508396912366152,cpu
3cd082319b6908a2,keyword_generic,full,1.0,4,1,0.023042084649205208,cpu
66d0b884cbd212ff,keyword_generic,full,1.0,4,1,0.026790890842676163,cpu
8845a765adaeeb1b,keyword_generic,full,1.0,4,1,0.03875000402331352,cpu
89af096d4378c0c6,keyword_generic,full,1.0,4,1,0.030458089895546436,cpu
6001b3174ca0fbd5,keyword_generic,full,1.0,4,1,0.02020795363932848,cpu
589dd6123145db87,keyword_generic,full,1.0,4,1,0.0374580267816782,cpu
6c5787615a3e9f82,keyword_generic,full,1.0,4,1,0.025916961021721363,cpu
8adb2880d34da59d,keyword_generic,full,1.0,4,1,0.017166021279990673,cpu
e2246ee0afbea99d,keyword_generic,full,1.0,4,1,0.024540931917726994,cpu
fe4d70a4d23b4882,keyword_generic,full,1.0,4,1,0.02220796886831522,cpu
8c166e308b4a9746,keyword_generic,full,1.0,4,1,0.02108409535139799,cpu
5272dd1e4609ca44,keyword_generic,full,1.0,4,1,0.024250010028481483,cpu
0e724961a69af2ea,keyword_generic,full,1.0,4,1,0.02079200930893421,cpu
797fc1115c3f4304,keyword_generic,full,1.0,4,1,0.01266703475266695,cpu
21121f90fcc5633b,keyword_generic,full,1.0,4,1,0.03587489482015371,cpu
341f23c2f5ce55ad,keyword_generic,full,1.0,4,1,0.021124957129359245,cpu
2d0681cb2592dfae,keyword_generic,full,1.0,4,1,0.03662507515400648,cpu
4cee01f5bcaf675d,keyword_generic,full,1.0,4,1,0.024832901544868946,cpu
1d3fab1fd2d7a4e8,keyword_generic,full,1.0,4,1,0.028708018362522125,cpu
6c1dd7e0a9a84963,keyword_generic,full,1.0,4,1,0.03504101186990738,cpu
1634f59f384b0b8e,keyword_generic,full,1.0,4,1,0.03204203676432371,cpu
93be00371e3b523d,keyword_generic,full,1.0,4,1,0.02204196061939001,cpu
49c9f98f23c853e9,keyword_generic,full,1.0,4,1,0.039375037886202335,cpu
79505d53b8b7b6da,keyword_generic,full,1.0,4,1,0.027333036996424198,cpu
9d4bce18ad285293,keyword_generic,full,1.0,4,1,0.01895800232887268,cpu
398e9c9c0678c388,keyword_generic,full,1.0,4,1,0.026250025257468224,cpu
430df377d622e6c5,keyword_generic,full,1.0,4,1,0.0238749198615551,cpu
7dc87ea81e9f7d30,keyword_generic,full,1.0,4,1,0.022875028662383556,cpu
7d25d21def4c226e,keyword_generic,full,1.0,4,1,0.025833025574684143,cpu
6dbf0fb20aeda392,keyword_generic,full,1.0,4,1,0.030250055715441704,cpu
0613f28750b5d629,keyword_generic,full,1.0,4,1,0.014291028492152691,cpu
c57c8c9438a3e4c1,keyword_generic,full,2.0,4;7,1,0.032791984267532825,cpu
506e2ddaf9984ed0,keyword_generic,full,2.0,4;7,1,0.016625039279460907,cpu
bf19dd0c9fa25253,keyword_generic,full,2.0,4;7,1,0.02916704397648573,cpu
9a79a10f8262df6e,keyword_generic,full,2.0,4;7,1,0.018541933968663216,cpu
79727331903032d6,keyword_generic,full,2.0,4;7,1,0.022499938495457172,cpu
1ca109537e4f260a,keyword_generic,full,2.0,4;7,1,0.029499991796910763,cpu
8ff32f100ea4daf2,keyword_generic,full,2.0,4;7,1,0.0547909876331687,cpu
f2c8660f3848b0ce,keyword_generic,full,2.0,4;7,1,0.01850002445280552,cpu
241393ea743f2f2d,keyword_generic,full,2.0,4;7,1,0.03229198046028614,cpu
26f56f2b2d070134,keyword_generic,full,2.0,4;7,1,0.021791085600852966,cpu
09096900ded74983,keyword_generic,full,2.0,4;7,1,0.014457968063652515,cpu
bc331351b26ac57d,keyword_generic,full,2.0,4;7,1,0.022792024537920952,cpu
12268b5ce4934be9,keyword_generic,full,2.0,4;7,1,0.02229190431535244,cpu
53fc5f9a6ddbffa9,keyword_generic,full,2.0,4;7,1,0.023333937861025333,cpu
f619bdff1a0a186e,keyword_generic,full,2.0,4;7,1,0.026374938897788525,cpu
7230861df5eaa287,keyword_generic,full,2.0,4;7,1,0.021542073227465153,cpu
60835f84193fb847,keyword_generic,full,2.0,4;7,1,0.010750023648142815,cpu
cd55c53759086137,keyword_generic,full,1.0,4,1,0.05020794924348593,cpu
5dd094da783269ad,keyword_generic,full,1.0,4,1,0.039958045817911625,cpu
1dd5464395294574,keyword_generic,full,1.0,4,1,0.05791697185486555,cpu
5a95905c4aadf55a,keyword_generic,full,1.0,4,1,0.03254192415624857,cpu
3b068eb7ece707f7,keyword_generic,full,1.0,4,1,0.061583006754517555,cpu
1249d84b04714705,keyword_generic,full,1.0,4,1,0.043208012357354164,cpu
930de69e357762f8,keyword_generic,full,1.0,4,1,0.03979192115366459,cpu
04039c99cdf6981c,keyword_generic,full,1.0,4,1,0.032415962778031826,cpu
2c15fcd89fd3cd19,keyword_generic,full,1.0,4,1,0.04716601688414812,cpu
98f5655d9e8c3e87,keyword_generic,full,1.0,4,1,0.03487500362098217,cpu
6e4f356849d4489f,keyword_generic,full,1.0,4,1,0.025290995836257935,cpu
4b223e4a2514e03d,keyword_generic,full,1.0,4,1,0.032415962778031826,cpu
59f2a3e493581c03,keyword_generic,full,1.0,4,1,0.029832939617335796,cpu
637bac5b598cbe20,keyword_generic,full,1.0,4,1,0.028834096156060696,cpu
40421c2ec0db2b15,keyword_generic,full,1.0,4,1,0.03312493208795786,cpu
5027faac7bab603b,keyword_generic,full,1.0,4,1,0.02875004429370165,cpu
9ca622a8312e73a2,keyword_generic,full,1.0,4,1,0.020042061805725098,cpu
d71442b9a300cad3,keyword_generic,full,1.0,4,1,0.03887491766363382,cpu
ba9626f1fc375b7e,keyword_generic,full,1.0,4,1,0.02366607077419758,cpu
c447db9ee20de022,keyword_generic,full,1.0,4,1,0.04025001544505358,cpu
90db50866871632f,keyword_generic,full,1.0,4,1,0.02779101487249136,cpu
1aa76aedca6f1984,keyword_generic,full,1.0,4,1,0.03170792479068041,cpu
5f2dc66d35f23081,keyword_generic,full,1.0,4,1,0.0375829404219985,cpu
6948f1715b4fe2ee,keyword_generic,full,1.0,4,1,0.036041950806975365,cpu
116e7f2e9f77941a,keyword_generic,full,1.0,4,1,0.024707987904548645,cpu
b0709deeebaa1f1a,keyword_generic,full,1.0,4,1,0.04254095256328583,cpu
dc9d5696eedc8bea,keyword_generic,full,1.0,4,1,0.035415985621511936,cpu
171aaf34774c1f82,keyword_generic,full,1.0,4,1,0.021042069420218468,cpu
99cf6fed4532dc32,keyword_generic,full,1.0,4,1,0.029374961741268635,cpu
bddbecf88083ba22,keyword_generic,full,1.0,4,1,0.02637505531311035,cpu
9027a3c82488d219,keyword_generic,full,1.0,4,1,0.025374931283295155,cpu
c73a7404b2b63aca,keyword_generic,full,1.0,4,1,0.03187498077750206,cpu
010b54782b298b03,keyword_generic,full,1.0,4,1,0.025499961338937283,cpu
e01d03194c9d6c18,keyword_generic,full,1.0,4,1,0.01708301715552807,cpu
0739b2a826a5d1cc,keyword_generic,full,1.0,4,1,0.04733400419354439,cpu
d609f79356054913,keyword_generic,full,1.0,4,1,0.03279105294495821,cpu
616bbd50a0594a83,keyword_generic,full,1.0,4,1,0.06795907393097878,cpu
0974778b75b0d233,keyword_generic,full,1.0,4,1,0.036541023291647434,cpu
02c76164db9b39da,keyword_generic,full,1.0,4,1,0.039082951843738556,cpu
392923f0af86aeb8,keyword_generic,full,1.0,4,1,0.04491698928177357,cpu
a5d448d400c2a571,keyword_generic,full,1.0,4,1,0.042625004425644875,cpu
03a26a7fd97c2cf8,keyword_generic,full,1.0,4,1,0.03233295865356922,cpu
ae7ce8ab4040373f,keyword_generic,full,1.0,4,1,0.04950002767145634,cpu
14a94f80836e776f,keyword_generic,full,1.0,4,1,0.03724999260157347,cpu
c0ad98439c39a3f8,keyword_generic,full,1.0,4,1,0.04525005351752043,cpu
80cd120ed45d50f0,keyword_generic,full,1.0,4,1,0.03650004509836435,cpu
d93e1eb24c18d970,keyword_generic,full,1.0,4,1,0.03395893145352602,cpu
62aac7f18b2de362,keyword_generic,full,1.0,4,1,0.033082906156778336,cpu
1c3632083b8e5352,keyword_generic,full,1.0,4,1,0.035792007111012936,cpu
1b86c27c1e24ce57,keyword_generic,full,1.0,4,1,0.03233307506889105,cpu
0333bab0735948f3,keyword_generic,full,1.0,4,1,0.024707987904548645,cpu
23805b4b44fd680d,keyword_generic,full,1.0,4,1,0.037082936614751816,cpu
a12711bce3ae51fe,keyword_generic,full,1.0,4,1,0.022000051103532314,cpu
946cb7df72a37b86,keyword_generic,full,1.0,4,1,0.03712496254593134,cpu
384a5e42aec56323,keyword_generic,full,1.0,4,1,0.025290995836257935,cpu
c77bd78629cc12a5,keyword_generic,full,1.0,4,1,0.0301670515909791,cpu
13a4ac59d9fd90f6,keyword_generic,full,1.0,4,1,0.0363329891115427,cpu
d24656f6dcfb4af1,keyword_generic,full,1.0,4,1,0.033125048503279686,cpu
b40d772e27ab950a,keyword_generic,full,1.0,4,1,0.02233404666185379,cpu
bc8250751bbd139f,keyword_generic,full,1.0,4,1,0.04095898475497961,cpu
84549c9c4fc0b5de,keyword_generic,full,1.0,4,1,0.02875004429370165,cpu
f533396f857079a4,keyword_generic,full,1.0,4,1,0.0197909539565444,cpu
cff5ef34103d31a5,keyword_generic,full,1.0,4,1,0.02720800694078207,cpu
6c2e814fe2cf0b61,keyword_generic,full,1.0,4,1,0.024290988221764565,cpu
9db9317ea1b25244,keyword_generic,full,1.0,4,1,0.023667002096772194,cpu
624d443d559d953f,keyword_generic,full,1.0,4,1,0.029208953492343426,cpu
2176745d3f79e601,keyword_generic,full,1.0,4,1,0.02637505531311035,cpu
2edb735db4c967a3,keyword_generic,full,1.0,4,1,0.015291967429220676,cpu
de7e35de75081c57,keyword_generic,full,1.0,4,1,0.04183407872915268,cpu
81b049a24ebeba4e,keyword_generic,full,1.0,4,1,0.026332912966609,cpu
c0af6a0df477131c,keyword_generic,full,1.0,4,1,0.04158308729529381,cpu
e2750ab1887d7d6b,keyword_generic,full,1.0,4,1,0.02933293581008911,cpu
d75441b874c6b990,keyword_generic,full,1.0,4,1,0.033374992199242115,cpu
d40b05c93dd61f64,keyword_generic,full,1.0,4,1,0.03987492527812719,cpu
90068860665f5ead,keyword_generic,full,1.0,4,1,0.03804208245128393,cpu
7ca878dd47fe0864,keyword_generic,full,1.0,4,1,0.026667024940252304,cpu
b98e1f7da3bd8c8d,keyword_generic,full,1.0,4,1,0.04412501584738493,cpu
9484c7feaad5e9ec,keyword_generic,full,1.0,4,1,0.032250070944428444,cpu
8a27c45ae0ea599a,keyword_generic,full,1.0,4,1,0.02420798409730196,cpu
aa814a2495e62274,keyword_generic,full,1.0,4,1,0.03683299291878939,cpu
b15af1b7b2654c60,keyword_generic,full,1.0,4,1,0.02916704397648573,cpu
ed4345b81d5b0244,keyword_generic,full,1.0,4,1,0.02816703636199236,cpu
649b9dad924e8179,keyword_generic,full,1.0,4,1,0.031000003218650818,cpu
d34dec927f0048dc,keyword_generic,full,1.0,4,1,0.028499984182417393,cpu
a1483f44903cba77,keyword_generic,full,1.0,4,1,0.01979200169444084,cpu
2a3fb899a4533f2e,keyword_generic,full,1.0,4,1,0.04087504930794239,cpu
fcebc35b65da0ac1,keyword_generic,full,1.0,4,1,0.02545793540775776,cpu
658e99ba628ad040,keyword_generic,full,1.0,4,1,0.040207989513874054,cpu
292e63198984c0b1,keyword_generic,full,1.0,4,1,0.028416980057954788,cpu
48b169c268f977de,keyword_generic,full,1.0,4,1,0.03295904025435448,cpu
b223cf1729c2fda3,keyword_generic,full,1.0,4,1,0.03954092971980572,cpu
cd171f611b274e5c,keyword_generic,full,1.0,4,1,0.036207959055900574,cpu
17b0bd15e6147f77,keyword_generic,full,1.0,4,1,0.025333021767437458,cpu
7f40ec85930c832d,keyword_generic,full,1.0,4,1,0.04412501584738493,cpu
c0d19f10462b0f4c,keyword_generic,full,1.0,4,1,0.03320805262774229,cpu
75bfd45d7962d9b0,keyword_generic,full,1.0,4,1,0.026582973077893257,cpu
7fe9fa4380750c19,keyword_generic,full,1.0,4,1,0.030333991162478924,cpu
4da824639df1edb0,keyword_generic,full,1.0,4,1,0.02775003667920828,cpu
8bd906d7f738b38e,keyword_generic,full,1.0,4,1,0.027125002816319466,cpu
38ad5686b3bb49a0,keyword_generic,full,1.0,4,1,0.03337510861456394,cpu
5793ee3544735762,keyword_generic,full,1.0,4,1,0.027875066734850407,cpu
85eb9f91dec96da0,keyword_generic,full,1.0,4,1,0.017707934603095055,cpu
5527b2b0c0d44766,keyword_generic,full,1.0,4,1,0.03450002986937761,cpu
8bc6bf534f3bb52f,keyword_generic,full,1.0,4,1,0.020249979570508003,cpu
8c6bbcc25013c028,keyword_generic,full,1.0,4,1,0.04108401481062174,cpu
4f7d4d88850ae118,keyword_generic,full,1.0,4,1,0.022999942302703857,cpu
72a33c0ca10a146e,keyword_generic,full,1.0,4,1,0.02716702874749899,cpu
a4f806177e73eb13,keyword_generic,full,1.0,4,1,0.03362505231052637,cpu
e7e1f224d21bb063,keyword_generic,full,1.0,4,1,0.03174995072185993,cpu
c366369b94d505c4,keyword_generic,full,1.0,4,1,0.020625069737434387,cpu
8c348a143c2f11ac,keyword_generic,full,1.0,4,1,0.048874993808567524,cpu
af49455e3d1ff7f5,keyword_generic,full,1.0,4,1,0.02583395689725876,cpu
733acfd9a4b7be0f,keyword_generic,full,1.0,4,1,0.017208047211170197,cpu
1b42d65ac154d9b3,keyword_generic,full,1.0,4,1,0.02575002145022154,cpu
35a6c14230516426,keyword_generic,full,1.0,4,1,0.022582942619919777,cpu
18cde8af2d2b8c0a,keyword_generic,full,1.0,4,1,0.03287510480731726,cpu
275db14f2355c8ac,keyword_generic,full,1.0,4,1,0.025792047381401062,cpu
4afbbbea9fa5e348,keyword_generic,full,1.0,4,1,0.02079200930893421,cpu
dc5b03d1d8828349,keyword_generic,full,1.0,4,1,0.012542004697024822,cpu
e0a2da649f37fb30,keyword_generic,full,1.0,4,1,0.043375068344175816,cpu
6b7f0e690f081052,keyword_generic,full,1.0,4,1,0.039958045817911625,cpu
d96e0ac89a8eda2e,keyword_generic,full,1.0,4,1,0.0500829191878438,cpu
c2b3a8899404acf7,keyword_generic,full,1.0,4,1,0.0302919652312994,cpu
0ad6b1eeab7e44b5,keyword_generic,full,1.0,4,1,0.03574998117983341,cpu
371916e489ae1349,keyword_generic,full,1.0,4,1,0.04191603511571884,cpu
d87c2c84da49a905,keyword_generic,full,1.0,4,1,0.03837491385638714,cpu
e5250727d0fa2f1d,keyword_generic,full,1.0,4,1,0.027875066734850407,cpu
fe40c2d11c29a72f,keyword_generic,full,1.0,4,1,0.046459026634693146,cpu
d7302ec55ad05cd8,keyword_generic,full,1.0,4,1,0.044708955101668835,cpu
f8f20819dc95e33e,keyword_generic,full,1.0,4,1,0.024709035642445087,cpu
f46a52201e17320a,keyword_generic,full,1.0,4,1,0.0327499583363533,cpu
fbed74ad102a38f5,keyword_generic,full,1.0,4,1,0.03062502946704626,cpu
0c2efdd69ab652f7,keyword_generic,full,1.0,4,1,0.029208953492343426,cpu
96c89640ccc036bc,keyword_generic,full,1.0,4,1,0.03483297768980265,cpu
431d8b4429eb55e7,keyword_generic,full,1.0,4,1,0.031832954846322536,cpu
832c3af50e829bfd,keyword_generic,full,1.0,4,1,0.020332983694970608,cpu
61e44d395bcc6dbe,keyword_generic,full,1.0,4,1,0.04791701212525368,cpu
732c65833b9a40b7,keyword_generic,full,1.0,4,1,0.030249939300119877,cpu
df38c94e32867ee8,keyword_generic,full,1.0,4,1,0.04737498238682747,cpu
c5a0d7d935c3cb96,keyword_generic,full,1.0,4,1,0.0350000336766243,cpu
0fe29e9c465e459c,keyword_generic,full,1.0,4,1,0.040207989513874054,cpu
8810db68d424cebf,keyword_generic,full,1.0,4,1,0.045042019337415695,cpu
16ede134f575fb19,keyword_generic,full,1.0,4,1,0.05062494892627001,cpu
a2e2d0aa15dee421,keyword_generic,full,1.0,4,1,0.03295904025435448,cpu
08558f9dd6f0e4e5,keyword_generic,full,1.0,4,1,0.05674990825355053,cpu
e902a4077fa6e4ed,keyword_generic,full,1.0,4,1,0.0374580267816782,cpu
21956affcd31e6fc,keyword_generic,full,1.0,4,1,0.02787495031952858,cpu
339976d3197d56cc,keyword_generic,full,1.0,4,1,0.036375015042722225,cpu
cfc121a4fda2e758,keyword_generic,full,1.0,4,1,0.05283299833536148,cpu
23141b5d133b93d3,keyword_generic,full,1.0,4,1,0.04858302418142557,cpu
ef488a5f569df336,keyword_generic,full,1.0,4,1,0.05429098382592201,cpu
5523aba99469e5e1,keyword_generic,full,1.0,4,1,0.05450006574392319,cpu
ea113e5ce0727e34,keyword_generic,full,1.0,4,1,0.039624981582164764,cpu
e9ad0cc5209f4999,keyword_generic,full,1.0,4,1,0.07708393968641758,cpu
f373a212d63390d4,keyword_generic,full,1.0,4,1,0.040917075239121914,cpu
fcae80d177cc1394,keyword_generic,full,1.0,4,1,0.07658300455659628,cpu
8866ddde88b695bd,keyword_generic,full,1.0,4,1,0.06437499541789293,cpu
9ac9b08b6e9f55ba,keyword_generic,full,1.0,4,1,0.05075009539723396,cpu
fcadc0b0939bb1a8,keyword_generic,full,1.0,4,1,0.06004201713949442,cpu
85a97858c24ea89f,keyword_generic,full,1.0,4,1,0.05725002847611904,cpu
27c1035f42f4b004,keyword_generic,full,1.0,4,1,0.0363329891115427,cpu
f8c766b7c7221ab7,keyword_generic,full,1.0,4,1,0.06433308590203524,cpu
2b1bbbfce8c209c9,keyword_generic,full,1.0,4,1,0.05341705400496721,cpu
ae384b13e5c0d5f2,keyword_generic,full,1.0,4,1,0.03129092510789633,cpu
9de4e65045922952,keyword_generic,full,1.0,4,1,0.042958068661391735,cpu
d474714eea031a02,keyword_generic,full,1.0,4,1,0.040749902836978436,cpu
3b0aba301a08c56a,keyword_generic,full,1.0,4,1,0.05083298310637474,cpu
dc31881507fb9e74,keyword_generic,full,1.0,4,1,0.030082999728620052,cpu
001d53248b7d82ba,keyword_generic,full,1.0,4,1,0.02583395689725876,cpu
4c274b8d9f9d9fed,keyword_generic,full,1.0,4,1,0.01733400858938694,cpu
6dc72217b3b6ef45,keyword_generic,full,1.0,4,1,0.037792022339999676,cpu
e9c8a72b0647d042,keyword_generic,full,1.0,4,1,0.03825000021606684,cpu
d066a7b5c86a4993,keyword_generic,full,1.0,4,1,0.04108401481062174,cpu
0687a572ec5bd4c7,keyword_generic,full,1.0,4,1,0.028792070224881172,cpu
1bfde2f012dc590f,keyword_generic,full,1.0,4,1,0.038708909414708614,cpu
a654794c7ab29458,keyword_generic,full,1.0,4,1,0.04012498538941145,cpu
675c4ecc8c7f866c,keyword_generic,full,1.0,4,1,0.04433305002748966,cpu
9b3a6faab90b1a4f,keyword_generic,full,1.0,4,1,0.02662499900907278,cpu
0b61f49a90dbfb9c,keyword_generic,full,1.0,4,1,0.04095898475497961,cpu
da150a2634b4cc04,keyword_generic,full,1.0,4,1,0.029582995921373367,cpu
902e1c1ceddf443a,keyword_generic,full,1.0,4,1,0.020542065612971783,cpu
dceffcf453831f2c,keyword_generic,full,1.0,4,1,0.027916976250708103,cpu
6d64ad1d988c4b2f,keyword_generic,full,1.0,4,1,0.025416957214474678,cpu
4346654eaf1ca377,keyword_generic,full,1.0,4,1,0.024250010028481483,cpu
987eefe5ca844965,keyword_generic,full,1.0,4,1,0.027582980692386627,cpu
2227914f911f375a,keyword_generic,full,1.0,4,1,0.02362497616559267,cpu
95e696d4514fc4b3,keyword_generic,full,1.0,4,1,0.015666009858250618,cpu
fef8481571ef6420,keyword_generic,full,2.0,0;4,1,0.0451250234618783,cpu
17265b5a4ae41316,keyword_generic,full,2.0,0;4,1,0.02862501423805952,cpu
ded51b7c45dbb7da,keyword_generic,full,2.0,0;4,1,0.04104094114154577,cpu
a9c962c5535ec1ea,keyword_generic,full,2.0,0;4,1,0.03174995072185993,cpu
67e047e346f087af,keyword_generic,full,2.0,0;4,1,0.03441702574491501,cpu
bafdcae10aac3a30,keyword_generic,full,2.0,0;4,1,0.040624989196658134,cpu
ccbc3294e951c768,keyword_generic,full,2.0,0;4,1,0.03900006413459778,cpu
e899091c9bef6114,keyword_generic,full,2.0,0;4,1,0.027666916139423847,cpu
1b8cf6ca90c44814,keyword_generic,full,2.0,0;4,1,0.04354200791567564,cpu
944590843103f44b,keyword_generic,full,2.0,0;4,1,0.032542040571570396,cpu
78c69db4d0c456b0,keyword_generic,full,2.0,0;4,1,0.03724999260157347,cpu
a2badbdcc660714d,keyword_generic,full,2.0,0;4,1,0.05462497938424349,cpu
e3a33bd0fba733a0,keyword_generic,full,2.0,0;4,1,0.051625072956085205,cpu
67ad64c6da95e411,keyword_generic,full,2.0,0;4,1,0.05062494892627001,cpu
5bfb8a00ad3bf2f7,keyword_generic,full,2.0,0;4,1,0.05562498699873686,cpu
d0c3d587c0d7ce66,keyword_generic,full,2.0,0;4,1,0.050166971050202847,cpu
d07d8d9af2bebfdc,keyword_generic,full,2.0,0;4,1,0.034791999496519566,cpu
fd52fc6fffe355cd,keyword_generic,full,2.0,0;4,1,0.08479203097522259,cpu
870e0b8451601c34,keyword_generic,full,2.0,0;4,1,0.0499580055475235,cpu
3384ddb1495c9751,keyword_generic,full,2.0,0;4,1,0.07933401502668858,cpu
47b346460808123a,keyword_generic,full,2.0,0;4,1,0.06816710811108351,cpu
36ff46d24961024f,keyword_generic,full,2.0,0;4,1,0.07499998901039362,cpu
efc4397d4332c719,keyword_generic,full,2.0,0;4,1,0.04341697786003351,cpu
d7cc2b4e01f21cba,keyword_generic,full,2.0,0;4,1,0.0404169550165534,cpu
e1b635923c97070a,keyword_generic,full,2.0,0;4,1,0.028166919946670532,cpu
1b68653f93ca8649,keyword_generic,full,2.0,0;4,1,0.04341709427535534,cpu
420f87adb055b413,keyword_generic,full,2.0,0;4,1,0.03241701051592827,cpu
d6eb68e39423a85b,keyword_generic,full,2.0,0;4,1,0.02504198346287012,cpu
5b182b7115c3e03a,keyword_generic,full,2.0,0;4,1,0.031374976970255375,cpu
9549fadede76839d,keyword_generic,full,2.0,0;4,1,0.029165996238589287,cpu
e944a2dfeb942426,keyword_generic,full,2.0,0;4,1,0.028875074349343777,cpu
e88115b74cd8e603,keyword_generic,full,2.0,0;4,1,0.03145902883261442,cpu
ff395c83825d8371,keyword_generic,full,2.0,0;4,1,0.027833040803670883,cpu
89747e42f29ad71a,keyword_generic,full,2.0,0;4,1,0.020000035874545574,cpu
05bff5b409d455a6,keyword_generic,full,2.0,0;4,1,0.040874932892620564,cpu
f548353bb8b66192,keyword_generic,full,2.0,0;4,1,0.025792047381401062,cpu
6f83f1d476d1c362,keyword_generic,full,2.0,0;4,1,0.038207974284887314,cpu
c07c5e4303625788,keyword_generic,full,2.0,0;4,1,0.0290420139208436,cpu
8afe52eb231e8b7f,keyword_generic,full,2.0,0;4,1,0.03170897252857685,cpu
ca41d5c48c81970e,keyword_generic,full,2.0,0;4,1,0.03783300053328276,cpu
286bc2d039fc8e0e,keyword_generic,full,2.0,0;4,1,0.0363748986274004,cpu
ed3def0b7d2b76c8,keyword_generic,full,2.0,0;4,1,0.02504198346287012,cpu
dd814e9bb80edf6c,keyword_generic,full,2.0,0;4,1,0.04054198507219553,cpu
6fc0cba9928867ed,keyword_generic,full,2.0,0;4,1,0.029999995604157448,cpu
8f006dc621f28fc0,keyword_generic,full,2.0,0;4,1,0.02287491224706173,cpu
12d795dc3c47ebfe,keyword_generic,full,2.0,0;4,1,0.029666000045835972,cpu
3948ffcfbc00bbe1,keyword_generic,full,2.0,0;4,1,0.028082984499633312,cpu
ebb03c0a06100d8c,keyword_generic,full,2.0,0;4,1,0.02695806324481964,cpu
2aee220588c17d14,keyword_generic,full,2.0,0;4,1,0.03041699528694153,cpu
590380b16aae251b,keyword_generic,full,2.0,0;4,1,0.026082969270646572,cpu
c87dd5c8f94d5654,keyword_generic,full,2.0,0;4,1,0.018582912161946297,cpu
ca458f5a954f9e2d,keyword_generic,full,2.0,0;4,1,0.055416952818632126,cpu
1552146382bfd8bd,keyword_generic,full,2.0,0;4,1,0.024541979655623436,cpu
17e08cc953e3d2d9,keyword_generic,full,2.0,0;4,1,0.036958022974431515,cpu
0e9189d44bf11e3a,keyword_generic,full,2.0,0;4,1,0.027667032554745674,cpu
778be93898ba7906,keyword_generic,full,2.0,0;4,1,0.03070896491408348,cpu
82bcb010ef251703,keyword_generic,full,2.0,0;4,1,0.037041958421468735,cpu
bb2234a0f0b25601,keyword_generic,full,2.0,0;4,1,0.0350830378010869,cpu
a1be23e456c5369b,keyword_generic,full,2.0,0;4,1,0.024124979972839355,cpu
1e3b9d61e330c8bf,keyword_generic,full,2.0,0;4,1,0.03933301195502281,cpu
d90c79fb19afae72,keyword_generic,full,2.0,0;4,1,0.029041082598268986,cpu
58ba4ab984bbdd2c,keyword_generic,full,2.0,0;4,1,0.021999934688210487,cpu
eebd1c76c0083f9e,keyword_generic,full,2.0,0;4,1,0.028999987989664078,cpu
83039f1e3e8c0557,keyword_generic,full,2.0,0;4,1,0.026499968953430653,cpu
9831c3023347856d,keyword_generic,full,2.0,0;4,1,0.025999965146183968,cpu
b85f1172fc5a44cf,keyword_generic,full,2.0,0;4,1,0.0290420139208436,cpu
48b4d02cf95c974c,keyword_generic,full,2.0,0;4,1,0.02520799171179533,cpu
f2501cd160f6ee82,keyword_generic,full,2.0,0;4,1,0.017542042769491673,cpu
c488f7c661da2d65,keyword_generic,full,2.0,0;4,1,0.04783400800079107,cpu
879ea025e8fa6ba2,keyword_generic,full,2.0,0;4,1,0.03329198807477951,cpu
fe1c91f3fed22842,keyword_generic,full,2.0,0;4,1,0.04579196684062481,cpu
9c4531111c82403a,keyword_generic,full,2.0,0;4,1,0.03654207102954388,cpu
69a8b8bd73db7f2e,keyword_generic,full,2.0,0;4,1,0.039499951526522636,cpu
34b81fccb2bafd93,keyword_generic,full,2.0,0;4,1,0.04570803139358759,cpu
dfba610804380559,keyword_generic,full,2.0,0;4,1,0.056832912378013134,cpu
83a245f1f64d8dc3,keyword_generic,full,2.0,0;4,1,0.03287498839199543,cpu
48364ca5528ee93c,keyword_generic,full,2.0,0;4,1,0.07979199290275574,cpu
6805f4cc6c64525d,keyword_generic,full,2.0,0;4,1,0.04779093433171511,cpu
40c5dd0e3ee9e6eb,keyword_generic,full,2.0,0;4,1,0.03245798870921135,cpu
cd560e503ff47951,keyword_generic,full,2.0,0;4,1,0.038958038203418255,cpu
8334eb2bdf652432,keyword_generic,full,2.0,0;4,1,0.03666698466986418,cpu
be725471a6d9421c,keyword_generic,full,2.0,0;4,1,0.039499951526522636,cpu
def4f3685bbc1529,keyword_generic,full,2.0,0;4,1,0.040207989513874054,cpu
4cdaa735465f12b8,keyword_generic,full,2.0,0;4,1,0.03487500362098217,cpu
a0ff6b4f118ff753,keyword_generic,full,2.0,0;4,1,0.030084047466516495,cpu
47c328e78c24edbc,keyword_generic,full,2.0,0;4,1,0.046625034883618355,cpu
944ec8e55c037823,keyword_generic,full,2.0,0;4,1,0.028499984182417393,cpu
57c8e9df02973119,keyword_generic,full,2.0,0;4,1,0.04145794082432985,cpu
c97026a56b482155,keyword_generic,full,2.0,0;4,1,0.032415962778031826,cpu
4c51d1aea8d66847,keyword_generic,full,2.0,0;4,1,0.03550003748387098,cpu
90564810b443f3cf,keyword_generic,full,2.0,0;4,1,0.042208004742860794,cpu
74705fd164a57442,keyword_generic,full,2.0,0;4,1,0.039958045817911625,cpu
04014bcabf6e39cf,keyword_generic,full,2.0,0;4,1,0.02883397974073887,cpu
4c49dba853ad0f45,keyword_generic,full,2.0,0;4,1,0.04499999340623617,cpu
09f51d7c5e878542,keyword_generic,full,2.0,0;4,1,0.03383297007530928,cpu
ccd29ad042f9a6c2,keyword_generic,full,2.0,0;4,1,0.02650008536875248,cpu
3dbf9d7298b4ba6a,keyword_generic,full,2.0,0;4,1,0.03316707443445921,cpu
02c63ea515849365,keyword_generic,full,2.0,0;4,1,0.030833063647150993,cpu
70268a5150e9954b,keyword_generic,full,2.0,0;4,1,0.030833063647150993,cpu
36d7a923acdf13cb,keyword_generic,full,2.0,0;4,1,0.033665914088487625,cpu
1ad1c8a7ad8ea3aa,keyword_generic,full,2.0,0;4,1,0.0301670515909791,cpu
167eb01a3325e90f,keyword_generic,full,2.0,0;4,1,0.023667002096772194,cpu
cee8896ba107e4dd,keyword_generic,full,2.0,0;4,1,0.04600000102072954,cpu
073a7a2adf8a975f,keyword_generic,full,2.0,0;4,1,0.030082999728620052,cpu
0de836ca729a0ce4,keyword_generic,full,2.0,0;4,1,0.04337495192885399,cpu
affd182c3e12bad0,keyword_generic,full,2.0,0;4,1,0.03670796286314726,cpu
d05e43f491d32323,keyword_generic,full,2.0,0;4,1,0.03491598181426525,cpu
95851296503214fb,keyword_generic,full,2.0,0;4,1,0.047666020691394806,cpu
d0a336fff42655c3,keyword_generic,full,2.0,0;4,1,0.047749956138432026,cpu
12708c36abf7d224,keyword_generic,full,2.0,0;4,1,0.027333968318998814,cpu
75dbb6351a9f40c3,keyword_generic,full,2.0,0;4,1,0.04779093433171511,cpu
845ae40c2eab06e6,keyword_generic,full,2.0,0;4,1,0.03570900298655033,cpu
402fb8153c6bcf02,keyword_generic,full,2.0,0;4,1,0.026083900593221188,cpu
a7f25a2f8927bd15,keyword_generic,full,2.0,0;4,1,0.03095809370279312,cpu
f48e191db0413dc6,keyword_generic,full,2.0,0;4,1,0.032540992833673954,cpu
56141814233996fb,keyword_generic,full,2.0,0;4,1,0.028374954126775265,cpu
b55dd19d75f7e09d,keyword_generic,full,2.0,0;4,1,0.03104202914983034,cpu
f52a168eafdcc70d,keyword_generic,full,2.0,0;4,1,0.02754107117652893,cpu
f524304538a21f07,keyword_generic,full,2.0,0;4,1,0.019417027942836285,cpu
3e18ecc430ce935c,keyword_generic,full,2.0,0;4,1,0.05091703496873379,cpu
e34a41dc08b030df,keyword_generic,full,2.0,0;4,1,0.04104210529476404,cpu
36a4b3b703a1965f,keyword_generic,full,2.0,0;4,1,0.04854099825024605,cpu
829f2a07ad92e335,keyword_generic,full,2.0,0;4,1,0.041749910451471806,cpu
d8ea3203062446b8,keyword_generic,full,2.0,0;4,1,0.045291963033378124,cpu
1f27730b80f96b30,keyword_generic,full,2.0,0;4,1,0.050083035603165627,cpu
b7ef1a1e7df0c62a,keyword_generic,full,2.0,0;4,1,0.04650000482797623,cpu
bd3f5b9c20fabbdb,keyword_generic,full,2.0,0;4,1,0.03508396912366152,cpu
ca15a2004b317367,keyword_generic,full,2.0,0;4,1,0.050791073590517044,cpu
5578081ff89d9686,keyword_generic,full,2.0,0;4,1,0.04008389078080654,cpu
785ee979e52f7f7f,keyword_generic,full,2.0,0;4,1,0.03279105294495821,cpu
5ba0b4ed41affaf5,keyword_generic,full,2.0,0;4,1,0.039416016079485416,cpu
ce9cc23d28da9816,keyword_generic,full,2.0,0;4,1,0.04341593012213707,cpu
a8523fedc1782e26,keyword_generic,full,2.0,0;4,1,0.03699993249028921,cpu
97f5a8eb6f9aa255,keyword_generic,full,2.0,0;4,1,0.03945804201066494,cpu
e737d5a122cb099e,keyword_generic,full,2.0,0;4,1,0.04295899998396635,cpu
2eb01a15cb60f297,keyword_generic,full,2.0,0;4,1,0.028165988624095917,cpu
9b3209a1bec2cf2f,keyword_generic,full,2.0,0;4,1,0.047291978262364864,cpu
8549e46a1bfedea6,keyword_generic,full,2.0,0;4,1,0.03191700670868158,cpu
0ad0f3365bbad536,keyword_generic,full,2.0,0;4,1,0.04666706081479788,cpu
8aeecce781182085,keyword_generic,full,2.0,0;4,1,0.03754196222871542,cpu
3b5f210d4544720b,keyword_generic,full,2.0,0;4,1,0.037207966670393944,cpu
744c7e6651cbe063,keyword_generic,full,2.0,0;4,1,0.04475004971027374,cpu
463db4c0027a4cbc,keyword_generic,full,2.0,0;4,1,0.042791012674570084,cpu
9d0e72fd6d7210aa,keyword_generic,full,2.0,0;4,1,0.03579189069569111,cpu
1c1ff2bc5eb5b9db,keyword_generic,full,2.0,0;4,1,0.04766706842929125,cpu
a9c106c9fb3fa596,keyword_generic,full,2.0,0;4,1,0.04199997056275606,cpu
8f20c95714a4a32e,keyword_generic,full,2.0,0;4,1,0.0315000070258975,cpu
29292acd9411cb47,keyword_generic,full,2.0,0;4,1,0.03533298149704933,cpu
fed8fed26bba9353,keyword_generic,full,2.0,0;4,1,0.03291596658527851,cpu
d58bb594acc87be9,keyword_generic,full,2.0,0;4,1,0.03250001464039087,cpu
15abd025ee3d20bb,keyword_generic,full,2.0,0;4,1,0.035958015359938145,cpu
a8c065bdd3164053,keyword_generic,full,2.0,0;4,1,0.03204203676432371,cpu
02c8d578a2cf88fe,keyword_generic,full,2.0,0;4,1,0.029709073714911938,cpu
4ca0913047a81372,keyword_generic,full,2.0,0;4,1,0.03970798570662737,cpu
1857b62ecdedf88e,keyword_generic,full,2.0,0;4,1,0.025000073947012424,cpu
97b5ec405e5b8cac,keyword_generic,full,2.0,0;4,1,0.03816699609160423,cpu
6f8e6ef8ad6925f6,keyword_generic,full,2.0,0;4,1,0.02795807085931301,cpu
0e5baad11fc41326,keyword_generic,full,2.0,0;4,1,0.031083007343113422,cpu
243f34e3d10f6021,keyword_generic,full,2.0,0;4,1,0.03800005652010441,cpu
1c72ff43d2638082,keyword_generic,full,2.0,0;4,1,0.03600004129111767,cpu
0acee31c43f5b5af,keyword_generic,full,2.0,0;4,1,0.024667009711265564,cpu
85889833a0d05249,keyword_generic,full,2.0,0;4,1,0.04075001925230026,cpu
8fbd812dfe2ae353,keyword_generic,full,2.0,0;4,1,0.03400002606213093,cpu
24dd5cfbb7c8063f,keyword_generic,full,2.0,0;4,1,0.022332998923957348,cpu
4de64c0ca9b0903e,keyword_generic,full,2.0,0;4,1,0.02937507815659046,cpu
06fcc67c8ecf9ea5,keyword_generic,full,2.0,0;4,1,0.027125002816319466,cpu
e8a8ded14982136a,keyword_generic,full,2.0,0;4,1,0.026333960704505444,cpu
e3de69746b1c13c1,keyword_generic,full,2.0,0;4,1,0.028959009796380997,cpu
d9b59af6d0d47eed,keyword_generic,full,2.0,0;4,1,0.030125025659799576,cpu
dbd96a572e05aaf4,keyword_generic,full,2.0,0;4,1,0.017874990589916706,cpu
46e61f04131fc2cf,keyword_generic,full,2.0,0;4,1,0.04537496715784073,cpu
8e52c78362649d40,keyword_generic,full,2.0,0;4,1,0.030666007660329342,cpu
a7df44952e7e5c90,keyword_generic,full,2.0,0;4,1,0.044042011722922325,cpu
2e346aabf5aeae20,keyword_generic,full,2.0,0;4,1,0.03825000021606684,cpu
cf0f449f51afb843,keyword_generic,full,2.0,0;4,1,0.036792014725506306,cpu
ec2b328fc42fd506,keyword_generic,full,2.0,0;4,1,0.04358298610895872,cpu
a50ac84d47589848,keyword_generic,full,2.0,0;4,1,0.04112499300390482,cpu
32598167df350c7f,keyword_generic,full,2.0,0;4,1,0.034917029552161694,cpu
361363447ffc1803,keyword_generic,full,2.0,0;4,1,0.045749940909445286,cpu
e97ad343ef65624c,keyword_generic,full,2.0,0;4,1,0.0350000336766243,cpu
4d940c2cc187cc66,keyword_generic,full,2.0,0;4,1,0.027540954761207104,cpu
efef116c6c26a200,keyword_generic,full,2.0,0;4,1,0.03970798570662737,cpu
37a29ab34fe7df22,keyword_generic,full,2.0,0;4,1,0.03241701051592827,cpu
12872185a3bc40d6,keyword_generic,full,2.0,0;4,1,0.03183400258421898,cpu
9e1ac30d7393ad22,keyword_generic,full,2.0,0;4,1,0.03808306064456701,cpu
eb81aaee0509c124,keyword_generic,full,2.0,0;4,1,0.03275007475167513,cpu
f4bcfeff7b5f49f0,keyword_generic,full,2.0,0;4,1,0.02675002906471491,cpu
f8dda658168387e2,keyword_generic,full,2.0,0;4,1,0.046083005145192146,cpu
754250274235ea06,keyword_generic,full,2.0,0;4,1,0.03087497316300869,cpu
f9262cb0ff1508e7,keyword_generic,full,2.0,0;4,1,0.04549999721348286,cpu
11e96372b8badbd1,keyword_generic,full,2.0,0;4,1,0.043541076593101025,cpu
7d919eb45d0c3097,keyword_generic,full,2.0,0;4,1,0.03954197745770216,cpu
5054db43c2e387ec,keyword_generic,full,2.0,0;4,1,0.04349998198449612,cpu
b861c1b62d52d92a,keyword_generic,full,2.0,0;4,1,0.04529103171080351,cpu
0f4a5b64eb09c287,keyword_generic,full,2.0,0;4,1,0.031374976970255375,cpu
8eabb4139f46d8a1,keyword_generic,full,2.0,0;4,1,0.046332948841154575,cpu
503a4306db8b260c,keyword_generic,full,2.0,0;4,1,0.04041590727865696,cpu
a461c8daa96f7bd0,keyword_generic,full,2.0,0;4,1,0.057458062656223774,cpu
fdd2aa2aa417d191,keyword_generic,full,2.0,0;4,1,0.04879198968410492,cpu
3434f1481422f904,keyword_generic,full,2.0,0;4,1,0.042541068978607655,cpu
342b2484d6754633,keyword_generic,full,2.0,0;4,1,0.04216702654957771,cpu
ee3e22716e786535,keyword_generic,full,2.0,0;4,1,0.053333002142608166,cpu
72dd21e8a4b77280,keyword_generic,full,2.0,0;4,1,0.04075001925230026,cpu
72e9ab125b636b2c,keyword_generic,full,2.0,0;4,1,0.02937507815659046,cpu
1164dad943054187,keyword_generic,full,2.0,0;4,1,0.0588749535381794,cpu
75b8a46d64c7efe0,keyword_generic,full,2.0,0;4,1,0.02345896791666746,cpu
0daf44a57c8ba6c0,keyword_generic,full,2.0,0;4,1,0.03570795524865389,cpu
38fe61b1ba2d441f,keyword_generic,full,2.0,0;4,1,0.025667017325758934,cpu
6177e4cf453f387a,keyword_generic,full,2.0,0;4,1,0.02883397974073887,cpu
d5b7058f3a0bc062,keyword_generic,full,2.0,0;4,1,0.034958007745444775,cpu
ae8a1349f301ca37,keyword_generic,full,2.0,0;4,1,0.033208983950316906,cpu
8d467d25574b29fb,keyword_generic,full,2.0,0;4,1,0.02220796886831522,cpu
3b51db42dbed9222,keyword_generic,full,2.0,0;4,1,0.03758398815989494,cpu
e6fb79b509715560,keyword_generic,full,2.0,0;4,1,0.027082976885139942,cpu
453c56c6059f7a20,keyword_generic,full,2.0,0;4,1,0.019832979887723923,cpu
24aba393d1b9691d,keyword_generic,full,2.0,0;4,1,0.026541994884610176,cpu
37d63d45236ba2bd,keyword_generic,full,2.0,0;4,1,0.02429191954433918,cpu
6cc5b2ca3b7cf3d2,keyword_generic,full,2.0,0;4,1,0.024124979972839355,cpu
e4e1e83b2b587698,keyword_generic,full,2.0,0;4,1,0.02674991264939308,cpu
c92c05cd17ef9f6c,keyword_generic,full,2.0,0;4,1,0.023000058718025684,cpu
b92374c096d5c76a,keyword_generic,full,2.0,0;4,1,0.015208963304758072,cpu
8fc9ad6f061d8fb3,keyword_generic,full,1.0,0,1,0.04212500061839819,cpu
eb6fc59c0340a5de,keyword_generic,full,1.0,0,1,0.03329198807477951,cpu
f30d4e7e1e84d98f,keyword_generic,full,1.0,0,1,0.04483293741941452,cpu
bf61d207c240d3d3,keyword_generic,full,1.0,0,1,0.030374969355762005,cpu
1399e079024c9431,keyword_generic,full,1.0,0,1,0.03466603811830282,cpu
0f4c90dc5e151e6c,keyword_generic,full,1.0,0,1,0.04141696263104677,cpu
ea890e4b803ca364,keyword_generic,full,1.0,0,1,0.03774999640882015,cpu
550e02fb1188f884,keyword_generic,full,1.0,0,1,0.028000096790492535,cpu
43679c94b7f7407e,keyword_generic,full,1.0,0,1,0.1074580941349268,cpu
b5829078f0884780,keyword_generic,full,1.0,0,1,0.07445900700986385,cpu
fb001fbbeed9568c,keyword_generic,full,1.0,0,1,0.04837499000132084,cpu
17b5582b4ecf7f43,keyword_generic,full,1.0,0,1,0.06595789454877377,cpu
4a41476ddfde631b,keyword_generic,full,1.0,0,1,0.06600003689527512,cpu
5ea1d10f5f189a16,keyword_generic,full,1.0,0,1,0.06708293221890926,cpu
b181011af3e1a346,keyword_generic,full,1.0,0,1,0.06491702515631914,cpu
0a06e0444b2294a5,keyword_generic,full,1.0,0,1,0.05533394869416952,cpu
67c06885d1049bd0,keyword_generic,full,1.0,0,1,0.04320789594203234,cpu
fc9f0b68b0bb9c20,keyword_generic,full,2.0,0;4,1,0.08537492249161005,cpu
51dd4bec2c08d0f4,keyword_generic,full,2.0,0;4,1,0.050709000788629055,cpu
764292d0a76d90e9,keyword_generic,full,2.0,0;4,1,0.0895840348675847,cpu
8f1c498cfeb9f47c,keyword_generic,full,2.0,0;4,1,0.04325003828853369,cpu
ba3995e6cdff022d,keyword_generic,full,2.0,0;4,1,0.041665975004434586,cpu
517f5524e583a78f,keyword_generic,full,2.0,0;4,1,0.0540419714525342,cpu
0ed619d24d7c954d,keyword_generic,full,2.0,0;4,1,0.044375075958669186,cpu
f06f3a39a48d5d9f,keyword_generic,full,2.0,0;4,1,0.03233295865356922,cpu
2dbe1ac7c163e34e,keyword_generic,full,2.0,0;4,1,0.054750009439885616,cpu
cfb716fd65e02b3b,keyword_generic,full,2.0,0;4,1,0.04483293741941452,cpu
371ed5ad4ee745db,keyword_generic,full,2.0,0;4,1,0.028999987989664078,cpu
60b709214386d5bd,keyword_generic,full,2.0,0;4,1,0.03687490243464708,cpu
cf1d742bf3902196,keyword_generic,full,2.0,0;4,1,0.0355839729309082,cpu
bfc6825a3a128f3f,keyword_generic,full,2.0,0;4,1,0.03800005652010441,cpu
f6e355e3aee56ac7,keyword_generic,full,2.0,0;4,1,0.04241697024554014,cpu
90dc243fb634104b,keyword_generic,full,2.0,0;4,1,0.029833056032657623,cpu
f38f73a711bc647e,keyword_generic,full,2.0,0;4,1,0.019166036508977413,cpu
2d991541c518ed7c,keyword_generic,full,2.0,0;4,1,0.05041598342359066,cpu
dabae08e108777ea,keyword_generic,full,2.0,0;4,1,0.0362080754712224,cpu
90cace39123c1d42,keyword_generic,full,2.0,0;4,1,0.044541084207594395,cpu
f2f64cedbca81c21,keyword_generic,full,2.0,0;4,1,0.03316707443445921,cpu
56c23acaee7b03dc,keyword_generic,full,2.0,0;4,1,0.04166702274233103,cpu
7cc129711e66c989,keyword_generic,full,2.0,0;4,1,0.04295899998396635,cpu
90054e25fbf345a7,keyword_generic,full,2.0,0;4,1,0.040917075239121914,cpu
7f6c86e610135399,keyword_generic,full,2.0,0;4,1,0.02954190131276846,cpu
537cb37748a8181f,keyword_generic,full,2.0,0;4,1,0.05833397153764963,cpu
6f74a11936cc4ed7,keyword_generic,full,2.0,0;4,1,0.03629201091825962,cpu
9b17eef2c5f8bbdb,keyword_generic,full,2.0,0;4,1,0.027999980375170708,cpu
8194c9d7da01a8be,keyword_generic,full,2.0,0;4,1,0.03533298149704933,cpu
c8e8df4938669a3e,keyword_generic,full,2.0,0;4,1,0.034624943509697914,cpu
dafe631d60bdbe29,keyword_generic,full,2.0,0;4,1,0.033624935895204544,cpu
5ad46fcfe601e520,keyword_generic,full,2.0,0;4,1,0.03679096698760986,cpu
7c9415bc963337d2,keyword_generic,full,2.0,0;4,1,0.03566697705537081,cpu
58deaa7f48c7da38,keyword_generic,full,2.0,0;4,1,0.02537504769861698,cpu
f7b8f01f3ffc05fc,keyword_generic,full,2.0,0;4,1,0.04612503107637167,cpu
900c9fbea9a907c6,keyword_generic,full,2.0,0;4,1,0.029333052225410938,cpu
861dd1ea8747b2ee,keyword_generic,full,2.0,0;4,1,0.0439999857917428,cpu
788ea24dd0cd1d3d,keyword_generic,full,2.0,0;4,1,0.03279093652963638,cpu
562ab41d60a9cb05,keyword_generic,full,2.0,0;4,1,0.03687490243464708,cpu
1f842fb5be4262e0,keyword_generic,full,2.0,0;4,1,0.04879094194620848,cpu
fb0f9de02cfd0cdc,keyword_generic,full,2.0,0;4,1,0.04729104693979025,cpu
b8073b60a1070b2c,keyword_generic,full,2.0,0;4,1,0.028916983865201473,cpu
ded3eeda6d0b7b81,keyword_generic,full,2.0,0;4,1,0.09099999442696571,cpu
ca283c6d0e99410b,keyword_generic,full,2.0,0;4,1,0.0326669542118907,cpu
9d0e739b5dde147e,keyword_generic,full,2.0,0;4,1,0.024374923668801785,cpu
9956e8c103846039,keyword_generic,full,2.0,0;4,1,0.03070791717618704,cpu
6fb41ab1610f9c3f,keyword_generic,full,2.0,0;4,1,0.028875074349343777,cpu
66039331b8d06b12,keyword_generic,full,2.0,0;4,1,0.027708010748028755,cpu
f6836a46d88a23ae,keyword_generic,full,2.0,0;4,1,0.030374969355762005,cpu
d7f7d6a85d3ace76,keyword_generic,full,2.0,0;4,1,0.02675002906471491,cpu
b4e89f44707ee80c,keyword_generic,full,2.0,0;4,1,0.018874998204410076,cpu
bacc7bc459d18dfb,keyword_generic,full,2.0,0;4,1,0.04100007936358452,cpu
3182441a14fd4fb9,keyword_generic,full,2.0,0;4,1,0.026124995201826096,cpu
6106c10e8ba506ce,keyword_generic,full,2.0,0;4,1,0.0391670037060976,cpu
40c85b6094a53f40,keyword_generic,full,2.0,0;4,1,0.029708025977015495,cpu
28278e87b55432dd,keyword_generic,full,2.0,0;4,1,0.032540992833673954,cpu
77b50ff6bfbc43de,keyword_generic,full,2.0,0;4,1,0.039499951526522636,cpu
1c4363eb12aa1ed8,keyword_generic,full,2.0,0;4,1,0.03733299672603607,cpu
c3d426f48617c9da,keyword_generic,full,2.0,0;4,1,0.02604094333946705,cpu
fdc7e4511d30044b,keyword_generic,full,2.0,0;4,1,0.04191696643829346,cpu
b111728158ac9be3,keyword_generic,full,2.0,0;4,1,0.030875089578330517,cpu
fd71bc64e82345a1,keyword_generic,full,2.0,0;4,1,0.02358399797230959,cpu
62bded125665728b,keyword_generic,full,2.0,0;4,1,0.03016588743776083,cpu
bdbc52d258156c50,keyword_generic,full,2.0,0;4,1,0.028749927878379822,cpu
764a70c72cede6d9,keyword_generic,full,2.0,0;4,1,0.02787495031952858,cpu
ba71d13c8935ad8f,keyword_generic,full,2.0,0;4,1,0.030957977287471294,cpu
0b5ed69923d22b23,keyword_generic,full,2.0,0;4,1,0.026916968636214733,cpu
311f9f0ddf85687a,keyword_generic,full,2.0,0;4,1,0.019041006453335285,cpu
7c886c80816449d0,keyword_generic,full,2.0,0;4,1,0.04116701893508434,cpu
534a282d01aeec65,keyword_generic,full,2.0,0;4,1,0.026083900593221188,cpu
ecfcfeefeefed790,keyword_generic,full,2.0,0;4,1,0.039375037886202335,cpu
66f8f913a6535ee5,keyword_generic,full,2.0,0;4,1,0.029708025977015495,cpu
13b3898dafeeb94a,keyword_generic,full,2.0,0;4,1,0.03233307506889105,cpu
a76179e8a8e407a5,keyword_generic,full,2.0,0;4,1,0.039375037886202335,cpu
a18b3db6cdf6e186,keyword_generic,full,2.0,0;4,1,0.037375022657215595,cpu
cebb6fd9e28705bf,keyword_generic,full,2.0,0;4,1,0.026082969270646572,cpu
b0bf1df6db1f80a5,keyword_generic,full,2.0,0;4,1,0.04175002686679363,cpu
f74106c2065c0fbe,keyword_generic,full,2.0,0;4,1,0.030709081329405308,cpu
7eaebc1ccd2adf3e,keyword_generic,full,2.0,0;4,1,0.02379098441451788,cpu
ccc793f8fa251732,keyword_generic,full,2.0,0;4,1,0.03041699528694153,cpu
70763ad4ffc59e37,keyword_generic,full,2.0,0;4,1,0.028624897822737694,cpu
bca6d38c37f368bc,keyword_generic,full,2.0,0;4,1,0.028084032237529755,cpu
332663fee71fb8be,keyword_generic,full,2.0,0;4,1,0.03112491685897112,cpu
4a3e52d852b6c3a0,keyword_generic,full,2.0,0;4,1,0.02704199869185686,cpu
ba021b9c0c02b2f1,keyword_generic,full,2.0,0;4,1,0.01933402381837368,cpu
968e90e642d0bc58,keyword_generic,full,2.0,0;4,1,0.04254200030118227,cpu
bc8b2518467ee50f,keyword_generic,full,2.0,0;4,1,0.027708010748028755,cpu
012641c7996d9084,keyword_generic,full,2.0,0;4,1,0.04099996294826269,cpu
cc262b1999c81e74,keyword_generic,full,2.0,0;4,1,0.031624920666217804,cpu
021b6b752fe29af9,keyword_generic,full,2.0,0;4,1,0.03424996975809336,cpu
e3d9ca878589a602,keyword_generic,full,2.0,0;4,1,0.04087504930794239,cpu
f52c5ec409923b87,keyword_generic,full,2.0,0;4,1,0.039041973650455475,cpu
35d6966622472375,keyword_generic,full,2.0,0;4,1,0.027999980375170708,cpu
d1bd9aa381be5779,keyword_generic,full,2.0,0;4,1,0.04337495192885399,cpu
5db982f0d1a25e6d,keyword_generic,full,2.0,0;4,1,0.03258301876485348,cpu
c4f80351ae88dd3d,keyword_generic,full,2.0,0;4,1,0.041041988879442215,cpu
24fd72da708dc6e3,keyword_generic,full,2.0,0;4,1,0.03558304160833359,cpu
52cc40b8b39b4ce7,keyword_generic,full,2.0,0;4,1,0.03004202153533697,cpu
2661e146eb57ae44,keyword_generic,full,2.0,0;4,1,0.030499999411404133,cpu
9e760fd4db1552e7,keyword_generic,full,2.0,0;4,1,0.03200001083314419,cpu
3db2f94e4ff5df3d,keyword_generic,full,2.0,0;4,1,0.028416048735380173,cpu
e807a481c7238280,keyword_generic,full,2.0,0;4,1,0.021249987185001373,cpu
bccd55de9b50dd42,keyword_generic,full,3.0,0;4;7,1,0.03845803439617157,cpu
1c922d0fbe4f8b4a,keyword_generic,full,3.0,0;4;7,1,0.023041036911308765,cpu
2c703dc10ad33de6,keyword_generic,full,3.0,0;4;7,1,0.03358395770192146,cpu
d5cc76d2168c1b4d,keyword_generic,full,3.0,0;4;7,1,0.026292051188647747,cpu
3f551a65acdc9cf2,keyword_generic,full,3.0,0;4;7,1,0.02829195000231266,cpu
a470665f74e0669a,keyword_generic,full,3.0,0;4;7,1,0.03570900298655033,cpu
a05d7dbb71c45053,keyword_generic,full,3.0,0;4;7,1,0.03445800393819809,cpu
e43ed32c2c92a962,keyword_generic,full,3.0,0;4;7,1,0.02174999099224806,cpu
96034d67bea874c7,keyword_generic,full,3.0,0;4;7,1,0.03533309791237116,cpu
504d89102341be9e,keyword_generic,full,3.0,0;4;7,1,0.029041082598268986,cpu
d2c700623bced707,keyword_generic,full,3.0,0;4;7,1,0.024249893613159657,cpu
604606cea8506e63,keyword_generic,full,3.0,0;4;7,1,0.02687494270503521,cpu
bab52e04fe7c0d12,keyword_generic,full,3.0,0;4;7,1,0.026541994884610176,cpu
e3d3c0d784137003,keyword_generic,full,3.0,0;4;7,1,0.028582988306879997,cpu
e03153206ce6a15b,keyword_generic,full,3.0,0;4;7,1,0.02674991264939308,cpu
035f5a2d1f8e58f9,keyword_generic,full,3.0,0;4;7,1,0.023042084649205208,cpu
2095e8030c83b75d,keyword_generic,full,3.0,0;4;7,1,0.01595797948539257,cpu
6c4105af44300d11,keyword_generic,full,2.0,0;4,1,0.04866707604378462,cpu
ae8129bcc87c7d6c,keyword_generic,full,2.0,0;4,1,0.038917060010135174,cpu
872952dfa5b3372e,keyword_generic,full,2.0,0;4,1,0.045666005462408066,cpu
336e617875d12c35,keyword_generic,full,2.0,0;4,1,0.03658398054540157,cpu
9d5aad96001e541e,keyword_generic,full,2.0,0;4,1,0.03975001163780689,cpu
6c64480943ab3588,keyword_generic,full,2.0,0;4,1,0.05391694139689207,cpu
cf96c08161045f65,keyword_generic,full,2.0,0;4,1,0.0439999857917428,cpu
19df39a9e60cde44,keyword_generic,full,2.0,0;4,1,0.03370794001966715,cpu
4809134bf1f45556,keyword_generic,full,2.0,0;4,1,0.09191595017910004,cpu
09c08321efba45ff,keyword_generic,full,2.0,0;4,1,0.041874940507113934,cpu
8e2c216e4a89acb4,keyword_generic,full,2.0,0;4,1,0.03320805262774229,cpu
4a864bfc546a335d,keyword_generic,full,2.0,0;4,1,0.038624973967671394,cpu
b10d425ad2f6c2bb,keyword_generic,full,2.0,0;4,1,0.04191696643829346,cpu
0f1d101f37012dbe,keyword_generic,full,2.0,0;4,1,0.044500106014311314,cpu
ef975791a2785a9e,keyword_generic,full,2.0,0;4,1,0.038707978092134,cpu
c92aedd4cdd457f4,keyword_generic,full,2.0,0;4,1,0.044042011722922325,cpu
ed6aecde0425e4da,keyword_generic,full,2.0,0;4,1,0.028374954126775265,cpu
eb79c346f4f6d3d9,keyword_generic,full,2.0,0;4,1,0.04441698547452688,cpu
3f20c65f38711539,keyword_generic,full,2.0,0;4,1,0.030542025342583656,cpu
3a5a7012dadf8fb3,keyword_generic,full,2.0,0;4,1,0.04249997437000275,cpu
8818b1a7deb6e99e,keyword_generic,full,2.0,0;4,1,0.03245798870921135,cpu
514adac053ec3ebb,keyword_generic,full,2.0,0;4,1,0.03504205960780382,cpu
96765da94a70c83e,keyword_generic,full,2.0,0;4,1,0.0426670303568244,cpu
e13223c792cc291c,keyword_generic,full,2.0,0;4,1,0.040541053749620914,cpu
7dc0dc5a06757d48,keyword_generic,full,2.0,0;4,1,0.02920802216976881,cpu
fa712f2c8a8ea09c,keyword_generic,full,2.0,0;4,1,0.04441698547452688,cpu
24ac596cb16a081a,keyword_generic,full,2.0,0;4,1,0.034334021620452404,cpu
cfee4dd4c2fb2425,keyword_generic,full,2.0,0;4,1,0.02704199869185686,cpu
bfa4e9e3adb5a9d7,keyword_generic,full,2.0,0;4,1,0.0338749960064888,cpu
7a74cdbbccaf9f98,keyword_generic,full,2.0,0;4,1,0.031250063329935074,cpu
9599c44aac2065df,keyword_generic,full,2.0,0;4,1,0.030790921300649643,cpu
3f2d7ea36f54f9cb,keyword_generic,full,2.0,0;4,1,0.03420806024223566,cpu
81434524078a1944,keyword_generic,full,2.0,0;4,1,0.03033305983990431,cpu
e006adcde6dacd05,keyword_generic,full,2.0,0;4,1,0.022541964426636696,cpu
3306041f379be90f,keyword_generic,full,2.0,0;4,1,0.05716702435165644,cpu
fbe542b673f73396,keyword_generic,full,2.0,0;4,1,0.03554194699972868,cpu
c243479bd9af0873,keyword_generic,full,2.0,0;4,1,0.05279097240418196,cpu
22e88f6116a5209b,keyword_generic,full,2.0,0;4,1,0.04145794082432985,cpu
a1af7d5c361580c4,keyword_generic,full,2.0,0;4,1,0.04195794463157654,cpu
f0d92b978abd6d74,keyword_generic,full,2.0,0;4,1,0.04812492989003658,cpu
6b4ad356875c018c,keyword_generic,full,2.0,0;4,1,0.047708977945148945,cpu
887d7f8ed167b973,keyword_generic,full,2.0,0;4,1,0.04120892845094204,cpu
e4f73e1b37092d0a,keyword_generic,full,2.0,0;4,1,0.051875016652047634,cpu
96ae03811c1805a6,keyword_generic,full,2.0,0;4,1,0.05291705019772053,cpu
b99c85c3c9cee9bc,keyword_generic,full,2.0,0;4,1,0.04291604273021221,cpu
97f88db655ce1753,keyword_generic,full,2.0,0;4,1,0.04170904867351055,cpu
77fafea74405be3f,keyword_generic,full,2.0,0;4,1,0.038375030271708965,cpu
23fc7aeb62c844ac,keyword_generic,full,2.0,0;4,1,0.03854196984320879,cpu
49dc619e9a560e32,keyword_generic,full,2.0,0;4,1,0.043791020289063454,cpu
981c9da431275d84,keyword_generic,full,2.0,0;4,1,0.03912497777491808,cpu
2c4904b3ee9194a5,keyword_generic,full,2.0,0;4,1,0.029250048100948334,cpu
a0210132c68304c8,keyword_generic,full,2.0,0;4,1,0.04366703797131777,cpu
610d58d35aa5c6f7,keyword_generic,full,2.0,0;4,1,0.02845900598913431,cpu
d56803a1ae7fb8b6,keyword_generic,full,2.0,0;4,1,0.041499966755509377,cpu
4801ed273ef345fb,keyword_generic,full,2.0,0;4,1,0.031415955163538456,cpu
16c98bda1a766106,keyword_generic,full,2.0,0;4,1,0.03458396531641483,cpu
0d3610145ac7ecff,keyword_generic,full,2.0,0;4,1,0.0422910088673234,cpu
668b8290913ec11f,keyword_generic,full,2.0,0;4,1,0.03970798570662737,cpu
802795d8b3b3f324,keyword_generic,full,2.0,0;4,1,0.02816703636199236,cpu
01453f84984ec7a8,keyword_generic,full,2.0,0;4,1,0.043459003791213036,cpu
4773ef311b6e2c75,keyword_generic,full,2.0,0;4,1,0.0327499583363533,cpu
6baed0f0e1049f58,keyword_generic,full,2.0,0;4,1,0.025499961338937283,cpu
f1c9d7e0376eda3e,keyword_generic,full,2.0,0;4,1,0.03216695040464401,cpu
7ecc29c39e9dd264,keyword_generic,full,2.0,0;4,1,0.03145798109471798,cpu
949ec333ee36794f,keyword_generic,full,2.0,0;4,1,0.042041996493935585,cpu
0b5bccccd2c59aac,keyword_generic,full,2.0,0;4,1,0.03329198807477951,cpu
343f68ecc3712e8f,keyword_generic,full,2.0,0;4,1,0.029666000045835972,cpu
77cbca82dad711b9,keyword_generic,full,2.0,0;4,1,0.021249987185001373,cpu
e905f54cfb28e976,keyword_generic,full,2.0,0;4,1,0.04587508738040924,cpu
3197efefa7e620fd,keyword_generic,full,2.0,0;4,1,0.030957977287471294,cpu
5220f08954408d10,keyword_generic,full,2.0,0;4,1,0.0439169816672802,cpu
90deed5b9a813f10,keyword_generic,full,2.0,0;4,1,0.034374999813735485,cpu
3facd4c49c63acfd,keyword_generic,full,2.0,0;4,1,0.05137501284480095,cpu
0b5785b982a465f5,keyword_generic,full,2.0,0;4,1,0.04454201553016901,cpu
0beeeef6cc297fed,keyword_generic,full,2.0,0;4,1,0.042584026232361794,cpu
00d6730d9ac9b8c4,keyword_generic,full,2.0,0;4,1,0.03166694659739733,cpu
fc9e6387677313ef,keyword_generic,full,2.0,0;4,1,0.04745798651129007,cpu
7f2adf151f1647e1,keyword_generic,full,2.0,0;4,1,0.03654195461422205,cpu
538ddc5f9ef95706,keyword_generic,full,2.0,0;4,1,0.029582995921373367,cpu
e8b4773f697f3e2e,keyword_generic,full,2.0,0;4,1,0.03604101948440075,cpu
93555f10c4096456,keyword_generic,full,2.0,0;4,1,0.033958000130951405,cpu
948ead0345760f6f,keyword_generic,full,2.0,0;4,1,0.033125048503279686,cpu
ffe10b611afdff1d,keyword_generic,full,2.0,0;4,1,0.04595797508955002,cpu
1df74c8bf44665ff,keyword_generic,full,2.0,0;4,1,0.03270898014307022,cpu
0412a635eece2e50,keyword_generic,full,2.0,0;4,1,0.025416957214474678,cpu
12b13e16973afec5,keyword_generic,full,2.0,0;4,1,0.04837499000132084,cpu
edb3f1fbca1674e2,keyword_generic,full,2.0,0;4,1,0.03408396150916815,cpu
23f26ea2a8135464,keyword_generic,full,2.0,0;4,1,0.04445796366780996,cpu
5ba57fa889dffa4b,keyword_generic,full,2.0,0;4,1,0.03420806024223566,cpu
e7c6ca043047be24,keyword_generic,full,2.0,0;4,1,0.037541030906140804,cpu
19010cdd1634bcf5,keyword_generic,full,2.0,0;4,1,0.0441248994320631,cpu
1ff0f45a6ad0d37e,keyword_generic,full,2.0,0;4,1,0.04204106517136097,cpu
04986d84565bcf47,keyword_generic,full,2.0,0;4,1,0.031249946914613247,cpu
93f0712b4b2b49aa,keyword_generic,full,2.0,0;4,1,0.061249942518770695,cpu
610c2b4326b98c0e,keyword_generic,full,2.0,0;4,1,0.039708917029201984,cpu
157b813f720155ae,keyword_generic,full,2.0,0;4,1,0.03845803439617157,cpu
d39260cda9c4d5b9,keyword_generic,full,2.0,0;4,1,0.03554194699972868,cpu
ab9e09d4f3100bd2,keyword_generic,full,2.0,0;4,1,0.033291056752204895,cpu
e3fc9d56ce7fc5a7,keyword_generic,full,2.0,0;4,1,0.03291608300060034,cpu
02547393ef23e03f,keyword_generic,full,2.0,0;4,1,0.03883405588567257,cpu
0ca00c6818f69ce3,keyword_generic,full,2.0,0;4,1,0.0516669824719429,cpu
25ea69e168b457bb,keyword_generic,full,2.0,0;4,1,0.02887495793402195,cpu
4ad57d0eea752121,keyword_generic,full,2.0,0;4,1,0.04175002686679363,cpu
b11c6707ee23712e,keyword_generic,full,2.0,0;4,1,0.026250025257468224,cpu
34811b6b38a11155,keyword_generic,full,2.0,0;4,1,0.03950006794184446,cpu
b061d04211bff862,keyword_generic,full,2.0,0;4,1,0.030082999728620052,cpu
e554382537976549,keyword_generic,full,2.0,0;4,1,0.03287498839199543,cpu
3324ac656fc07a13,keyword_generic,full,2.0,0;4,1,0.03933301195502281,cpu
856b2001c9bd05f8,keyword_generic,full,2.0,0;4,1,0.03766699228435755,cpu
cffd2ec08b0d2ee8,keyword_generic,full,2.0,0;4,1,0.026499968953430653,cpu
0a5f625b4c3a7e7e,keyword_generic,full,2.0,0;4,1,0.042625004425644875,cpu
c263e7ba1c92cba5,keyword_generic,full,2.0,0;4,1,0.031415955163538456,cpu
525b8d4185eb8dbf,keyword_generic,full,2.0,0;4,1,0.024124979972839355,cpu
bb013548cc0a1a48,keyword_generic,full,2.0,0;4,1,0.030749943107366562,cpu
494ac83870952d43,keyword_generic,full,2.0,0;4,1,0.029250048100948334,cpu
1d78d9e0fccc5a59,keyword_generic,full,2.0,0;4,1,0.028208945877850056,cpu
ef71ca4e12ab6913,keyword_generic,full,2.0,0;4,1,0.03104202914983034,cpu
07cbbfae42be7a2b,keyword_generic,full,2.0,0;4,1,0.027416041120886803,cpu
b0fb65fbca7979c6,keyword_generic,full,2.0,0;4,1,0.01950003206729889,cpu
a68e5e048516883a,keyword_generic,full,2.0,0;4,1,0.048459041863679886,cpu
56597c33fd5f4d9e,keyword_generic,full,2.0,0;4,1,0.033125048503279686,cpu
84145f036e0b6666,keyword_generic,full,2.0,0;4,1,0.04612491466104984,cpu
f708adf5160ccf23,keyword_generic,full,2.0,0;4,1,0.03654207102954388,cpu
84e2b989dc9c000f,keyword_generic,full,2.0,0;4,1,0.039624981582164764,cpu
2c5752909f5e6266,keyword_generic,full,2.0,0;4,1,0.04641700070351362,cpu
b019525dd9efbc88,keyword_generic,full,2.0,0;4,1,0.04441698547452688,cpu
d2ab444a6ca0a124,keyword_generic,full,2.0,0;4,1,0.03333296626806259,cpu
2229914eff0d11b7,keyword_generic,full,2.0,0;4,1,0.04904100205749273,cpu
41a6ae924b0722dc,keyword_generic,full,2.0,0;4,1,0.040499959141016006,cpu
a8db3242977a3ca7,keyword_generic,full,2.0,0;4,1,0.03087497316300869,cpu
274a44dafa09a75e,keyword_generic,full,2.0,0;4,1,0.03758398815989494,cpu
de6e9f6dc8a8007c,keyword_generic,full,2.0,0;4,1,0.03570900298655033,cpu
efcf3bc0521e007b,keyword_generic,full,2.0,0;4,1,0.0350000336766243,cpu
32e1457efe489e02,keyword_generic,full,2.0,0;4,1,0.03770797047764063,cpu
29a767cc3b83b32d,keyword_generic,full,2.0,0;4,1,0.0339169055223465,cpu
dd76d106e5c16961,keyword_generic,full,2.0,0;4,1,0.026250025257468224,cpu
c4db7fd7ef5592e1,keyword_generic,full,2.0,0;4,1,0.04812504630535841,cpu
6504ac4cbd7515e8,keyword_generic,full,2.0,0;4,1,0.03304204437881708,cpu
82328da73ce1b109,keyword_generic,full,2.0,0;4,1,0.046166940592229366,cpu
5206567511ce52b9,keyword_generic,full,2.0,0;4,1,0.03683299291878939,cpu
5a642336135fa57c,keyword_generic,full,2.0,0;4,1,0.039499951526522636,cpu
3345ae855ba9f753,keyword_generic,full,2.0,0;4,1,0.046042026951909065,cpu
56ced4fb46c415af,keyword_generic,full,2.0,0;4,1,0.04454201553016901,cpu
f67b0038316da419,keyword_generic,full,2.0,0;4,1,0.03295892383903265,cpu
44d6b3f83ece56c9,keyword_generic,full,2.0,0;4,1,0.04900002386420965,cpu
54ba344e49aa33d7,keyword_generic,full,2.0,0;4,1,0.03825000021606684,cpu
818349278739a606,keyword_generic,full,2.0,0;4,1,0.030791969038546085,cpu
84828fd1e4400af8,keyword_generic,full,2.0,0;4,1,0.04537496715784073,cpu
52dd70cc0d9a3421,keyword_generic,full,2.0,0;4,1,0.03533391281962395,cpu
fa7a1e9a8f3564de,keyword_generic,full,2.0,0;4,1,0.035082921385765076,cpu
b220a2c8b24d5660,keyword_generic,full,2.0,0;4,1,0.0375829404219985,cpu
110fbd7dcc3d8d72,keyword_generic,full,2.0,0;4,1,0.03400002606213093,cpu
8e5d6ab7e52a1d2a,keyword_generic,full,2.0,0;4,1,0.026541994884610176,cpu
c8e2cae227d7801b,keyword_generic,full,2.0,0;4,1,0.04483305383473635,cpu
3f4b05fb1b05d46d,keyword_generic,full,2.0,0;4,1,0.03054109402000904,cpu
964b2561a8365fb9,keyword_generic,full,2.0,0;4,1,0.04299997817724943,cpu
f77b79b903abf2f3,keyword_generic,full,2.0,0;4,1,0.03341701813042164,cpu
507eb7b47a4f3911,keyword_generic,full,2.0,0;4,1,0.03658304922282696,cpu
703fe7b52f9cdd8d,keyword_generic,full,2.0,0;4,1,0.04291604273021221,cpu
e8ef225bc3fec877,keyword_generic,full,2.0,0;4,1,0.041041988879442215,cpu
a4b7b7e01c6d8b78,keyword_generic,full,2.0,0;4,1,0.02987496554851532,cpu
d7da433952c906dd,keyword_generic,full,2.0,0;4,1,0.04595902282744646,cpu
a925537f60f54696,keyword_generic,full,2.0,0;4,1,0.0350000336766243,cpu
583d6e0e9f8362e1,keyword_generic,full,2.0,0;4,1,0.027582980692386627,cpu
b2b7cf00e9fc22e8,keyword_generic,full,2.0,0;4,1,0.03433297388255596,cpu
9b9d891062941a5f,keyword_generic,full,2.0,0;4,1,0.032540992833673954,cpu
9c2b2578ebce4508,keyword_generic,full,2.0,0;4,1,0.03200001083314419,cpu
0694e49443a7c0f4,keyword_generic,full,2.0,0;4,1,0.03470794763416052,cpu
a1f3cab290c81e8b,keyword_generic,full,2.0,0;4,1,0.030916999094188213,cpu
de49460be05caaa9,keyword_generic,full,2.0,0;4,1,0.023208092898130417,cpu
872e7738cbdf8c0b,keyword_generic,full,2.0,0;4,1,0.04379195161163807,cpu
7a046e24a9ddd6d6,keyword_generic,full,2.0,0;4,1,0.02891593612730503,cpu
ab1f050e077d0914,keyword_generic,full,2.0,0;4,1,0.042209052480757236,cpu
b5eca9f59cdb3a21,keyword_generic,full,2.0,0;4,1,0.032374984584748745,cpu
22875418d6733512,keyword_generic,full,2.0,0;4,1,0.03574998117983341,cpu
35b60ea3facaad36,keyword_generic,full,2.0,0;4,1,0.04212500061839819,cpu
dbe2068fe7f77550,keyword_generic,full,2.0,0;4,1,0.04033301956951618,cpu
9d205b42bfebc659,keyword_generic,full,2.0,0;4,1,0.029082992114126682,cpu
7fbde8f52d5f6d91,keyword_generic,full,2.0,0;4,1,0.04483410157263279,cpu
dd4878b973fae0ac,keyword_generic,full,2.0,0;4,1,0.0337500823661685,cpu
c168af0417ed19c4,keyword_generic,full,2.0,0;4,1,0.026499968953430653,cpu
d21809009bb4ff27,keyword_generic,full,2.0,0;4,1,0.033374992199242115,cpu
e43d49f228a2d3a3,keyword_generic,full,2.0,0;4,1,0.03129092510789633,cpu
bc6e7981937169d9,keyword_generic,full,2.0,0;4,1,0.03062502946704626,cpu
bb8c72316a62b948,keyword_generic,full,2.0,0;4,1,0.03345799632370472,cpu
2f58b2ad35ba23c7,keyword_generic,full,2.0,0;4,1,0.02987496554851532,cpu
5dd4a2337fbae7cc,keyword_generic,full,2.0,0;4,1,0.022083986550569534,cpu
a60c08a6d13a25e5,keyword_generic,full,0.0,,1,0.034665921702980995,cpu
b0efa29a284fe5d6,keyword_generic,full,0.0,,1,0.034374999813735485,cpu
60ab1b86a3c9b1f6,keyword_generic,full,0.0,,1,0.03250001464039087,cpu
20690c57debf91c6,keyword_generic,full,0.0,,1,0.03562506753951311,cpu
1956477db6af2e32,keyword_generic,full,0.0,,1,0.03324996214359999,cpu
12619427f3e63732,keyword_generic,full,0.0,,1,0.028249924071133137,cpu
7e38321b58dc5b82,keyword_generic,full,0.0,,1,0.03875000402331352,cpu
dcd37f03cb2056ef,keyword_generic,full,0.0,,1,0.03433390520513058,cpu
efa958c2da3a38af,keyword_generic,full,0.0,,1,0.03504205960780382,cpu
d263fd00e714ba2d,keyword_generic,full,0.0,,1,0.03691599704325199,cpu
196a8191bbf45f56,keyword_generic,full,0.0,,1,0.0190419377759099,cpu
c3d6f01768c36c43,keyword_generic,full,0.0,,1,0.017583020962774754,cpu
270ad4d1c96ced0d,keyword_generic,full,0.0,,1,0.017750076949596405,cpu
6691d8e1c55ce645,keyword_generic,full,0.0,,1,0.018708989955484867,cpu
02e35d4f31070d4c,keyword_generic,full,0.0,,1,0.018584076315164566,cpu
714e5f071f71df71,keyword_generic,full,0.0,,1,0.017832964658737183,cpu
80d7a26ce77edcc6,keyword_generic,full,0.0,,1,0.016958103515207767,cpu
a024995845c6e923,keyword_generic,full,0.0,,1,0.019417027942836285,cpu
66b3cf1ad339f44f,keyword_generic,full,0.0,,1,0.01850002445280552,cpu
9331e27629b253c2,keyword_generic,full,0.0,,1,0.02079096157103777,cpu
8e3345d70c20f0b9,keyword_generic,full,0.0,,1,0.030125025659799576,cpu
279ed81e373a9e6c,keyword_generic,full,0.0,,1,0.03662507515400648,cpu
6cceba98e61e3271,keyword_generic,full,0.0,,1,0.035917037166655064,cpu
f82df6a131cad94d,keyword_generic,full,0.0,,1,0.03808399196714163,cpu
fb290d976159a08a,keyword_generic,full,0.0,,1,0.03658304922282696,cpu
2b4d61189e553ee9,keyword_generic,full,0.0,,1,0.03587501123547554,cpu
a077e978c9a60a2b,keyword_generic,full,0.0,,1,0.03645801916718483,cpu
e0a40ce23a1171d3,keyword_generic,full,0.0,,1,0.030832947231829166,cpu
4e0a49ed11cde9f2,keyword_generic,full,0.0,,1,0.03799994010478258,cpu
ab9300c909a681ec,keyword_generic,full,0.0,,1,0.03579189069569111,cpu
77d959554ad72a8d,keyword_generic,full,0.0,,1,0.01829105895012617,cpu
e29ff0365b8fb1fb,keyword_generic,full,0.0,,1,0.022165942937135696,cpu
90194748e67cd3af,keyword_generic,full,0.0,,1,0.02220796886831522,cpu
846e783d527b36b0,keyword_generic,full,0.0,,1,0.017249956727027893,cpu
f548c90b26f2ab9d,keyword_generic,full,0.0,,1,0.02245896030217409,cpu
8ad3bfed8e467405,keyword_generic,full,0.0,,1,0.01750001683831215,cpu
19859e1fcd4db4ad,keyword_generic,full,0.0,,1,0.02191704697906971,cpu
09427e9897a79650,keyword_generic,full,0.0,,1,0.0226249685510993,cpu
a073302860cecc53,keyword_generic,full,0.0,,1,0.019875005818903446,cpu
c7cb55746ebdb359,keyword_generic,full,0.0,,1,0.019958941265940666,cpu
8d55e5c7c01c9b29,keyword_generic,full,0.0,,1,0.025417073629796505,cpu
79a3d095b71a1a2d,keyword_generic,full,0.0,,1,0.024416018277406693,cpu
894ccab28db9b69c,keyword_generic,full,0.0,,1,0.02491706982254982,cpu
a83c917505f9419b,keyword_generic,full,0.0,,1,0.025999965146183968,cpu
1788f9b4a04005f5,keyword_generic,full,0.0,,1,0.027250032871961594,cpu
0304add1df90451e,keyword_generic,full,0.0,,1,0.02566596958786249,cpu
f30ffdf1bd2eae79,keyword_generic,full,0.0,,1,0.024250010028481483,cpu
12a45f8e2fd92932,keyword_generic,full,0.0,,1,0.026791938580572605,cpu
977e05c9184f2bb2,keyword_generic,full,0.0,,1,0.027458067052066326,cpu
6a2d44ef8af79af3,keyword_generic,full,0.0,,1,0.026250025257468224,cpu
8202fbf5a82ced72,keyword_generic,full,0.0,,1,0.041624996811151505,cpu
db7e350743b691d6,keyword_generic,full,0.0,,1,0.036833924241364,cpu
fdc9dcf6eb48a972,keyword_generic,full,0.0,,1,0.03633392043411732,cpu
7f0d54b70df6bd59,keyword_generic,full,0.0,,1,0.038749887607991695,cpu
c3560db47db80654,keyword_generic,full,0.0,,1,0.037207966670393944,cpu
d68ec4aab66cce94,keyword_generic,full,0.0,,1,0.03829202614724636,cpu
b50b4c2dfb5f5471,keyword_generic,full,0.0,,1,0.03845908213406801,cpu
880c7a69ab1b0032,keyword_generic,full,0.0,,1,0.037375022657215595,cpu
453c74c634facf81,keyword_generic,full,0.0,,1,0.03158301115036011,cpu
4b17aecd572c38f9,keyword_generic,full,0.0,,1,0.03724999260157347,cpu
1e488897db571bd2,keyword_generic,full,0.0,,1,0.03200001083314419,cpu
f22abd196b1a1c60,keyword_generic,full,0.0,,1,0.03224995452910662,cpu
d7dd8e46204f0b91,keyword_generic,full,0.0,,1,0.030499999411404133,cpu
e5c517d8aaad1146,keyword_generic,full,0.0,,1,0.03329198807477951,cpu
37d7df7485fa665d,keyword_generic,full,0.0,,1,0.030542025342583656,cpu
966cf9d2f8610db5,keyword_generic,full,0.0,,1,0.03020802978426218,cpu
e6d81381d2ce2bee,keyword_generic,full,0.0,,1,0.030959025025367737,cpu
621bbc5202600573,keyword_generic,full,0.0,,1,0.03220804501324892,cpu
13b00f5a25ada523,keyword_generic,full,0.0,,1,0.029249931685626507,cpu
f605a9adfc5ce0c7,keyword_generic,full,0.0,,1,0.03400002606213093,cpu
d9ca0c8895721cae,keyword_generic,full,0.0,,1,0.010624993592500687,cpu
26a3121d3894f994,keyword_generic,full,0.0,,1,0.010749907232820988,cpu
00c4b10fc7376a14,keyword_generic,full,0.0,,1,0.012625008821487427,cpu
7694af0a102d9f6a,keyword_generic,full,0.0,,1,0.01083302777260542,cpu
a492ff75b006e68d,keyword_generic,full,0.0,,1,0.013416050933301449,cpu
16a2d779b60613a9,keyword_generic,full,0.0,,1,0.015083001926541328,cpu
efcf37d1fb1e63bd,keyword_generic,full,0.0,,1,0.010834075510501862,cpu
d724c4fb7581d5b3,keyword_generic,full,0.0,,1,0.01937500201165676,cpu
d419d9e62acc0b64,keyword_generic,full,0.0,,1,0.011625001206994057,cpu
fd2d5679c1a884ad,keyword_generic,full,0.0,,1,0.012750038877129555,cpu
500a3796baa712d2,keyword_generic,full,0.0,,1,0.03912497777491808,cpu
d8c589469fc50b6e,keyword_generic,full,0.0,,1,0.044874963350594044,cpu
33ab55ac406d7a75,keyword_generic,full,0.0,,1,0.03479095175862312,cpu
19ae00f030087df2,keyword_generic,full,0.0,,1,0.039792037568986416,cpu
5a33323ece9a5dba,keyword_generic,full,0.0,,1,0.03958400338888168,cpu
17114ef2c291854c,keyword_generic,full,0.0,,1,0.03258301876485348,cpu
9f7f777581411ec7,keyword_generic,full,0.0,,1,0.037792022339999676,cpu
2ac4e374f84283fa,keyword_generic,full,0.0,,1,0.03733299672603607,cpu
9df109705d01fd45,keyword_generic,full,0.0,,1,0.04470802377909422,cpu
804ee1b173af1dde,keyword_generic,full,0.0,,1,0.036375015042722225,cpu
9a738deeaa12a95f,keyword_generic,full,0.0,,1,0.02933293581008911,cpu
e21d12983466e647,keyword_generic,full,0.0,,1,0.027082976885139942,cpu
a16962921ec6d13d,keyword_generic,full,0.0,,1,0.024458044208586216,cpu
1c4753a10ea4cb2d,keyword_generic,full,0.0,,1,0.026124995201826096,cpu
7fe7be8d1cd171b4,keyword_generic,full,0.0,,1,0.025959103368222713,cpu
2cb9edf394d4c8c4,keyword_generic,full,0.0,,1,0.01733400858938694,cpu
15d957cd007380ac,keyword_generic,full,0.0,,1,0.026000081561505795,cpu
912ae5725ab395d6,keyword_generic,full,0.0,,1,0.03258301876485348,cpu
8dd84e3937eb6f12,keyword_generic,full,0.0,,1,0.02566596958786249,cpu
81396bcc13de9930,keyword_generic,full,0.0,,1,0.026333960704505444,cpu
4a73744b2815dfc0,keyword_generic,full,0.0,,1,0.01650000922381878,cpu
bd80fc79e771698b,keyword_generic,full,0.0,,1,0.017499900422990322,cpu
d2e91f34b80f71b8,keyword_generic,full,0.0,,1,0.018791062757372856,cpu
1f549c3b1009c8e2,keyword_generic,full,0.0,,1,0.013790908269584179,cpu
87a6b8c7412ed2f7,keyword_generic,full,0.0,,1,0.017292099073529243,cpu
2ba8aac52352ff2d,keyword_generic,full,0.0,,1,0.02025009598582983,cpu
1878c6d787be2d36,keyword_generic,full,0.0,,1,0.017915968783199787,cpu
d986c48fd78ddf8d,keyword_generic,full,0.0,,1,0.013040960766375065,cpu
56411cf8ec5b6d05,keyword_generic,full,0.0,,1,0.017707934603095055,cpu
f9677dd91c21fc17,keyword_generic,full,0.0,,1,0.017083948478102684,cpu
56668101a0a87386,keyword_generic,full,0.0,,1,0.02987496554851532,cpu
711bce241d33e76c,keyword_generic,full,0.0,,1,0.02304196823388338,cpu
c1eebde4c3329f14,keyword_generic,full,0.0,,1,0.022834050469100475,cpu
a0b809846bc33b48,keyword_generic,full,0.0,,1,0.021958956494927406,cpu
90bcd6b774915453,keyword_generic,full,0.0,,1,0.029582995921373367,cpu
9cff1d33daa3ff79,keyword_generic,full,0.0,,1,0.01937500201165676,cpu
39189d1d93b5dad2,keyword_generic,full,1.0,7,1,0.021709012798964977,cpu
ea2b7baaf83a4156,keyword_generic,full,0.0,,1,0.027667032554745674,cpu
af0c2bfa5ae03826,keyword_generic,full,0.0,,1,0.029999995604157448,cpu
29819c5e05b922f6,keyword_generic,full,0.0,,1,0.023958971723914146,cpu
d10631ed00249631,keyword_generic,full,0.0,,1,0.020249979570508003,cpu
74e478b7beb91b24,keyword_generic,full,0.0,,1,0.022416934370994568,cpu
7a07a9048b601724,keyword_generic,full,0.0,,1,0.0201669754460454,cpu
05bf3debafdf6542,keyword_generic,full,0.0,,1,0.018417020328342915,cpu
7b2dfe7443a784e6,keyword_generic,full,0.0,,1,0.01895800232887268,cpu
11ac754497911ca1,keyword_generic,full,0.0,,1,0.02379098441451788,cpu
754a2e260db71ca7,keyword_generic,full,0.0,,1,0.018417020328342915,cpu
ef96e585c5c58ac6,keyword_generic,full,0.0,,1,0.023667002096772194,cpu
80b10fca5dc89fc7,keyword_generic,full,0.0,,1,0.019041006453335285,cpu
f8319b6d834c3b5e,keyword_generic,full,0.0,,1,0.01625006552785635,cpu
22cc6d92bf05af72,keyword_generic,full,0.0,,1,0.014791963621973991,cpu
26f7c9db7d51c55e,keyword_generic,full,0.0,,1,0.029708025977015495,cpu
26b934ab21a2ff1b,keyword_generic,full,0.0,,1,0.02987496554851532,cpu
a62f4e7ac2e99026,keyword_generic,full,0.0,,1,0.019166036508977413,cpu
2dce6705d8b39af3,keyword_generic,full,0.0,,1,0.017583020962774754,cpu
b6660b024d20df8d,keyword_generic,full,0.0,,1,0.018417020328342915,cpu
86d163b1ee6b9cce,keyword_generic,full,0.0,,1,0.0185410026460886,cpu
6bb9534075f2feb5,keyword_generic,full,0.0,,1,0.03045797348022461,cpu
3ac196b019ac4704,keyword_generic,full,0.0,,1,0.01979200169444084,cpu
f38b21f738baf00d,keyword_generic,full,0.0,,1,0.01395796425640583,cpu
5761be64e0e88214,keyword_generic,full,0.0,,1,0.021832995116710663,cpu
e15839a8cd39dafe,keyword_generic,full,0.0,,1,0.019875005818903446,cpu
852bd3838c757981,keyword_generic,full,0.0,,1,0.02337503246963024,cpu
e188f0a66b0269b2,keyword_generic,full,0.0,,1,0.01966708805412054,cpu
3cb1b05aa05d73de,keyword_generic,full,0.0,,1,0.02604199107736349,cpu
8db7d5e3c75ff180,keyword_generic,full,0.0,,1,0.021041021682322025,cpu
a4e7ca07f4ab2755,keyword_generic,full,0.0,,1,0.020625069737434387,cpu
6fcc019f40534c30,keyword_generic,full,0.0,,1,0.022500054910779,cpu
8c19cb50243b72d7,keyword_generic,full,0.0,,1,0.019000028260052204,cpu
087561b8b415c01c,keyword_generic,full,0.0,,1,0.020707957446575165,cpu
0bd99d8881208ba0,keyword_generic,full,0.0,,1,0.016417005099356174,cpu
88a5760378787ecc,keyword_generic,full,0.0,,1,0.028083915822207928,cpu
1fdec1c5ccb4226e,keyword_generic,full,0.0,,1,0.018749968148767948,cpu
6f50cd2820c70cee,keyword_generic,full,0.0,,1,0.01762493047863245,cpu
fb02a38d92dec54e,keyword_generic,full,0.0,,1,0.01850002445280552,cpu
2d23021fe49adc88,keyword_generic,full,0.0,,1,0.016457983292639256,cpu
c3edb1fb3ce8102c,keyword_generic,full,0.0,,1,0.015124911442399025,cpu
6d41144dbe3b0a78,keyword_generic,full,0.0,,1,0.017291982658207417,cpu
ecacc36a7205ed1a,keyword_generic,full,0.0,,1,0.017666956409811974,cpu
4ac6a6ea54bbc076,keyword_generic,full,0.0,,1,0.020915991626679897,cpu
791d4363446f6506,keyword_generic,full,0.0,,1,0.015125027857720852,cpu
5fe02c51ba5cc964,keyword_generic,full,0.0,,1,0.016124919056892395,cpu
d04527655ba82a15,keyword_generic,full,0.0,,1,0.01650000922381878,cpu
c9f1b5e022f5b11b,keyword_generic,full,0.0,,1,0.014374963939189911,cpu
13f398f3c63ad83c,keyword_generic,full,0.0,,1,0.014042016118764877,cpu
20083874c27a487c,keyword_generic,full,0.0,,1,0.014874967746436596,cpu
27836ec420160970,keyword_generic,full,0.0,,1,0.0027919886633753777,cpu
6322871385bbb958,keyword_generic,full,0.0,,1,0.016583013348281384,cpu
16ad0192a98fafc0,keyword_generic,full,0.0,,1,0.013999990187585354,cpu
82526ea1eee0ca3b,keyword_generic,full,0.0,,1,0.014625024050474167,cpu
20aedeeafd301fb1,keyword_generic,full,1.0,4,1,0.08591695223003626,cpu
339dc30f368ca0b7,keyword_generic,full,0.0,,1,0.08354196324944496,cpu
3833c176eb89ea6c,keyword_generic,full,0.0,,1,0.09216601029038429,cpu
0823e0ae83402377,keyword_generic,full,0.0,,1,0.10629207827150822,cpu
5ecf2a4d67be6e59,keyword_generic,full,1.0,7,1,0.10149995796382427,cpu
d25de6423fa7be99,keyword_generic,full,1.0,7,1,0.08475000504404306,cpu
27c18344e253c35c,keyword_generic,full,0.0,,1,0.1000409247353673,cpu
4ebd75b80f2b870b,keyword_generic,full,0.0,,1,0.12045796029269695,cpu
a20c19fb97e5407f,keyword_generic,full,1.0,6,1,0.10420894250273705,cpu
139425227f88c638,keyword_generic,full,1.0,6,1,0.14170806389302015,cpu
894c740ac7894b15,keyword_generic,full,0.0,,1,0.10754191316664219,cpu
5fda4731d5cf9a4b,keyword_generic,full,0.0,,1,0.1057919580489397,cpu
cf782107725d0a76,keyword_generic,full,0.0,,1,0.13149995356798172,cpu
a375e0f8c81e298d,keyword_generic,full,0.0,,1,0.1366669312119484,cpu
0094bd68d401e306,keyword_generic,full,1.0,4,1,0.14341704081743956,cpu
8e9d01415a5bdec8,keyword_generic,full,0.0,,1,0.14108396135270596,cpu
8eec9fe6fdc7ee3b,keyword_generic,full,0.0,,1,0.15104201156646013,cpu
a94992c846e70acb,keyword_generic,full,1.0,4,1,0.15454099047929049,cpu
71986cbdc25ea636,keyword_generic,full,1.0,7,1,0.18670898862183094,cpu
257fb6ac665c57ad,keyword_generic,full,1.0,7,1,0.15604204963892698,cpu
52dc2712351afbd2,keyword_generic,full,1.0,4,1,0.19233301281929016,cpu
7e0af2aed3e69e51,keyword_generic,full,1.0,4,1,0.1710839569568634,cpu
de3d07f3f6bb133f,keyword_generic,full,2.0,4;6,1,0.1966250129044056,cpu
af10fc5373e01642,keyword_generic,full,2.0,4;6,1,0.17699995078146458,cpu
71f401330e37d5e1,keyword_generic,full,1.0,4,1,0.15287497080862522,cpu
9e791edb7f5c101f,keyword_generic,full,1.0,4,1,0.17037498764693737,cpu
6cead76a38d7d3e2,keyword_generic,full,1.0,4,1,0.21258299238979816,cpu
9ce5b361e2d3afcc,keyword_generic,full,0.0,,1,0.1853749854490161,cpu
ab8ea8eee91d2b47,keyword_generic,full,1.0,4,1,0.08433300536125898,cpu
af4e84657ec917e4,keyword_generic,full,0.0,,1,0.08349993731826544,cpu
7707aaaf6a987b80,keyword_generic,full,0.0,,1,0.09362504351884127,cpu
e1c89d5446504fa6,keyword_generic,full,1.0,4,1,0.08554209489375353,cpu
33e193231d0889e6,keyword_generic,full,1.0,7,1,0.1052499283105135,cpu
b3f233b9b1d97224,keyword_generic,full,1.0,7,1,0.08770800195634365,cpu
a14b67f72694ed7b,keyword_generic,full,1.0,4,1,0.09045901242643595,cpu
b8eedd1ec0bbb700,keyword_generic,full,1.0,4,1,0.10566692799329758,cpu
041273dc064eb782,keyword_generic,full,2.0,4;6,1,0.09245797991752625,cpu
260067bb21b102e8,keyword_generic,full,2.0,4;6,1,0.12241699732840061,cpu
ee47d7047169284e,keyword_generic,full,1.0,4,1,0.08670799434185028,cpu
8ea2109d4b7f94c1,keyword_generic,full,1.0,4,1,0.09791692718863487,cpu
5eacd2e5d5fd12fa,keyword_generic,full,1.0,4,1,0.11887506116181612,cpu
f1c3370b08f43293,keyword_generic,full,0.0,,1,0.12445799075067043,cpu
1d1285f9442df7e6,keyword_generic,full,0.0,,1,0.0010828953236341476,cpu
0431684bf9b929bd,keyword_generic,full,1.0,4,1,0.1562919933348894,cpu
ddbeffdbb114092d,keyword_generic,full,0.0,,1,0.1454170560464263,cpu
ccc7a4923e81499b,keyword_generic,full,0.0,,1,0.15516695566475391,cpu
c9890a3a88dd9bb8,keyword_generic,full,1.0,4,1,0.1669999910518527,cpu
1a1b859f3febc74f,keyword_generic,full,1.0,7,1,0.17370795831084251,cpu
4c659facbab93d19,keyword_generic,full,1.0,7,1,0.149125000461936,cpu
9dbfc263502a5730,keyword_generic,full,1.0,4,1,0.1621670089662075,cpu
b6a0f561c3abb293,keyword_generic,full,1.0,4,1,0.1735419500619173,cpu
02b61c8820e03be4,keyword_generic,full,2.0,4;6,1,0.15891692601144314,cpu
64089d410ca79e7b,keyword_generic,full,2.0,4;6,1,0.17816596664488316,cpu
866add5f8c962089,keyword_generic,full,1.0,4,1,0.15287497080862522,cpu
9b60647021512a34,keyword_generic,full,1.0,4,1,0.17150002531707287,cpu
9a55103f7df1ccd0,keyword_generic,full,1.0,4,1,0.17849996220320463,cpu
d83ec1317678ca41,keyword_generic,full,0.0,,1,0.19049993716180325,cpu
62b8b37cc2f00603,keyword_generic,full,1.0,4,1,0.10712502989917994,cpu
4b854461903e6070,keyword_generic,full,0.0,,1,0.025582965463399887,cpu
d1728f15f6885762,keyword_generic,full,0.0,,1,0.10366691276431084,cpu
c8b9c545a1beaab9,keyword_generic,full,0.0,,1,0.11462508700788021,cpu
c83886f9686568b8,keyword_generic,full,1.0,4,1,0.10979105718433857,cpu
e0fc53754191ef26,keyword_generic,full,1.0,7,1,0.12133305426687002,cpu
136a4b55e2a2c306,keyword_generic,full,1.0,7,1,0.11012493632733822,cpu
f74e7bd0712182d0,keyword_generic,full,1.0,4,1,0.10599999222904444,cpu
d29be1f62f6a49ef,keyword_generic,full,1.0,4,1,0.12212502770125866,cpu
d2ba6837c75807d1,keyword_generic,full,2.0,4;6,1,0.10545901022851467,cpu
aab4a53e3449ecd7,keyword_generic,full,2.0,4;6,1,0.12362503912299871,cpu
aef6bc1970c0342d,keyword_generic,full,1.0,4,1,0.10254106018692255,cpu
d1c958ad8cc03a47,keyword_generic,full,1.0,4,1,0.10733399540185928,cpu
57801e6be49ad06a,keyword_generic,full,1.0,4,1,0.139000010676682,cpu
c5ee7ca9b12a7157,keyword_generic,full,0.0,,1,0.1473750453442335,cpu
130a31a74d54c2b5,keyword_generic,full,1.0,4,1,0.10704202577471733,cpu
28bda23bc4eec19a,keyword_generic,full,0.0,,1,0.026417081244289875,cpu
a58c3d87394fdd55,keyword_generic,full,0.0,,1,0.10687496978789568,cpu
5d2f4a20fba8e7e3,keyword_generic,full,0.0,,1,0.11720904149115086,cpu
9bb89062a963613a,keyword_generic,full,1.0,4,1,0.1100829103961587,cpu
392e640c45cb5bfe,keyword_generic,full,1.0,7,1,0.1360420137643814,cpu
9ddb62cb695bd713,keyword_generic,full,1.0,7,1,0.11095893569290638,cpu
35b2ee765697867e,keyword_generic,full,1.0,4,1,0.11420901864767075,cpu
b70505858bc35c83,keyword_generic,full,1.0,4,1,0.13054197188466787,cpu
e7077b801dcdcf4e,keyword_generic,full,2.0,4;6,1,0.11670892126858234,cpu
7c977349fc268ecf,keyword_generic,full,2.0,4;6,1,0.14112493954598904,cpu
d2c409b70ef4f49c,keyword_generic,full,1.0,4,1,0.11066603474318981,cpu
5ba5fe95c4c3faef,keyword_generic,full,1.0,4,1,0.11533393990248442,cpu
87ef5d59a3c77dde,keyword_generic,full,1.0,4,1,0.14937506057322025,cpu
8b41654dafcb2a6f,keyword_generic,full,0.0,,1,0.1539579825475812,cpu
fc39570dac6581e5,keyword_generic,full,1.0,4,1,0.07499998901039362,cpu
09c294b7a7bee469,keyword_generic,full,1.0,4,1,0.07754203397780657,cpu
5a13aaf2ee923042,keyword_generic,full,0.0,,1,0.07491698488593102,cpu
2ebaa7d01e5c7dac,keyword_generic,full,0.0,,1,0.07825007196515799,cpu
1dfc6ac027c1faec,keyword_generic,full,0.0,,1,0.08454197086393833,cpu
da5f9087ecb4cf44,keyword_generic,full,0.0,,1,0.08766702376306057,cpu
b7dc79a9b1071476,keyword_generic,full,1.0,4,1,0.07762503810226917,cpu
899bfe96cdf33749,keyword_generic,full,1.0,4,1,0.08008396252989769,cpu
bb7e8957b6fef118,keyword_generic,full,1.0,7,1,0.09612506255507469,cpu
65cb6130fcf48c6c,keyword_generic,full,1.0,7,1,0.098041957244277,cpu
3da13ead9de6d750,keyword_generic,full,1.0,7,1,0.07904204539954662,cpu
d8d7b6fc64d12528,keyword_generic,full,1.0,7,1,0.08141703438013792,cpu
7e2c9707ebfc201c,keyword_generic,full,1.0,4,1,0.08241704199463129,cpu
903131813a5e804b,keyword_generic,full,1.0,4,1,0.08433288894593716,cpu
747c6e8c49962756,keyword_generic,full,1.0,4,1,0.0981249613687396,cpu
1945d25e17874f65,keyword_generic,full,1.0,4,1,0.10050006676465273,cpu
89cb16ec0711d5ed,keyword_generic,full,2.0,4;6,1,0.08512497879564762,cpu
5a7784007da8768c,keyword_generic,full,2.0,4;6,1,0.08708296809345484,cpu
a2661111bbce1894,keyword_generic,full,2.0,4;6,1,0.10350008960813284,cpu
a1a488cf98f325b8,keyword_generic,full,2.0,4;6,1,0.10504189413040876,cpu
651dc78c60e8f2b8,keyword_generic,full,1.0,4,1,0.07941701915115118,cpu
e527ae1148c6a4dc,keyword_generic,full,1.0,4,1,0.08120806887745857,cpu
157da6f431dfc29e,keyword_generic,full,1.0,4,1,0.08350005373358727,cpu
c4f410bcc3f956db,keyword_generic,full,1.0,4,1,0.08558400440961123,cpu
89926eccdf61ce46,keyword_generic,full,1.0,4,1,0.10829197708517313,cpu
1491009420527c54,keyword_generic,full,1.0,4,1,0.10362500324845314,cpu
962d093b099a53f5,keyword_generic,full,0.0,,1,0.134957954287529,cpu
8201c6a19286c2f2,keyword_generic,full,0.0,,1,0.14070805627852678,cpu
c494c6c6a5aba0c7,keyword_generic,full,0.0,,1,0.03104202914983034,cpu
4268cd53ce46fc6b,keyword_generic,full,0.0,,1,0.02537504769861698,cpu
b540bfbb1b54a51c,keyword_generic,full,0.0,,1,0.03033305983990431,cpu
40071bfadde4fce7,keyword_generic,full,1.0,4,1,0.29462494421750307,cpu
9afc601493b389ca,keyword_generic,full,0.0,,1,0.28604199178516865,cpu
b773f72fa0773c42,keyword_generic,full,0.0,,1,0.29545894358307123,cpu
31db90d9674a0b8d,keyword_generic,full,1.0,4,1,0.2935000229626894,cpu
fe0f0f760372f882,keyword_generic,full,1.0,7,1,0.3078329609706998,cpu
a94328267bcbf29e,keyword_generic,full,1.0,7,1,0.28245802968740463,cpu
d7c8b6f036ff2ab1,keyword_generic,full,1.0,4,1,0.2847079886123538,cpu
92b1e87633eac1a0,keyword_generic,full,1.0,4,1,0.2994169481098652,cpu
1284a19ee23a743b,keyword_generic,full,2.0,4;6,1,0.2960410201922059,cpu
b4d471a067538dea,keyword_generic,full,2.0,4;6,1,0.30637497548013926,cpu
917efecbb5229de6,keyword_generic,full,1.0,4,1,0.281666056253016,cpu
38e037692eb620bc,keyword_generic,full,1.0,4,1,0.2872920595109463,cpu
097a520983cad315,keyword_generic,full,1.0,4,1,0.3044159384444356,cpu
36ecfdff40a82a10,keyword_generic,full,0.0,,1,0.3560410114005208,cpu
533cbe391c3ef7ca,keyword_generic,full,2.0,4;7,1,0.1016249880194664,cpu
e4b6655a467639a0,keyword_generic,full,1.0,7,1,0.10816601570695639,cpu
d199b2a5954be1b0,keyword_generic,full,1.0,7,1,0.1142079709097743,cpu
ddcf128ee1e5bee7,keyword_generic,full,2.0,4;7,1,0.1040829811245203,cpu
5581e8968d7cd8dc,keyword_generic,full,1.0,7,1,0.12025004252791405,cpu
2852516848f64df5,keyword_generic,full,1.0,7,1,0.10191695764660835,cpu
10348586c216b08c,keyword_generic,full,2.0,4;7,1,0.10537507478147745,cpu
bfbd97064256bafc,keyword_generic,full,2.0,4;7,1,0.10858394671231508,cpu
ad0f1678ff7cabdf,keyword_generic,full,3.0,4;6;7,1,0.10416610166430473,cpu
5ff5121832cffff4,keyword_generic,full,3.0,4;6;7,1,0.1192920608446002,cpu
129eb2146165bbf0,keyword_generic,full,2.0,4;7,1,0.12608303222805262,cpu
1d809df5bf0e3416,keyword_generic,full,2.0,4;7,1,0.1028330298140645,cpu
728dac179796b9b0,keyword_generic,full,2.0,4;7,1,0.11650007218122482,cpu
d6d432efd9cdb022,keyword_generic,full,1.0,7,1,0.1300419680774212,cpu
85d5c261b9810280,keyword_generic,full,1.0,4,1,0.18679210916161537,cpu
38c5d1f63548c7ad,keyword_generic,full,0.0,,1,0.18316600471735,cpu
91d271e1aef443f9,keyword_generic,full,0.0,,1,0.1937909983098507,cpu
a63ec17ad25987dc,keyword_generic,full,1.0,4,1,0.18329196609556675,cpu
01b757f7339ff2ee,keyword_generic,full,1.0,7,1,0.20154204685240984,cpu
5a6072dfb54ddb3e,keyword_generic,full,1.0,7,1,0.18437497783452272,cpu
95fb3c9a3d5146b9,keyword_generic,full,1.0,4,1,0.18733402248471975,cpu
9b8412297d1de7ed,keyword_generic,full,1.0,4,1,0.2033329801633954,cpu
9b6d806020c86661,keyword_generic,full,2.0,4;6,1,0.19162509124726057,cpu
b911cd229054e143,keyword_generic,full,2.0,4;6,1,0.21016597747802734,cpu
3157a736e9b7927e,keyword_generic,full,1.0,4,1,0.18466601613909006,cpu
4528fbfbf7f5a416,keyword_generic,full,1.0,4,1,0.18908397760242224,cpu
bee02ec334897644,keyword_generic,full,1.0,4,1,0.20849995780736208,cpu
9c2f7c0579a47b41,keyword_generic,full,0.0,,1,0.2205410273745656,cpu
a28042d77ac037d5,keyword_generic,full,2.0,4;7,1,0.1276669790968299,cpu
8700fc337329906f,keyword_generic,full,1.0,7,1,0.12691691517829895,cpu
c7f18134f6aa91bc,keyword_generic,full,1.0,7,1,0.13408297672867775,cpu
517ae549ead6050e,keyword_generic,full,2.0,4;7,1,0.1259170239791274,cpu
5652b86d0adc5494,keyword_generic,full,1.0,7,1,0.15287497080862522,cpu
daca2f49c8454788,keyword_generic,full,1.0,7,1,0.14333392027765512,cpu
b5aca5b2c2f4a9fe,keyword_generic,full,2.0,4;7,1,0.12987502850592136,cpu
5d7536c9a5512fe4,keyword_generic,full,2.0,4;7,1,0.142207951284945,cpu
ee23ec7df7c61910,keyword_generic,full,3.0,4;6;7,1,0.13054197188466787,cpu
8e3a1f184b5a3154,keyword_generic,full,3.0,4;6;7,1,0.14470797032117844,cpu
e008a56a60dae87a,keyword_generic,full,2.0,4;7,1,0.12695800978690386,cpu
faab3f36a46d4014,keyword_generic,full,2.0,4;7,1,0.13083405792713165,cpu
25544f192eb8f246,keyword_generic,full,2.0,4;7,1,0.14962500426918268,cpu
3a6b118b6863a30e,keyword_generic,full,1.0,7,1,0.1688329502940178,cpu
9f1cff754c8290b7,keyword_generic,full,2.0,4;7,1,0.26312493719160557,cpu
5730922b23b235a8,keyword_generic,full,1.0,7,1,0.26787503156811,cpu
77172d4b7b999bc3,keyword_generic,full,1.0,7,1,0.2959170378744602,cpu
65a9bd82f24fc314,keyword_generic,full,2.0,4;7,1,0.276208040304482,cpu
d5d0ebba18849a67,keyword_generic,full,1.0,7,1,0.33525004982948303,cpu
a6b75ef8ea0fdc4a,keyword_generic,full,1.0,7,1,0.2941249404102564,cpu
2d01ed8e82da74d3,keyword_generic,full,2.0,4;7,1,0.2732500433921814,cpu
d457f3a26b749660,keyword_generic,full,2.0,4;7,1,0.2996249822899699,cpu
3dc872e14ca4b678,keyword_generic,full,3.0,4;6;7,1,0.2935419324785471,cpu
c4e61936d6e1a51f,keyword_generic,full,3.0,4;6;7,1,0.30566693749278784,cpu
2a319a9696bbae18,keyword_generic,full,2.0,4;7,1,0.2876250073313713,cpu
c9ab3ae4eee417b4,keyword_generic,full,2.0,4;7,1,0.30858302488923073,cpu
5b759f8ca3ba58b3,keyword_generic,full,2.0,4;7,1,0.3464170731604099,cpu
0276247c738b5d0b,keyword_generic,full,1.0,7,1,0.351125025190413,cpu
ed8de356d92e03fb,keyword_generic,full,1.0,4,1,2.6305000064894557,cpu
2cbef3e299ccbd86,keyword_generic,full,1.0,4,1,3.0977920396253467,cpu
7733bf475cadc14d,keyword_generic,full,1.0,4,1,2.9439579229801893,cpu
24f8543c55d0825a,keyword_generic,full,1.0,4,1,2.573624951764941,cpu
e5edbd6b6d5c5ba5,keyword_generic,full,2.0,4;7,1,2.459125011228025,cpu
553d19a6debe24b0,keyword_generic,full,2.0,4;7,1,2.472582971677184,cpu
a75130cab847bb18,keyword_generic,full,1.0,4,1,2.530708909034729,cpu
aa712a1f5c578493,keyword_generic,full,1.0,4,1,2.693540998734534,cpu
16396431478223d9,keyword_generic,full,2.0,4;6,1,2.348167006857693,cpu
16621a67fd7cb787,keyword_generic,full,2.0,4;6,1,2.537874970585108,cpu
29fed3dfadecf5d4,keyword_generic,full,1.0,4,1,2.731082960963249,cpu
f6effd36701b5da3,keyword_generic,full,1.0,4,1,2.658457960933447,cpu
b7ed66f22fca17ba,keyword_generic,full,1.0,4,1,2.6448749704286456,cpu
652c35666a4aec0d,keyword_generic,full,1.0,4,1,3.103791968896985,cpu
f3b6a32983827369,keyword_generic,full,1.0,4,1,0.17033307813107967,cpu
f2e5655bee9c70a5,keyword_generic,full,0.0,,1,0.17066590953618288,cpu
87164912ac4ee637,keyword_generic,full,0.0,,1,0.1876669703051448,cpu
245db27842630b16,keyword_generic,full,1.0,4,1,0.17091701738536358,cpu
0dc4ba278951bc5a,keyword_generic,full,1.0,7,1,0.18916605040431023,cpu
d5e0d2f7cf9f6e21,keyword_generic,full,1.0,7,1,0.1722500892356038,cpu
7587f1f4e0c0903a,keyword_generic,full,1.0,4,1,0.17504103016108274,cpu
b8c6f0b901086e58,keyword_generic,full,1.0,4,1,0.19791710656136274,cpu
26c8d7f80ed91c5f,keyword_generic,full,2.0,4;6,1,0.18495903350412846,cpu
0a9afdf1098a87b5,keyword_generic,full,2.0,4;6,1,0.19275001250207424,cpu
1f4592d626c4bcd2,keyword_generic,full,1.0,4,1,0.1705830218270421,cpu
5f23826128b5b81a,keyword_generic,full,1.0,4,1,0.18162501510232687,cpu
bdbc0848e95abba6,keyword_generic,full,1.0,4,1,0.19845797214657068,cpu
9195c80e9581d18e,keyword_generic,full,0.0,,1,0.21074991673231125,cpu
2f49cda5b0dd5177,keyword_generic,full,0.0,,1,0.47437509056180716,cpu
b8c3b97295a616e5,keyword_generic,full,0.0,,1,0.41924999095499516,cpu
ec2ec8b195831f30,keyword_generic,full,0.0,,1,0.42654096614569426,cpu
f7e5e9afad7f7436,keyword_generic,full,1.0,4,1,0.419583055190742,cpu
7033a466be1b8756,keyword_generic,full,2.0,4;7,1,0.4266250180080533,cpu
a7549a2deb8a24fa,keyword_generic,full,2.0,4;7,1,0.4130000015720725,cpu
2670def12527b5ff,keyword_generic,full,0.0,,1,0.44104200787842274,cpu
be1c7c91f1e13750,keyword_generic,full,0.0,,1,0.481416005641222,cpu
73e2f549d929e9b7,keyword_generic,full,1.0,6,1,0.4394159186631441,cpu
16c1a1a6f952174a,keyword_generic,full,1.0,6,1,0.46429201029241085,cpu
86c198f71c46f9bc,keyword_generic,full,0.0,,1,0.42866694275289774,cpu
0e43361388820fae,keyword_generic,full,0.0,,1,0.4868340911343694,cpu
bc739072c77cfaa4,keyword_generic,full,0.0,,1,0.5127920303493738,cpu
19aac7fe1b64564b,keyword_generic,full,0.0,,1,0.5017499206587672,cpu
22ac80d73a857d16,keyword_generic,full,1.0,4,1,0.31025009229779243,cpu
bf4159abc95dcbe7,keyword_generic,full,0.0,,1,0.19241694826632738,cpu
8fd5aa31b0550086,keyword_generic,full,0.0,,1,0.3009579377248883,cpu
68d7590cc6f1c4e2,keyword_generic,full,0.0,,1,0.30699989292770624,cpu
c4af7e06619b0981,keyword_generic,full,1.0,4,1,0.3011669032275677,cpu
476405f450fe3f98,keyword_generic,full,1.0,7,1,0.3262920072302222,cpu
0f17e5e229bfc922,keyword_generic,full,1.0,7,1,0.31704199500381947,cpu
9746667a01700c04,keyword_generic,full,1.0,4,1,0.3118339227512479,cpu
9727c5f3f0a4ce13,keyword_generic,full,1.0,4,1,0.3190418938174844,cpu
d3dd10659db97039,keyword_generic,full,2.0,4;6,1,0.3071670653298497,cpu
9717fcb75c07785e,keyword_generic,full,2.0,4;6,1,0.32416603062301874,cpu
9c4af2ab6fba99a4,keyword_generic,full,1.0,4,1,0.29900006484240294,cpu
966b70e4ac549b18,keyword_generic,full,1.0,4,1,0.30283303931355476,cpu
85854a78877b8f8b,keyword_generic,full,1.0,4,1,0.38229196798056364,cpu
2f59cead66ad4b11,keyword_generic,full,0.0,,1,0.37341704592108727,cpu
34ed838f27319182,keyword_generic,full,1.0,4,1,0.2478329697623849,cpu
5cfb2c10876e1c41,keyword_generic,full,0.0,,1,0.2536249812692404,cpu
d26a681919b4d04e,keyword_generic,full,0.0,,1,0.2660839818418026,cpu
f47d09b0cd01dc10,keyword_generic,full,1.0,4,1,0.28191704768687487,cpu
03a8182ea089ac05,keyword_generic,full,1.0,7,1,0.29395800083875656,cpu
c65799dc1c24f5d3,keyword_generic,full,1.0,7,1,0.2604159526526928,cpu
3185257af3bd5eaf,keyword_generic,full,1.0,4,1,0.25645794812589884,cpu
1ee361e6302feb5e,keyword_generic,full,1.0,4,1,0.2822920214384794,cpu
ef3ab518bc87ceb0,keyword_generic,full,2.0,4;6,1,0.2614589175209403,cpu
5e91b2bfbac0afaf,keyword_generic,full,2.0,4;6,1,0.28470903635025024,cpu
cde8fc4453e3080b,keyword_generic,full,1.0,4,1,0.2703330246731639,cpu
7314dc769080c99c,keyword_generic,full,1.0,4,1,0.26058300863951445,cpu
cd4e5f41bd2480bd,keyword_generic,full,1.0,4,1,0.2858750522136688,cpu
4e3fff2b14bf9771,keyword_generic,full,0.0,,1,0.2965829335153103,cpu
045d76a6df005f05,keyword_generic,full,0.0,,1,0.02687494270503521,cpu
621bf70f702ebefb,keyword_generic,full,0.0,,1,0.029041897505521774,cpu
ed33c352f99dd671,keyword_generic,full,0.0,,1,0.025458051823079586,cpu
78722400912dd6c9,keyword_generic,full,0.0,,1,0.027082976885139942,cpu
4f1083bf75697d3e,keyword_generic,full,0.0,,1,0.489666941575706,cpu
af0147714ba826a1,keyword_generic,full,0.0,,1,0.045459019020199776,cpu
cd1998ec6e775c51,keyword_generic,full,0.0,,1,0.05337502807378769,cpu
9f454252c7760c74,keyword_generic,full,0.0,,1,0.4752910463139415,cpu
39a2e8768eb3683a,keyword_generic,full,0.0,,1,0.5008339649066329,cpu
6ed44e11a13143da,keyword_generic,full,1.0,4,1,0.5186250200495124,cpu
edbf707088d95d42,keyword_generic,full,2.0,4;7,1,0.5153750535100698,cpu
5dd30b7b3f0c4041,keyword_generic,full,2.0,4;7,1,0.49720797687768936,cpu
d8f5a4dd47414f32,keyword_generic,full,0.0,,1,0.5397499771788716,cpu
fc6ee96b05be59c6,keyword_generic,full,0.0,,1,0.5550410132855177,cpu
c9599fc6c7be9c59,keyword_generic,full,1.0,6,1,0.5579999415203929,cpu
707c295a27961b89,keyword_generic,full,1.0,6,1,0.5911660846322775,cpu
9ec1261186e154a4,keyword_generic,full,0.0,,1,0.5435419734567404,cpu
51f951b1d82abdc0,keyword_generic,full,0.0,,1,0.5238329758867621,cpu
2c011108ca8491a2,keyword_generic,full,0.0,,1,0.5059170071035624,cpu
78569e2a62a299a7,keyword_generic,full,0.0,,1,0.47866697423160076,cpu
f6eea1d0bd31fb1e,keyword_generic,full,0.0,,1,0.005874899215996265,cpu
08e5c6d6de4f066d,keyword_generic,full,0.0,,1,0.02616702113300562,cpu
d38bef95fe1b4049,keyword_generic,full,1.0,4,1,0.1700000138953328,cpu
3fa253281c08499a,keyword_generic,full,0.0,,1,0.028957962058484554,cpu
a0daf55723fb55b2,keyword_generic,full,0.0,,1,0.1662500435486436,cpu
1799c2f5784658ac,keyword_generic,full,0.0,,1,0.18924998585134745,cpu
e3427f01d380e838,keyword_generic,full,1.0,4,1,0.1705000177025795,cpu
7e5bc2eed35a2708,keyword_generic,full,1.0,7,1,0.21783297415822744,cpu
8e333f04600c684e,keyword_generic,full,1.0,7,1,0.16683293506503105,cpu
4261beee5b6c9cca,keyword_generic,full,1.0,4,1,0.16670802142471075,cpu
733f15a325f41919,keyword_generic,full,1.0,4,1,0.18174992874264717,cpu
993726935e01264e,keyword_generic,full,2.0,4;6,1,0.1687919721007347,cpu
847bde902f40500e,keyword_generic,full,2.0,4;6,1,0.18520897720009089,cpu
f30511734d241e65,keyword_generic,full,1.0,4,1,0.16200006939470768,cpu
7358c49336ffe63a,keyword_generic,full,1.0,4,1,0.16649998724460602,cpu
8da79fd82319db7d,keyword_generic,full,1.0,4,1,0.18408300820738077,cpu
5050a71bd4d47ae3,keyword_generic,full,0.0,,1,0.1968329306691885,cpu
d51c7e26c7ad5b27,keyword_generic,full,1.0,4,1,0.15708408318459988,cpu
ff6352ed8f3c075b,keyword_generic,full,0.0,,1,0.021707965061068535,cpu
d4c355f53d218e7f,keyword_generic,full,0.0,,1,0.020584091544151306,cpu
89f47966903357fa,keyword_generic,full,0.0,,1,0.020249979570508003,cpu
529708288473e80c,keyword_generic,full,1.0,4,1,0.16391696408391,cpu
66e4b434946cb51f,keyword_generic,full,1.0,4,1,0.17262506298720837,cpu
ba835d4bad78438c,keyword_generic,full,1.0,4,1,0.158625072799623,cpu
b807b502d75b4b40,keyword_generic,full,2.0,4;7,1,0.171625055372715,cpu
4bfbb5da51c3180d,keyword_generic,full,2.0,4;7,1,0.1533749746158719,cpu
01d9181c0ecafa28,keyword_generic,full,1.0,4,1,0.16212498303502798,cpu
25605f7e9abb0917,keyword_generic,full,1.0,4,1,0.17783301882445812,cpu
d3836995a748ae50,keyword_generic,full,2.0,4;6,1,0.15620794147253036,cpu
2c4ffce3becb4f98,keyword_generic,full,2.0,4;6,1,0.17324998043477535,cpu
0dd06ebe43964834,keyword_generic,full,1.0,4,1,0.15833310317248106,cpu
37a3337cc97e0b7d,keyword_generic,full,1.0,4,1,0.16291695646941662,cpu
54fd84f5cff60790,keyword_generic,full,1.0,4,1,0.1788749359548092,cpu
9fae2fed26cbe0be,keyword_generic,full,1.0,4,1,0.19820802845060825,cpu
8466f64bc7059a6c,keyword_generic,full,0.0,,1,0.07299997378140688,cpu
9cd404ca4b0e86a1,keyword_generic,full,0.0,,1,0.02645899076014757,cpu
c71b4a54a3c5bae6,keyword_generic,full,1.0,7,1,0.22533396258950233,cpu
83785c5235fc0106,keyword_generic,full,1.0,7,1,0.18779095262289047,cpu
84c15bdf3d139016,keyword_generic,full,1.0,4,1,0.10970793664455414,cpu
cfcee79f269850f9,keyword_generic,full,0.0,,1,0.11079094838351011,cpu
0f280f06f7eef5a9,keyword_generic,full,0.0,,1,0.13337493874132633,cpu
2bea878ab0f91d45,keyword_generic,full,1.0,4,1,0.12608407996594906,cpu
5a05011bf2db9d66,keyword_generic,full,1.0,7,1,0.1455830642953515,cpu
14d1b8215bed7625,keyword_generic,full,1.0,7,1,0.14058302622288465,cpu
632f5afe5baa2b50,keyword_generic,full,1.0,4,1,0.09570794645696878,cpu
1779b26d725a8277,keyword_generic,full,1.0,4,1,0.11120899580419064,cpu
e6cbaba6204135fe,keyword_generic,full,2.0,4;6,1,0.09658397175371647,cpu
b75db01f2e09b4b0,keyword_generic,full,2.0,4;6,1,0.12620794586837292,cpu
5872ac2028f05996,keyword_generic,full,1.0,4,1,0.09216705802828074,cpu
c69ed015123887ae,keyword_generic,full,1.0,4,1,0.09616708848625422,cpu
1e1ec67d2eb7e35d,keyword_generic,full,1.0,4,1,0.11458294466137886,cpu
b975a73d4c4920a9,keyword_generic,full,0.0,,1,0.13170798774808645,cpu
5beb8bb80f192ecd,keyword_generic,full,0.0,,1,0.18929189536720514,cpu
86e33b382a9af90d,keyword_generic,full,0.0,,1,0.15945802442729473,cpu
2b310d7b4f33c211,keyword_generic,full,0.0,,1,0.18341699615120888,cpu
3030c8fe5b7752e9,keyword_generic,full,1.0,4,1,0.1766659552231431,cpu
11f54db9ecab9d50,keyword_generic,full,2.0,4;7,1,0.19066594541072845,cpu
79efadd5bf652677,keyword_generic,full,2.0,4;7,1,0.17012504395097494,cpu
3d54f6aedf1a2c36,keyword_generic,full,0.0,,1,0.16620790120214224,cpu
90247469ff991df0,keyword_generic,full,0.0,,1,0.18462503794580698,cpu
c55a6cc3b9a8b5d4,keyword_generic,full,1.0,6,1,0.16929092817008495,cpu
68f5eae7721dc633,keyword_generic,full,1.0,6,1,0.19379204604774714,cpu
c9cd5d6276e80f8f,keyword_generic,full,0.0,,1,0.16158295329660177,cpu
a9d704d4f96c0b13,keyword_generic,full,0.0,,1,0.16712502110749483,cpu
6456b68a246ce593,keyword_generic,full,0.0,,1,0.1997910439968109,cpu
719df09ad7156315,keyword_generic,full,0.0,,1,0.18637499306350946,cpu
d1589983cc5631e6,keyword_generic,full,1.0,4,1,0.11125009041279554,cpu
215e1fed8cf584a7,keyword_generic,full,0.0,,1,0.10695797391235828,cpu
d106b864c1d2ebbd,keyword_generic,full,0.0,,1,0.13025000225752592,cpu
f71479db343c960b,keyword_generic,full,0.0,,1,0.14712498523294926,cpu
8e6c9420fc48b13f,keyword_generic,full,1.0,7,1,0.14899997040629387,cpu
31ae45948b72ec9f,keyword_generic,full,1.0,7,1,0.13149995356798172,cpu
ecf50a8b85277b10,keyword_generic,full,0.0,,1,0.11470902245491743,cpu
4f2d4b9a9d2db4ba,keyword_generic,full,0.0,,1,0.13370905071496964,cpu
f23542cbe0ac3153,keyword_generic,full,1.0,6,1,0.1509580761194229,cpu
eaae15e8de20c69b,keyword_generic,full,1.0,6,1,0.1635829685255885,cpu
07ed90770fe2c01b,keyword_generic,full,0.0,,1,0.12091605458408594,cpu
b5f928d4c249e968,keyword_generic,full,0.0,,1,0.13579102233052254,cpu
2c5fbfa96abf5c50,keyword_generic,full,0.0,,1,0.1480829669162631,cpu
176666e396c8f2b7,keyword_generic,full,0.0,,1,0.13554096221923828,cpu
bd47aec89bc5786a,keyword_generic,full,0.0,,1,0.1842910423874855,cpu
6963200cd91ca475,keyword_generic,full,0.0,,1,0.16562500968575478,cpu
3afe76dfc50088d3,keyword_generic,full,0.0,,1,0.18966698553413153,cpu
37682125eac01917,keyword_generic,full,0.0,,1,0.19975006580352783,cpu
27b355f57661d174,keyword_generic,full,1.0,7,1,0.21050008945167065,cpu
1b81882720387252,keyword_generic,full,1.0,7,1,0.19404198974370956,cpu
1ad362f41dd8ecb2,keyword_generic,full,0.0,,1,0.17245893832296133,cpu
d4ebef288ad5b8b8,keyword_generic,full,0.0,,1,0.19158294890075922,cpu
617204e4a0a755fc,keyword_generic,full,1.0,6,1,0.17625000327825546,cpu
3267304f4b744ac4,keyword_generic,full,1.0,6,1,0.20108302123844624,cpu
14e01689130ee30d,keyword_generic,full,0.0,,1,0.1813329290598631,cpu
609647904104c069,keyword_generic,full,0.0,,1,0.1948750577867031,cpu
c9db3f20ddba6824,keyword_generic,full,0.0,,1,0.22266700398176908,cpu
7a75c380d2384185,keyword_generic,full,0.0,,1,0.2387090353295207,cpu
da70ef0709b87c72,keyword_generic,full,0.0,,1,0.1780421007424593,cpu
c3c4cae09aa05819,keyword_generic,full,0.0,,1,0.1974159386008978,cpu
b988ef84f4e12997,keyword_generic,full,0.0,,1,0.24899991694837809,cpu
99fa03bb179d806c,keyword_generic,full,0.0,,1,0.3322500269860029,cpu
c31f1bd0f05b15c9,keyword_generic,full,1.0,7,1,0.31991698779165745,cpu
b138c01e9efcf20c,keyword_generic,full,1.0,7,1,0.16516703180968761,cpu
fbe342e017de733e,keyword_generic,full,0.0,,1,0.1443750225007534,cpu
d604c902b96a11bf,keyword_generic,full,0.0,,1,0.1836669398471713,cpu
f12a4c59424b3156,keyword_generic,full,1.0,6,1,0.2246249932795763,cpu
593046747ab16b10,keyword_generic,full,1.0,6,1,0.26408303529024124,cpu
4dd8e9f0b6e59eb6,keyword_generic,full,0.0,,1,0.2632910618558526,cpu
5e3ee371d43504ad,keyword_generic,full,0.0,,1,0.23629097267985344,cpu
5dba57f505fe4314,keyword_generic,full,0.0,,1,0.19108306150883436,cpu
3414a6573a3fca18,keyword_generic,full,0.0,,1,0.19933306612074375,cpu
063e6877a87aaeb1,keyword_generic,full,1.0,4,1,0.18329196609556675,cpu
a9e608eac3f2cf55,keyword_generic,full,0.0,,1,0.2138339914381504,cpu
ca18f5c0085b0387,keyword_generic,full,0.0,,1,0.24704099632799625,cpu
957d8a10695f7235,keyword_generic,full,1.0,4,1,0.18087495118379593,cpu
4ffe180a44c2e285,keyword_generic,full,1.0,7,1,0.21795800421386957,cpu
b30aafd7daedeb93,keyword_generic,full,1.0,7,1,0.22066698875278234,cpu
a4b7d20f34887ead,keyword_generic,full,1.0,4,1,0.18483295571058989,cpu
1a653af426618c0a,keyword_generic,full,1.0,4,1,0.19687495660036802,cpu
b97417bf5f751275,keyword_generic,full,2.0,4;6,1,0.13829104136675596,cpu
76f853770f90c859,keyword_generic,full,2.0,4;6,1,0.1579589443281293,cpu
d1caaed90289ac9f,keyword_generic,full,1.0,4,1,0.1332079991698265,cpu
127c56757f204f55,keyword_generic,full,1.0,4,1,0.17029198352247477,cpu
d59ce00e74b4e5db,keyword_generic,full,1.0,4,1,0.21045806352049112,cpu
be65bea3ce742697,keyword_generic,full,0.0,,1,0.24095806293189526,cpu
0cd5b16bd113018f,keyword_generic,full,0.0,,1,0.19541708752512932,cpu
4bede2a9062693b4,keyword_generic,full,0.0,,1,0.19995798356831074,cpu
27942017252f346b,keyword_generic,full,0.0,,1,0.13025000225752592,cpu
18bcacaa88d754e9,keyword_generic,full,0.0,,1,0.14174997340887785,cpu
a6769bb04bc50c81,keyword_generic,full,0.0,,1,0.15049998182803392,cpu
fa0f51136a3a53e1,keyword_generic,full,0.0,,1,0.14554208610206842,cpu
2d5a6d5c810937d6,keyword_generic,full,1.0,4,1,0.1357909059152007,cpu
5960720b8d01b424,keyword_generic,full,1.0,4,1,0.13629195746034384,cpu
12be0f60d5c75494,keyword_generic,full,2.0,4;7,1,0.14458398800343275,cpu
5171ab79d92cc0b0,keyword_generic,full,2.0,4;7,1,0.1503749517723918,cpu
80d0b063c9505b59,keyword_generic,full,2.0,4;7,1,0.1115420600399375,cpu
ce3b3afdf1964a8e,keyword_generic,full,2.0,4;7,1,0.11620891746133566,cpu
cda1fb804fa1c14a,keyword_generic,full,0.0,,1,0.10816706344485283,cpu
89cc5f004506ebc6,keyword_generic,full,0.0,,1,0.11233298573642969,cpu
e77f2516231964f6,keyword_generic,full,0.0,,1,0.1335840206593275,cpu
b1ef114c16576712,keyword_generic,full,0.0,,1,0.13383396435528994,cpu
bd3c17baa1cef2fb,keyword_generic,full,1.0,6,1,0.1116669736802578,cpu
949e2f7909366601,keyword_generic,full,1.0,6,1,0.11341704521328211,cpu
8441e508a78a347c,keyword_generic,full,1.0,6,1,0.14049990568310022,cpu
0a32566df5619149,keyword_generic,full,1.0,6,1,0.14174997340887785,cpu
bdf083c537465d7e,keyword_generic,full,0.0,,1,0.10345806367695332,cpu
78d7f1268372d230,keyword_generic,full,0.0,,1,0.1068750862032175,cpu
58e2a72487a24462,keyword_generic,full,0.0,,1,0.11420901864767075,cpu
c202709245581e8e,keyword_generic,full,0.0,,1,0.11604093015193939,cpu
1696d3a047d18c20,keyword_generic,full,0.0,,1,0.145082944072783,cpu
05c67cbb06ecaddb,keyword_generic,full,0.0,,1,0.14354207087308168,cpu
3b333ed8b35b8a0a,keyword_generic,full,0.0,,1,0.1420000335201621,cpu
bf64495d8ff8dff3,keyword_generic,full,0.0,,1,0.1372500555589795,cpu
d0845c4159f89e68,keyword_generic,full,1.0,4,1,0.329792033880949,cpu
2e1fbce8b9e5cb93,keyword_generic,full,0.0,,1,0.3311659675091505,cpu
bd07eecda820cedb,keyword_generic,full,0.0,,1,0.3653749590739608,cpu
4402c1f81d480cb1,keyword_generic,full,0.0,,1,0.35099999513477087,cpu
253405519fe3011a,keyword_generic,full,1.0,7,1,0.372166046872735,cpu
264cb54ab7cff55e,keyword_generic,full,1.0,7,1,0.37104194052517414,cpu
e775f21f116687f4,keyword_generic,full,0.0,,1,0.34920801408588886,cpu
be325487c85ffd86,keyword_generic,full,0.0,,1,0.3771670162677765,cpu
98754c611e66413f,keyword_generic,full,1.0,6,1,0.35745801869779825,cpu
f030cc231efe50de,keyword_generic,full,1.0,6,1,0.34083309583365917,cpu
cf448c3b9b4fe08a,keyword_generic,full,0.0,,1,0.3036250127479434,cpu
c635d37818a37f94,keyword_generic,full,0.0,,1,0.30458299443125725,cpu
3a4837b8c6c32812,keyword_generic,full,0.0,,1,0.3292909823358059,cpu
95c07053adbda365,keyword_generic,full,0.0,,1,0.3250830341130495,cpu
3c48891a34e5341e,keyword_generic,full,2.0,4;7,1,0.11424999684095383,cpu
7dcb325a64fc2506,keyword_generic,full,1.0,7,1,0.10829209350049496,cpu
f13e927dc59fe6db,keyword_generic,full,1.0,7,1,0.13066700194031,cpu
8867743d25f5d829,keyword_generic,full,1.0,7,1,0.13933307491242886,cpu
92145c8a41c5f1ff,keyword_generic,full,1.0,7,1,0.16249995678663254,cpu
bf648e513ada6a1a,keyword_generic,full,1.0,7,1,0.14504208229482174,cpu
632b0fab035fcd1e,keyword_generic,full,1.0,7,1,0.11483300477266312,cpu
a2f637ff5e879c99,keyword_generic,full,1.0,7,1,0.13870804104954004,cpu
71f5ae06345902cc,keyword_generic,full,2.0,6;7,1,0.11904200073331594,cpu
dc8f014b56e3e275,keyword_generic,full,2.0,6;7,1,0.14012493193149567,cpu
29144780b860becd,keyword_generic,full,1.0,7,1,0.11258397717028856,cpu
b15d887655b8ac8e,keyword_generic,full,1.0,7,1,0.11654198169708252,cpu
97dfae4137bed5b2,keyword_generic,full,1.0,7,1,0.1540409866720438,cpu
4daa9b7c8a46191c,keyword_generic,full,1.0,7,1,0.15045888721942902,cpu
725450de77fdb782,keyword_generic,full,1.0,4,1,0.2822920214384794,cpu
820e4f849888b771,keyword_generic,full,0.0,,1,0.23666699416935444,cpu
539f09bd639f8b82,keyword_generic,full,0.0,,1,0.26533298660069704,cpu
2ea1b44dba98eadf,keyword_generic,full,0.0,,1,0.2707920502871275,cpu
1fb52713136da2e1,keyword_generic,full,1.0,7,1,0.28662499971687794,cpu
0a17445f80f77963,keyword_generic,full,1.0,7,1,0.2732089487835765,cpu
99217731bb443fd3,keyword_generic,full,0.0,,1,0.23779203183948994,cpu
c721c03d0f42061b,keyword_generic,full,0.0,,1,0.26416603941470385,cpu
a14264694c69c2e0,keyword_generic,full,1.0,6,1,0.26412506122142076,cpu
4416de3be09ad73e,keyword_generic,full,1.0,6,1,0.28395792469382286,cpu
5ad19952b29d5983,keyword_generic,full,0.0,,1,0.24700001813471317,cpu
50bd858fedeae0db,keyword_generic,full,0.0,,1,0.23733300622552633,cpu
d32491d496572b14,keyword_generic,full,0.0,,1,0.27554191183298826,cpu
c8782707372964b3,keyword_generic,full,0.0,,1,0.2819159999489784,cpu
da751be85c8d1bae,keyword_generic,full,1.0,7,1,0.24037493858486414,cpu
186fb619ca2b80e6,keyword_generic,full,1.0,7,1,0.15533401165157557,cpu
3c770cff236c6dd3,keyword_generic,full,1.0,7,1,0.17450004816055298,cpu
77d9ba9f014acfb1,keyword_generic,full,2.0,4;7,1,0.1567919971421361,cpu
d43e7a7e28e7bdb4,keyword_generic,full,2.0,4;7,1,0.17958402168005705,cpu
8fcdf3efd357996b,keyword_generic,full,2.0,4;7,1,0.16604189295321703,cpu
6b1e4c0a611b69c0,keyword_generic,full,1.0,7,1,0.1587909646332264,cpu
df0447a1ab0316c1,keyword_generic,full,1.0,7,1,0.17633300740271807,cpu
d48649e26dcb1226,keyword_generic,full,2.0,6;7,1,0.1532089663669467,cpu
54d1b918a7d1aab0,keyword_generic,full,2.0,6;7,1,0.18087506759911776,cpu
dda17f78b8670d90,keyword_generic,full,1.0,7,1,0.15708303544670343,cpu
9eb853c978a4a706,keyword_generic,full,1.0,7,1,0.16020808834582567,cpu
d857f28f4336302d,keyword_generic,full,1.0,7,1,0.17329095862805843,cpu
64279c37444d0daf,keyword_generic,full,1.0,7,1,0.16745796892791986,cpu
2be6a703446d3229,keyword_generic,full,2.0,4;7,1,0.30545901972800493,cpu
93a6a7e0cc064320,keyword_generic,full,1.0,7,1,0.30679197516292334,cpu
9a3af093368da1e0,keyword_generic,full,1.0,7,1,0.3465410554781556,cpu
4e1256d06c621e67,keyword_generic,full,1.0,7,1,0.364125007763505,cpu
69fad265ae8d78ad,keyword_generic,full,1.0,7,1,0.42337493505328894,cpu
44238e5b6db1411f,keyword_generic,full,1.0,7,1,0.40479202289134264,cpu
3730ff4cf1e74dca,keyword_generic,full,1.0,7,1,0.3391669597476721,cpu
262ed21c8d0b0142,keyword_generic,full,1.0,7,1,0.3567909589037299,cpu
68c1c610a9f10fee,keyword_generic,full,2.0,6;7,1,0.32058299984782934,cpu
acfbe8677e8637ad,keyword_generic,full,2.0,6;7,1,0.3653339808806777,cpu
447afef0f7240f82,keyword_generic,full,1.0,7,1,0.32583402935415506,cpu
36763fe30c03ecf1,keyword_generic,full,1.0,7,1,0.4002919886261225,cpu
624c8fe1b6faa213,keyword_generic,full,1.0,7,1,0.43283298145979643,cpu
fbf55196569c2742,keyword_generic,full,1.0,7,1,0.417000032030046,cpu
9e97a60dfabdc7c6,keyword_generic,full,1.0,4,1,2.9553340282291174,cpu
241b7ed099e9d7d2,keyword_generic,full,1.0,4,1,3.006083075888455,cpu
dce96998e7a449d0,keyword_generic,full,1.0,4,1,3.1761249992996454,cpu
fa283d5b5455a567,keyword_generic,full,1.0,4,1,3.1343329465016723,cpu
083dea34337050ef,keyword_generic,full,2.0,4;7,1,3.0241661006584764,cpu
5ef15e73fd217c6a,keyword_generic,full,2.0,4;7,1,2.913833945058286,cpu
63a7bbed64b25a48,keyword_generic,full,1.0,4,1,2.72266601677984,cpu
7182bf2c379521ef,keyword_generic,full,1.0,4,1,2.642999985255301,cpu
e6ce7d1bebe37969,keyword_generic,full,2.0,4;6,1,2.2746670292690396,cpu
e14cedfbee7d9e17,keyword_generic,full,2.0,4;6,1,2.366708009503782,cpu
c7119e2bbeeba0da,keyword_generic,full,1.0,4,1,2.9617499094456434,cpu
5c2b6ffb68a940b3,keyword_generic,full,1.0,4,1,2.7434160001575947,cpu
47de2fa1f9d7ab67,keyword_generic,full,1.0,4,1,2.7158750453963876,cpu
3a97d863dc74c89c,keyword_generic,full,1.0,4,1,3.1606670236214995,cpu
1bac2c6547ab1e60,keyword_generic,full,1.0,4,1,0.20470807794481516,cpu
ac785a40d9c8b64f,keyword_generic,full,0.0,,1,0.20237499848008156,cpu
cc0a7e45a4037021,keyword_generic,full,0.0,,1,0.2275829901918769,cpu
d5a36a0db0049ace,keyword_generic,full,1.0,4,1,0.21141697652637959,cpu
1152b4dfd5a51dd5,keyword_generic,full,1.0,7,1,0.291084055788815,cpu
c6052a509ad2e975,keyword_generic,full,1.0,7,1,0.22133404854685068,cpu
257078bd8b6fd6e5,keyword_generic,full,1.0,4,1,0.19641697872430086,cpu
550d005c8950402b,keyword_generic,full,1.0,4,1,0.22079108748584986,cpu
b22cdf23c289bbc3,keyword_generic,full,2.0,4;6,1,0.18408300820738077,cpu
f40435dc973dd627,keyword_generic,full,2.0,4;6,1,0.21029100753366947,cpu
5407bce0378aa238,keyword_generic,full,1.0,4,1,0.18183293286710978,cpu
a7a1e4df279248b4,keyword_generic,full,1.0,4,1,0.18524995539337397,cpu
2511eb0f5101dda9,keyword_generic,full,1.0,4,1,0.20162505097687244,cpu
bfd42f5f40bccc7d,keyword_generic,full,0.0,,1,0.2201671013608575,cpu
ed616db383f6c306,keyword_generic,full,0.0,,1,0.4622500855475664,cpu
96e4414b06274349,keyword_generic,full,0.0,,1,0.4332909593358636,cpu
184d1f5106e11e71,keyword_generic,full,0.0,,1,0.4754159599542618,cpu
e5aa12b03d43426f,keyword_generic,full,1.0,4,1,0.45004195999354124,cpu
69c7b8ddbe580949,keyword_generic,full,2.0,4;7,1,0.4582499386742711,cpu
b6d0d7e04e144592,keyword_generic,full,2.0,4;7,1,0.4491250729188323,cpu
809199a76359bc18,keyword_generic,full,0.0,,1,0.44362503103911877,cpu
9f379289547aca15,keyword_generic,full,0.0,,1,0.4622910637408495,cpu
e563277cb7c6fb16,keyword_generic,full,1.0,6,1,0.45612500980496407,cpu
04e9309c37481063,keyword_generic,full,1.0,6,1,0.5023330450057983,cpu
7bbcea91cb384385,keyword_generic,full,0.0,,1,0.44125004205852747,cpu
083b8c53f2a81ea5,keyword_generic,full,0.0,,1,0.4522079834714532,cpu
8f0b4b3f59d758ee,keyword_generic,full,0.0,,1,0.5068749887868762,cpu
9a0178070277e585,keyword_generic,full,0.0,,1,0.500958994962275,cpu
91758132eb1b6788,keyword_generic,full,1.0,4,1,0.3412499791011214,cpu
fe713d2a07304087,keyword_generic,full,0.0,,1,0.32333401031792164,cpu
45b35f44c3e5a81f,keyword_generic,full,0.0,,1,0.37070794496685266,cpu
15103eced43db063,keyword_generic,full,1.0,4,1,0.341791077516973,cpu
2d70b59b52c39207,keyword_generic,full,1.0,7,1,0.3804579610005021,cpu
a250182bd7c9238f,keyword_generic,full,1.0,7,1,0.3612090367823839,cpu
f0c723d6a3409e4f,keyword_generic,full,1.0,4,1,0.32770796678960323,cpu
837856f51e98bf9c,keyword_generic,full,1.0,4,1,0.3364579752087593,cpu
010a1422cd9cb074,keyword_generic,full,2.0,4;6,1,0.3387919859960675,cpu
2ef2a163f49b3e64,keyword_generic,full,2.0,4;6,1,0.35020802170038223,cpu
88d0e9d0c975b8d5,keyword_generic,full,1.0,4,1,0.3201670479029417,cpu
4835cfffe3ef63c3,keyword_generic,full,1.0,4,1,0.32962497789412737,cpu
602c72cae1328a1e,keyword_generic,full,1.0,4,1,0.34166593104600906,cpu
5c618cdb081f15af,keyword_generic,full,0.0,,1,0.3551250556483865,cpu
f88baeebb5d129b9,keyword_generic,full,1.0,4,1,0.2707090461626649,cpu
7f9afb3a387415a4,keyword_generic,full,0.0,,1,0.25512499269098043,cpu
d09aab35a4dd005e,keyword_generic,full,0.0,,1,0.2732910215854645,cpu
a51e517606011498,keyword_generic,full,0.0,,1,0.2828750293701887,cpu
9ad845c6715e81ab,keyword_generic,full,1.0,7,1,0.29441702645272017,cpu
d1a8baf828a2d520,keyword_generic,full,1.0,7,1,0.27650000993162394,cpu
dbe9045244f736f4,keyword_generic,full,0.0,,1,0.2562080044299364,cpu
08fab8b3fd1a158e,keyword_generic,full,0.0,,1,0.28325000312179327,cpu
3d4f0dd7f1afcab7,keyword_generic,full,1.0,6,1,0.2589169889688492,cpu
75a305c63ada98d8,keyword_generic,full,1.0,6,1,0.28362509328871965,cpu
e54777292a67665f,keyword_generic,full,1.0,4,1,0.24608406238257885,cpu
33851f3476a42697,keyword_generic,full,0.0,,1,0.25762501172721386,cpu
60807ff61973722f,keyword_generic,full,0.0,,1,0.28366607148200274,cpu
7b5c8cf8c98548f6,keyword_generic,full,0.0,,1,0.2762910444289446,cpu
b92d6c266189301e,keyword_generic,full,0.0,,1,0.4737909184768796,cpu
2c30e50cdedc98f0,keyword_generic,full,0.0,,1,0.4462909419089556,cpu
13c879cd8e938207,keyword_generic,full,0.0,,1,0.5480420077219605,cpu
24651d8d707d11d8,keyword_generic,full,1.0,4,1,0.5157080013304949,cpu
0cc429c1f0f85a44,keyword_generic,full,2.0,4;7,1,0.5111249629408121,cpu
7816edd02a64fcbe,keyword_generic,full,2.0,4;7,1,0.5047089653089643,cpu
0b54e2e290aaa720,keyword_generic,full,0.0,,1,0.5034590139985085,cpu
5f420d29cfffc46e,keyword_generic,full,0.0,,1,0.5087079480290413,cpu
eb61672839e4c435,keyword_generic,full,1.0,6,1,0.49991696141660213,cpu
4f5f0d1f22efe195,keyword_generic,full,1.0,6,1,0.5264589563012123,cpu
2315e9c1d52bcbae,keyword_generic,full,0.0,,1,0.4902910441160202,cpu
f7e158dcb3a8ff72,keyword_generic,full,0.0,,1,0.5068340105935931,cpu
29624a8b14443150,keyword_generic,full,0.0,,1,0.5299999611452222,cpu
16cbd44fed15d76d,keyword_generic,full,0.0,,1,0.5309580592438579,cpu
7e9310a95d8c8842,keyword_generic,full,1.0,4,1,0.22904202342033386,cpu
2ef4ab559f7b9fbe,keyword_generic,full,0.0,,1,0.20283297635614872,cpu
e646eeaf60d0879b,keyword_generic,full,0.0,,1,0.2405419945716858,cpu
d8fdb5fd2d35afa0,keyword_generic,full,0.0,,1,0.24158298037946224,cpu
684af79be65f7df0,keyword_generic,full,1.0,7,1,0.26008300483226776,cpu
2ead387563840877,keyword_generic,full,1.0,7,1,0.22787495981901884,cpu
3c262037d8a1ae95,keyword_generic,full,0.0,,1,0.20916596986353397,cpu
2e8a3f6fb81a52a4,keyword_generic,full,0.0,,1,0.23104192223399878,cpu
291db3fa36b39a9d,keyword_generic,full,1.0,6,1,0.2175000263378024,cpu
a0c0a13e49b6118f,keyword_generic,full,1.0,6,1,0.2400829689577222,cpu
a2b36ae9d1308cb9,keyword_generic,full,1.0,4,1,0.19020808394998312,cpu
0aad0a81a02b9c10,keyword_generic,full,0.0,,1,0.20966690499335527,cpu
c156ecb81d8f983f,keyword_generic,full,0.0,,1,0.25525002274662256,cpu
4cf2c4f0c54a7558,keyword_generic,full,0.0,,1,0.24758395738899708,cpu
0120b3d62449bdeb,keyword_generic,full,1.0,4,1,0.23020897060632706,cpu
ecd56ccfa22c90e9,keyword_generic,full,1.0,4,1,0.22175000049173832,cpu
0e7d3d14d563c3c2,keyword_generic,full,1.0,4,1,0.25645794812589884,cpu
fe4fc5d664f2d487,keyword_generic,full,1.0,4,1,0.2644169144332409,cpu
3d621ca3697b90e6,keyword_generic,full,2.0,4;7,1,0.25616702623665333,cpu
a0ed48dbe76a3113,keyword_generic,full,2.0,4;7,1,0.23920799139887094,cpu
63be6bf616f6e55a,keyword_generic,full,1.0,4,1,0.2300409832969308,cpu
cc975403dfe572ab,keyword_generic,full,1.0,4,1,0.2524580340832472,cpu
43090bc086ff39a2,keyword_generic,full,2.0,4;6,1,0.24079193826764822,cpu
85d50995616ac111,keyword_generic,full,2.0,4;6,1,0.27166702784597874,cpu
72dadcfabede90ba,keyword_generic,full,1.0,4,1,0.20833301823586226,cpu
3386b6da261e8614,keyword_generic,full,1.0,4,1,0.23933302145451307,cpu
792ce0565155a350,keyword_generic,full,1.0,4,1,0.26400003116577864,cpu
422cb9bad0e6cc48,keyword_generic,full,1.0,4,1,0.2637500874698162,cpu
15d430d9e6139b53,keyword_generic,full,2.0,4;7,1,0.3660829970613122,cpu
8539ca2e6615321f,keyword_generic,full,2.0,4;7,1,0.3130830591544509,cpu
4ff32fc11baf7329,keyword_generic,full,0.0,,1,0.07200008258223534,cpu
0aba777e6ea3316f,keyword_generic,full,0.0,,1,0.05825003609061241,cpu
03adacbcc0016336,keyword_generic,full,0.0,,1,0.07820792961865664,cpu
107902eebb71c743,keyword_generic,full,0.0,,1,0.07129204459488392,cpu
b19bc3947dcc19b1,keyword_generic,full,2.0,4;7,1,0.07116701453924179,cpu
07a021d4de485f4c,keyword_generic,full,1.0,7,1,0.06570795085281134,cpu
3a9250dc2efd766c,keyword_generic,full,0.0,,1,0.08600007276982069,cpu
a5e599595cda88ef,keyword_generic,full,0.0,,1,0.09774998761713505,cpu
1355ac2524dc834d,keyword_generic,full,1.0,6,1,0.07949990686029196,cpu
7878407dfe5bcc15,keyword_generic,full,1.0,6,1,0.11125009041279554,cpu
0cf82c8934f300f4,keyword_generic,full,0.0,,1,0.1014170702546835,cpu
1dbc201c50d16b38,keyword_generic,full,0.0,,1,0.07599999662488699,cpu
e571f01f3e8e160c,keyword_generic,full,0.0,,1,0.12704194523394108,cpu
1403f0f3440ee521,keyword_generic,full,0.0,,1,0.09366706945002079,cpu
a1ad3b6d94099205,keyword_generic,full,1.0,4,1,0.12400001287460327,cpu
deb4feac1a1b78d1,keyword_generic,full,0.0,,1,0.1193339703604579,cpu
b320a7aa091bdacd,keyword_generic,full,0.0,,1,0.13420905452221632,cpu
97c64687f3a47c29,keyword_generic,full,1.0,4,1,0.1193750649690628,cpu
f1f12d1545cc36ca,keyword_generic,full,1.0,7,1,0.15600002370774746,cpu
6bdfe60711718348,keyword_generic,full,1.0,7,1,0.13716600369662046,cpu
716fef16ca0ed705,keyword_generic,full,1.0,4,1,0.12991600669920444,cpu
cb6d5aff86b34170,keyword_generic,full,1.0,4,1,0.14291598927229643,cpu
fcc6ad3757e0e7dd,keyword_generic,full,2.0,4;6,1,0.1301660668104887,cpu
6a22b62709a9540c,keyword_generic,full,2.0,4;6,1,0.14920905232429504,cpu
2e5616c428e64758,keyword_generic,full,1.0,4,1,0.12350000906735659,cpu
5534584e78a57703,keyword_generic,full,1.0,4,1,0.13887498062103987,cpu
19be062ad25c5d17,keyword_generic,full,1.0,4,1,0.14599994756281376,cpu
50e20c8137b4e5f0,keyword_generic,full,0.0,,1,0.1801659818738699,cpu
f46a560cce749097,keyword_generic,full,0.0,,1,0.06970798131078482,cpu
f7fd4d9d0388562f,keyword_generic,full,0.0,,1,0.057541998103260994,cpu
d4cc00924742ed3b,keyword_generic,full,0.0,,1,0.06741704419255257,cpu
7431a3b956252e24,keyword_generic,full,0.0,,1,0.07199996616691351,cpu
f5095d63265d4b88,keyword_generic,full,2.0,4;7,1,0.08487491868436337,cpu
ef34c09ca3fe4f7d,keyword_generic,full,2.0,4;7,1,0.06341701373457909,cpu
8ad89062b395855d,keyword_generic,full,0.0,,1,0.08891697507351637,cpu
906a566a03d98997,keyword_generic,full,0.0,,1,0.1011659624055028,cpu
33379a55dcad7f1c,keyword_generic,full,1.0,6,1,0.08041702676564455,cpu
8f39e53d642422ec,keyword_generic,full,1.0,6,1,0.11187500786036253,cpu
7156997345281468,keyword_generic,full,0.0,,1,0.07433304563164711,cpu
8994de6554a9acc8,keyword_generic,full,0.0,,1,0.08233392145484686,cpu
65c245678da8812f,keyword_generic,full,0.0,,1,0.1081250375136733,cpu
dad0ce715878c8e1,keyword_generic,full,0.0,,1,0.09729200974106789,cpu
07be77362f97ba99,keyword_generic,full,0.0,,1,0.13454200234264135,cpu
b7b106f1a349bafc,keyword_generic,full,0.0,,1,0.12733403127640486,cpu
d9ec17147ef06040,keyword_generic,full,0.0,,1,0.14725001528859138,cpu
973c9aad595f6898,keyword_generic,full,0.0,,1,0.15312503091990948,cpu
96330ec986b3ad42,keyword_generic,full,2.0,4;7,1,0.14320795889943838,cpu
ed3c9b25250ce0cc,keyword_generic,full,2.0,4;7,1,0.14991709031164646,cpu
86b568517b0c6cb5,keyword_generic,full,0.0,,1,0.13645808212459087,cpu
4e74fdd85be9cf3b,keyword_generic,full,0.0,,1,0.15141710173338652,cpu
d10cdc6a91559923,keyword_generic,full,1.0,6,1,0.13737508561462164,cpu
4a6891ad7cc5e462,keyword_generic,full,1.0,6,1,0.1623330172151327,cpu
133cd19af3f290fc,keyword_generic,full,0.0,,1,0.12625008821487427,cpu
e22c5396c8f68a0a,keyword_generic,full,0.0,,1,0.1319580478593707,cpu
70a7635777c5b280,keyword_generic,full,0.0,,1,0.15674997121095657,cpu
c8c2e88f3469c6e5,keyword_generic,full,0.0,,1,0.15124992933124304,cpu
f857153a02249932,keyword_generic,full,0.0,,1,0.0874160323292017,cpu
7e5ea4105428a849,keyword_generic,full,0.0,,1,0.07100007496774197,cpu
b8a6d8532cb11d7f,keyword_generic,full,0.0,,1,0.09020802099257708,cpu
65ed9d376b9e2af4,keyword_generic,full,0.0,,1,0.09133305866271257,cpu
fb1e4d4c1e62ed49,keyword_generic,full,2.0,4;7,1,0.07516599725931883,cpu
e078c6c24edaaec4,keyword_generic,full,2.0,4;7,1,0.07079099304974079,cpu
19354b9df29694c4,keyword_generic,full,0.0,,1,0.08850009180605412,cpu
7ebd108c1be8020a,keyword_generic,full,0.0,,1,0.10741606820374727,cpu
0bcd35b5627ac8b4,keyword_generic,full,1.0,6,1,0.09079196024686098,cpu
94886b35f79bba64,keyword_generic,full,1.0,6,1,0.11495803482830524,cpu
4cd946d1615a0aeb,keyword_generic,full,0.0,,1,0.08416594937443733,cpu
3ea5184466d7a594,keyword_generic,full,0.0,,1,0.08949998300522566,cpu
9ac4cd4e973137d0,keyword_generic,full,0.0,,1,0.12416602112352848,cpu
b58f9213624f9464,keyword_generic,full,0.0,,1,0.11579191777855158,cpu
91f25d38956f6863,keyword_generic,full,1.0,4,1,0.07895799353718758,cpu
ba407de7c87cbf27,keyword_generic,full,0.0,,1,0.08112506475299597,cpu
a180c033d65076d5,keyword_generic,full,0.0,,1,0.10774994734674692,cpu
74aee4906bbd93d9,keyword_generic,full,0.0,,1,0.10941596701741219,cpu
110235d89e64f979,keyword_generic,full,1.0,7,1,0.1177079975605011,cpu
f863997248aef90a,keyword_generic,full,1.0,7,1,0.09329093154519796,cpu
262e6aa12c4ee609,keyword_generic,full,0.0,,1,0.10695902165025473,cpu
03dbee198f3311c9,keyword_generic,full,0.0,,1,0.12883299496024847,cpu
5358135b55622e3a,keyword_generic,full,1.0,6,1,0.11387502308934927,cpu
19aa160395df045d,keyword_generic,full,1.0,6,1,0.15416694805026054,cpu
832d435ba017c6ea,keyword_generic,full,1.0,4,1,0.08591695223003626,cpu
cbfcb26862b07e93,keyword_generic,full,0.0,,1,0.09475008118897676,cpu
7f7c721f184b38ad,keyword_generic,full,0.0,,1,0.11874991469085217,cpu
73176b66709fee85,keyword_generic,full,0.0,,1,0.11429202277213335,cpu
4dec84581cfc5504,keyword_generic,full,1.0,4,1,0.046791043132543564,cpu
5bfbd48f3422976e,keyword_generic,full,1.0,4,1,0.049749971367418766,cpu
832e25e2e87900f2,keyword_generic,full,0.0,,1,0.04412501584738493,cpu
0fc61a5b98d1b2a5,keyword_generic,full,0.0,,1,0.048042042180895805,cpu
105ab5d0a543492f,keyword_generic,full,0.0,,1,0.054040923714637756,cpu
5044e4f1410e0f8d,keyword_generic,full,0.0,,1,0.05687493830919266,cpu
45b370cd9af063dc,keyword_generic,full,1.0,4,1,0.049749971367418766,cpu
8825686d32ce8565,keyword_generic,full,1.0,4,1,0.052875024266541004,cpu
a5accd3c66938c53,keyword_generic,full,1.0,7,1,0.06916606798768044,cpu
52d2f5719a34cc1d,keyword_generic,full,1.0,7,1,0.07204199209809303,cpu
25283cd0c21d7507,keyword_generic,full,1.0,7,1,0.05150004290044308,cpu
006a63a5ef076e75,keyword_generic,full,1.0,7,1,0.05412509199231863,cpu
92170b03385f566a,keyword_generic,full,1.0,4,1,0.054999953135848045,cpu
50632da68b1bc4f6,keyword_generic,full,1.0,4,1,0.05795806646347046,cpu
631ca6034277dffc,keyword_generic,full,1.0,4,1,0.07129192817956209,cpu
8e6508fe9e0a729e,keyword_generic,full,1.0,4,1,0.07333396933972836,cpu
26c0039086eca8f5,keyword_generic,full,2.0,4;6,1,0.0588749535381794,cpu
3cadd33976fce41d,keyword_generic,full,2.0,4;6,1,0.06108300294727087,cpu
82ca8cf351d00de6,keyword_generic,full,2.0,4;6,1,0.07704203017055988,cpu
0c5d07b8581f1fb1,keyword_generic,full,2.0,4;6,1,0.07941597141325474,cpu
ddae8f2d929eb937,keyword_generic,full,1.0,4,1,0.05191704258322716,cpu
9129cc8463a5246f,keyword_generic,full,1.0,4,1,0.05466595757752657,cpu
a7d619feec4110a3,keyword_generic,full,1.0,4,1,0.055709038861095905,cpu
2591093e1b5a343c,keyword_generic,full,1.0,4,1,0.05908298771828413,cpu
7112778fef3815d6,keyword_generic,full,1.0,4,1,0.07487495895475149,cpu
4e58c14a2aaf0861,keyword_generic,full,1.0,4,1,0.0778330722823739,cpu
21152061b3bac7ed,keyword_generic,full,0.0,,1,0.08645805064588785,cpu
0e2e8a42f0c354a5,keyword_generic,full,0.0,,1,0.08904095739126205,cpu
eba1fd89420018fd,keyword_generic,full,0.0,,1,0.26237498968839645,cpu
e9ff58eefce3e0cc,keyword_generic,full,0.0,,1,0.2514169318601489,cpu
d0291e9412d7b3fd,keyword_generic,full,0.0,,1,0.2616249257698655,cpu
5f61d4150e391cfc,keyword_generic,full,0.0,,1,0.26175007224082947,cpu
4b69bedb5f656c06,keyword_generic,full,2.0,4;7,1,0.2615419216454029,cpu
0f0bbc00070efb82,keyword_generic,full,2.0,4;7,1,0.2489580074325204,cpu
1aa60d8c47fbc298,keyword_generic,full,0.0,,1,0.2674999414011836,cpu
bd7a43a4d7c604e3,keyword_generic,full,0.0,,1,0.2881659893319011,cpu
b73e31b624dcc72c,keyword_generic,full,1.0,6,1,0.27008296456187963,cpu
98685815c66d170b,keyword_generic,full,1.0,6,1,0.2965410239994526,cpu
832c8212f6df012a,keyword_generic,full,0.0,,1,0.2589169889688492,cpu
f4c0d74a11349025,keyword_generic,full,0.0,,1,0.26587501633912325,cpu
0f2a53b141a0a02a,keyword_generic,full,0.0,,1,0.2924579894170165,cpu
5ef146a325facd72,keyword_generic,full,0.0,,1,0.2839169465005398,cpu
da15707230ab9037,keyword_generic,full,1.0,7,1,0.07245794404298067,cpu
b612d53c1280ba3d,keyword_generic,full,1.0,7,1,0.06450002547353506,cpu
0f5c9b8cbc64dffe,keyword_generic,full,1.0,7,1,0.07254094816744328,cpu
f36f84d35c8080b3,keyword_generic,full,1.0,7,1,0.07487495895475149,cpu
b3f0c2b9cc72e498,keyword_generic,full,2.0,4;7,1,0.08179200813174248,cpu
7499e4912f06104e,keyword_generic,full,2.0,4;7,1,0.06833404768258333,cpu
4b1d7b533e09e186,keyword_generic,full,1.0,7,1,0.0790000194683671,cpu
12cefcf504b3cf30,keyword_generic,full,1.0,7,1,0.09691703598946333,cpu
f95d61692c123c9c,keyword_generic,full,2.0,6;7,1,0.08412497118115425,cpu
0b86d057cb936cd6,keyword_generic,full,2.0,6;7,1,0.10699999984353781,cpu
5f88f40f250f6e66,keyword_generic,full,1.0,7,1,0.07579196244478226,cpu
a0521534511528a9,keyword_generic,full,1.0,7,1,0.08141703438013792,cpu
4db1e04ae6a5f2dc,keyword_generic,full,1.0,7,1,0.1039999770000577,cpu
6489cab937e8b5b6,keyword_generic,full,1.0,7,1,0.09816593956202269,cpu
e417a0cfc8cef25e,keyword_generic,full,0.0,,1,0.15816697850823402,cpu
9f1964a07ab20e88,keyword_generic,full,0.0,,1,0.14941697008907795,cpu
ef85b9ffd09d5ecb,keyword_generic,full,0.0,,1,0.15887501649558544,cpu
6e60cb11951f79e3,keyword_generic,full,0.0,,1,0.161500065587461,cpu
a4afda5f51140488,keyword_generic,full,2.0,4;7,1,0.16445794608443975,cpu
dce3111c5f671b7f,keyword_generic,full,2.0,4;7,1,0.15024992171674967,cpu
ddbaa23c82db6309,keyword_generic,full,0.0,,1,0.16679102554917336,cpu
b50c61b120419d78,keyword_generic,full,0.0,,1,0.18537510186433792,cpu
b6d71c4655b1bd5f,keyword_generic,full,1.0,6,1,0.17083296552300453,cpu
e203efbc3b3abfc9,keyword_generic,full,1.0,6,1,0.19754108507186174,cpu
8c470799a6475b82,keyword_generic,full,0.0,,1,0.17412507440894842,cpu
80dface086257d14,keyword_generic,full,0.0,,1,0.2055000513792038,cpu
3a790ab05b9801b5,keyword_generic,full,0.0,,1,0.24808396119624376,cpu
d4e7126dfac560a9,keyword_generic,full,0.0,,1,0.226916978135705,cpu
859886d83369f75c,keyword_generic,full,2.0,4;7,1,0.10258296970278025,cpu
14aea70100993541,keyword_generic,full,1.0,7,1,0.09879190474748611,cpu
ee5e29a61142f166,keyword_generic,full,1.0,7,1,0.10699999984353781,cpu
98611d506386c775,keyword_generic,full,2.0,4;7,1,0.10183302219957113,cpu
1b428e5e9ec74027,keyword_generic,full,1.0,7,1,0.12645800597965717,cpu
e34aa8d2ba089bd3,keyword_generic,full,1.0,7,1,0.11449994053691626,cpu
dafb987bd9da827b,keyword_generic,full,2.0,4;7,1,0.10491698049008846,cpu
7eada8395d107380,keyword_generic,full,2.0,4;7,1,0.11862500105053186,cpu
4550a9b07df06714,keyword_generic,full,3.0,4;6;7,1,0.10733294766396284,cpu
4e2e35dcd22e6258,keyword_generic,full,3.0,4;6;7,1,0.1282910816371441,cpu
79229627eb1bf2e0,keyword_generic,full,2.0,4;7,1,0.10208296589553356,cpu
cd3ac52700ad17ff,keyword_generic,full,2.0,4;7,1,0.10545796249061823,cpu
8aebb307ade4f48c,keyword_generic,full,2.0,4;7,1,0.12108299415558577,cpu
93bc33e4509ff56d,keyword_generic,full,1.0,7,1,0.13354199472814798,cpu
5ef601a23d78bb20,keyword_generic,full,1.0,7,1,0.23762497585266829,cpu
39bcb2e702821cbd,keyword_generic,full,1.0,7,1,0.21658290643244982,cpu
9a10598700f5b4a3,keyword_generic,full,1.0,7,1,0.23320794571191072,cpu
9e6a6c3a2b09e85c,keyword_generic,full,1.0,7,1,0.2430839231237769,cpu
8a48761711aa0b2c,keyword_generic,full,2.0,4;7,1,0.24787499569356441,cpu
4f20c44d2bc034b6,keyword_generic,full,2.0,4;7,1,0.220458023250103,cpu
4a60375cb65ad609,keyword_generic,full,1.0,7,1,0.2529590856283903,cpu
0f358020349399ac,keyword_generic,full,1.0,7,1,0.28179201763123274,cpu
f17f2ee2b01e9995,keyword_generic,full,2.0,6;7,1,0.251457910053432,cpu
30859d48f81816a3,keyword_generic,full,2.0,6;7,1,0.295375008136034,cpu
aae948e0fc077a05,keyword_generic,full,1.0,7,1,0.23849995341151953,cpu
68852ccecd4381dc,keyword_generic,full,1.0,7,1,0.2461249241605401,cpu
9fa16068292a26dd,keyword_generic,full,1.0,7,1,0.30195899307727814,cpu
bfe1a830081e6113,keyword_generic,full,1.0,7,1,0.2994999522343278,cpu
d59026be5724148e,keyword_generic,full,1.0,4,1,2.380833961069584,cpu
369720b8623e3923,keyword_generic,full,1.0,4,1,2.910915995016694,cpu
a2eb36f7d789e6e5,keyword_generic,full,1.0,4,1,3.086332930251956,cpu
df5376a0a3b70a36,keyword_generic,full,1.0,4,1,2.7028749464079738,cpu
e1fbc6e998f9e3f3,keyword_generic,full,2.0,4;7,1,2.46395799331367,cpu
e406d7c1e7daf5d2,keyword_generic,full,2.0,4;7,1,3.3873749198392034,cpu
35178f246c1d364b,keyword_generic,full,1.0,4,1,2.9262499883770943,cpu
02b0bcbc1192d40b,keyword_generic,full,1.0,4,1,2.459416980855167,cpu
8f6a4066c237c39e,keyword_generic,full,2.0,4;6,1,2.1799170644953847,cpu
39f8157a91334b08,keyword_generic,full,2.0,4;6,1,2.4004579754546285,cpu
bea118358ea5a559,keyword_generic,full,1.0,4,1,2.5079159531742334,cpu
02680b0990770498,keyword_generic,full,1.0,4,1,2.5122090009972453,cpu
52140d7c88feb98d,keyword_generic,full,1.0,4,1,2.583625027909875,cpu
f162585239b4e719,keyword_generic,full,1.0,4,1,3.116958076134324,cpu
15a8e20b962b9d7c,keyword_generic,full,1.0,4,1,0.1623749267309904,cpu
1af63290b9989ecf,keyword_generic,full,0.0,,1,0.15733297914266586,cpu
40ea981bb7562f0b,keyword_generic,full,0.0,,1,0.17787504475563765,cpu
dc88ec38ec6eec28,keyword_generic,full,1.0,4,1,0.17791707068681717,cpu
0bb5e3772a051774,keyword_generic,full,1.0,7,1,0.1997080398723483,cpu
747470bcf23b0473,keyword_generic,full,1.0,7,1,0.16179191879928112,cpu
1fd8697d7ce63be3,keyword_generic,full,1.0,4,1,0.16354199033230543,cpu
528f0f8a8916bd6d,keyword_generic,full,1.0,4,1,0.20666595082730055,cpu
009fd0b2c791b420,keyword_generic,full,2.0,4;6,1,0.2556249964982271,cpu
87aad06d57480fe8,keyword_generic,full,2.0,4;6,1,0.27570792008191347,cpu
630d84997974aa9f,keyword_generic,full,1.0,4,1,0.1563329715281725,cpu
15006e714e2ab3c7,keyword_generic,full,1.0,4,1,0.14849996659904718,cpu
e7835e91b9a31e17,keyword_generic,full,1.0,4,1,0.16883306670933962,cpu
a437db6744f0bc56,keyword_generic,full,0.0,,1,0.2627079375088215,cpu
b71e72376566535b,keyword_generic,full,1.0,4,1,0.5039579700678587,cpu
89badca6881596a2,keyword_generic,full,0.0,,1,0.4747500643134117,cpu
2677700993c1a5a0,keyword_generic,full,0.0,,1,0.45008398592472076,cpu
92289518b13bd922,keyword_generic,full,1.0,4,1,2.1154589485377073,cpu
8f6dd5fe2a039a0b,keyword_generic,full,1.0,7,1,0.8720410987734795,cpu
9b255c1e6b5903b8,keyword_generic,full,1.0,7,1,0.9936669375747442,cpu
539e0ea53eb2c9df,keyword_generic,full,1.0,4,1,0.5483750719577074,cpu
87faa40ca3e9a934,keyword_generic,full,1.0,4,1,0.4305839538574219,cpu
6aa8d0eeb474667d,keyword_generic,full,2.0,4;6,1,0.41754194535315037,cpu
9267b148d4dfa041,keyword_generic,full,2.0,4;6,1,0.984541024081409,cpu
a0fcae1c162f4e91,keyword_generic,full,1.0,4,1,1.1709160171449184,cpu
b3641457266cc3f4,keyword_generic,full,1.0,4,1,0.9406669996678829,cpu
e3af77510ff10a99,keyword_generic,full,1.0,4,1,0.9769160533323884,cpu
d4cca05d052fb422,keyword_generic,full,0.0,,1,0.868750037625432,cpu
8284a70b3fde048b,keyword_generic,full,0.0,,1,0.29624998569488525,cpu
2742018ae2207966,keyword_generic,full,0.0,,1,0.28549996204674244,cpu
f975f10e905be61d,keyword_generic,full,0.0,,1,0.2946250606328249,cpu
cea9598565ee8879,keyword_generic,full,0.0,,1,0.2961659338325262,cpu
bc21506532259de6,keyword_generic,full,2.0,4;7,1,0.3007500199601054,cpu
afb8620b54283dfb,keyword_generic,full,2.0,4;7,1,0.2830829471349716,cpu
69ae13767b26a800,keyword_generic,full,0.0,,1,0.7080830400809646,cpu
97ede07bd7cdaf93,keyword_generic,full,0.0,,1,0.7320840377360582,cpu
f0ecea582a222777,keyword_generic,full,1.0,6,1,0.7948750862851739,cpu
4ee451834c0cdb9c,keyword_generic,full,1.0,6,1,0.670416047796607,cpu
fda8c29a1d7d74bf,keyword_generic,full,0.0,,1,0.724624958820641,cpu
9f33a0500343cb2c,keyword_generic,full,0.0,,1,0.701415934599936,cpu
aa1588c8fa3c4f65,keyword_generic,full,0.0,,1,0.7386670913547277,cpu
48d175c8c15c9792,keyword_generic,full,0.0,,1,0.3540419274941087,cpu
109b17c5c2459737,keyword_generic,full,0.0,,1,0.25358295533806086,cpu
3ec61e3102a06ced,keyword_generic,full,0.0,,1,0.39854203350842,cpu
d48f0e933a2ecd95,keyword_generic,full,0.0,,1,0.44654100202023983,cpu
1f2f60488fa5cdf0,keyword_generic,full,0.0,,1,0.3022078890353441,cpu
74f83f35059f936f,keyword_generic,full,2.0,4;7,1,0.3158329054713249,cpu
70aec10a3da08556,keyword_generic,full,2.0,4;7,1,0.24345796555280685,cpu
8c66e5d11b0e221b,keyword_generic,full,0.0,,1,0.3560419427230954,cpu
197913aedd549d69,keyword_generic,full,0.0,,1,0.24995801504701376,cpu
b8bb9ae4f6375870,keyword_generic,full,1.0,6,1,0.3867920022457838,cpu
47f160e18bc4cf77,keyword_generic,full,1.0,6,1,0.2553750528022647,cpu
64341072e32643a8,keyword_generic,full,0.0,,1,0.21174992434680462,cpu
737bcdc03e57f373,keyword_generic,full,0.0,,1,0.21633401047438383,cpu
82150618840c183d,keyword_generic,full,0.0,,1,0.2417500363662839,cpu
2bc9ee758c87340e,keyword_generic,full,0.0,,1,0.23633392993360758,cpu
e6f915d847a772d3,keyword_generic,full,1.0,4,1,0.427749939262867,cpu
54ab4f16b8c7fe67,keyword_generic,full,0.0,,1,0.4689159104600549,cpu
5544cface3830208,keyword_generic,full,0.0,,1,1.1022499529644847,cpu
2efd8f7522ab4655,keyword_generic,full,1.0,4,1,0.6158750038594007,cpu
8d8a402e69890717,keyword_generic,full,1.0,7,1,0.6272500613704324,cpu
ebab04937ed7e7c5,keyword_generic,full,1.0,7,1,0.8602499729022384,cpu
dcb7b62de6cba052,keyword_generic,full,1.0,4,1,0.5900840042158961,cpu
876c2e351688991c,keyword_generic,full,1.0,4,1,0.5583750316873193,cpu
960c547820956108,keyword_generic,full,2.0,4;6,1,0.7998329820111394,cpu
1195cc1a84d0a4a6,keyword_generic,full,2.0,4;6,1,0.5857920041307807,cpu
856d4455bf75307a,keyword_generic,full,1.0,4,1,0.5683330819010735,cpu
a4fe19f63976ccd1,keyword_generic,full,1.0,4,1,0.536374980583787,cpu
2b6488a43a420459,keyword_generic,full,1.0,4,1,0.7479579653590918,cpu
7d4c3024e8f7b651,keyword_generic,full,0.0,,1,0.5256249569356441,cpu
caeccdd0808d09d5,keyword_generic,full,0.0,,1,0.1627090387046337,cpu
72bf39f280b646bf,keyword_generic,full,0.0,,1,0.15037506818771362,cpu
ff0ff214d4a9b069,keyword_generic,full,0.0,,1,0.16141694504767656,cpu
3d868a70d80f3a8a,keyword_generic,full,0.0,,1,0.16616599168628454,cpu
5c6c5b879134c0f7,keyword_generic,full,2.0,4;7,1,0.19995903130620718,cpu
5be3f86151c90ea2,keyword_generic,full,2.0,4;7,1,0.18141698092222214,cpu
0a581134b20b5de0,keyword_generic,full,0.0,,1,0.2062079729512334,cpu
51fb3b529ed0728c,keyword_generic,full,0.0,,1,0.2316669560968876,cpu
76235534deba6dae,keyword_generic,full,1.0,6,1,0.21416600793600082,cpu
1cd4baaaca5e355e,keyword_generic,full,1.0,6,1,0.2506669843569398,cpu
a22135eafeb1b792,keyword_generic,full,0.0,,1,0.19799999427050352,cpu
5fa499640c02132d,keyword_generic,full,0.0,,1,0.20595896057784557,cpu
0e156ffadbb8ad6e,keyword_generic,full,0.0,,1,0.262125045992434,cpu
05e9c0fd72134d1b,keyword_generic,full,0.0,,1,0.24620897602289915,cpu
37e2a8c836253720,keyword_generic,full,1.0,4,1,0.2025000285357237,cpu
6b351eb962e01768,keyword_generic,full,1.0,4,1,0.197333050891757,cpu
c53bc5078a7aff1a,keyword_generic,full,1.0,4,1,0.206290977075696,cpu
64d70941d61c4e7c,keyword_generic,full,1.0,4,1,0.22266700398176908,cpu
c287284087417fa4,keyword_generic,full,2.0,4;7,1,0.14100002590566874,cpu
a7a85f3dde0d67a9,keyword_generic,full,2.0,4;7,1,0.11633406393229961,cpu
d533b83d04d9296b,keyword_generic,full,1.0,4,1,0.15362503472715616,cpu
0aa53b0d78967373,keyword_generic,full,1.0,4,1,0.17224997282028198,cpu
ebcf7f1252f201db,keyword_generic,full,2.0,4;6,1,0.14837493654340506,cpu
8829305ad970b98c,keyword_generic,full,2.0,4;6,1,0.1745420740917325,cpu
3fdf47542771d419,keyword_generic,full,1.0,4,1,0.146874925121665,cpu
250c962406547c5d,keyword_generic,full,1.0,4,1,0.15270791482180357,cpu
0ff7f1df36fa6c10,keyword_generic,full,1.0,4,1,0.17899996601045132,cpu
71a18cbe1424a9ab,keyword_generic,full,1.0,4,1,0.17329200636595488,cpu
5dc6313ab58a02cd,keyword_generic,full,2.0,4;7,1,0.1481659710407257,cpu
2f7d9c9c6c0c6685,keyword_generic,full,2.0,4;7,1,0.1177079975605011,cpu
aee55f924654b466,keyword_generic,full,2.0,0;4,1,0.052541960030794144,cpu
8ddc52c9c4176831,keyword_generic,full,1.0,0,1,0.04941597580909729,cpu
2c6eadc84bcb4089,keyword_generic,full,1.0,0,1,0.05737505853176117,cpu
54ed18567edbf84a,keyword_generic,full,1.0,0,1,0.05945796146988869,cpu
d05484e36bf4fdaf,keyword_generic,full,2.0,0;7,1,0.06758305244147778,cpu
2b9b358ff293cf5b,keyword_generic,full,2.0,0;7,1,0.05258398596197367,cpu
09c3142bd450966b,keyword_generic,full,2.0,0;4,1,0.055582961067557335,cpu
32285edfbf315785,keyword_generic,full,1.0,0,1,0.08124997839331627,cpu
e2857474f4570f74,keyword_generic,full,3.0,0;4;6,1,0.058542005717754364,cpu
9b4f5b9b6afd7a8f,keyword_generic,full,3.0,0;4;6,1,0.07387495134025812,cpu
c172fa6fe98df637,keyword_generic,full,2.0,0;4,1,0.05283299833536148,cpu
5fabc3045557ba0d,keyword_generic,full,1.0,0,1,0.06524997297674417,cpu
67e203e88a3b9404,keyword_generic,full,1.0,0,1,0.08687505032867193,cpu
36e5b022e6ce0235,keyword_generic,full,1.0,0,1,0.08462497498840094,cpu
70aded97a5bb81f6,keyword_generic,full,1.0,0,1,0.11591706424951553,cpu
402d168be12b1775,keyword_generic,full,1.0,0,1,0.10845903307199478,cpu
b4904cd6f4fa4314,keyword_generic,full,1.0,0,1,0.11645897757261992,cpu
8c3248240d9a6a62,keyword_generic,full,2.0,0;4,1,0.11233403347432613,cpu
3b883a896ff7863e,keyword_generic,full,3.0,0;4;7,1,0.11858297511935234,cpu
c512979828583d00,keyword_generic,full,3.0,0;4;7,1,0.10608299635350704,cpu
96132003013ffb73,keyword_generic,full,1.0,0,1,0.12287497520446777,cpu
dff6f65a8b74b8a8,keyword_generic,full,1.0,0,1,0.14141702558845282,cpu
625ff71bd33632cc,keyword_generic,full,2.0,0;6,1,0.1277499832212925,cpu
9275a9151be4410d,keyword_generic,full,2.0,0;6,1,0.15158404130488634,cpu
fa2d3df9b683d5b7,keyword_generic,full,1.0,0,1,0.11912500485777855,cpu
e46ab3caadadea7c,keyword_generic,full,1.0,0,1,0.12466695625334978,cpu
df62c6a4b5b3d63e,keyword_generic,full,1.0,0,1,0.1462089130654931,cpu
28efab7cb89d6048,keyword_generic,full,1.0,0,1,0.14170899521559477,cpu
3f03b09d7182eeba,keyword_generic,full,2.0,0;4,1,0.05291705019772053,cpu
a76b36e01ba300b3,keyword_generic,full,1.0,0,1,0.0516669824719429,cpu
c6b6a5056d98ee8d,keyword_generic,full,1.0,0,1,0.09950005915015936,cpu
91a56c3955d2959e,keyword_generic,full,1.0,0,1,0.08220796007663012,cpu
3cf78734e952c211,keyword_generic,full,2.0,0;7,1,0.08825003169476986,cpu
de6cfc0490b9c530,keyword_generic,full,2.0,0;7,1,0.06941601168364286,cpu
14dacee0be8980fa,keyword_generic,full,2.0,0;4,1,0.0730419997125864,cpu
4e604740bdb6b8d9,keyword_generic,full,1.0,0,1,0.10583293624222279,cpu
09d0d8e2cda025f0,keyword_generic,full,3.0,0;4;6,1,0.0778749817982316,cpu
10f344fbf5afafc3,keyword_generic,full,3.0,0;4;6,1,0.09383400902152061,cpu
f025c091b87464e8,keyword_generic,full,2.0,0;4,1,0.06925000343471766,cpu
066cb1fa75f9b89d,keyword_generic,full,1.0,0,1,0.0904579646885395,cpu
fc22da8c1818ebcd,keyword_generic,full,1.0,0,1,0.11195905972272158,cpu
4a6ee100e1952da1,keyword_generic,full,1.0,0,1,0.10570907033979893,cpu
0b00e7318a2a3582,keyword_generic,full,1.0,0,1,0.14954200014472008,cpu
6934878561e1d264,keyword_generic,full,1.0,0,1,0.13816705904901028,cpu
898351977293afe7,keyword_generic,full,1.0,0,1,0.15008298214524984,cpu
bd2dc6db9d8762e2,keyword_generic,full,1.0,0,1,0.15154201537370682,cpu
cf7c18fd7ddfdb3d,keyword_generic,full,2.0,0;7,1,0.16262498684227467,cpu
3295a758cd817226,keyword_generic,full,2.0,0;7,1,0.1456249738112092,cpu
bdddf60811761734,keyword_generic,full,1.0,0,1,0.15887501649558544,cpu
83e7526f609171ba,keyword_generic,full,1.0,0,1,0.19349996000528336,cpu
105de15b7f5f4a4d,keyword_generic,full,2.0,0;6,1,0.16875006258487701,cpu
46de11752e91be8c,keyword_generic,full,2.0,0;6,1,0.20825001411139965,cpu
2bbbb06803184129,keyword_generic,full,1.0,0,1,0.15266600530594587,cpu
276817b112072f7d,keyword_generic,full,1.0,0,1,0.16258296091109514,cpu
6e3e8988423ac07f,keyword_generic,full,1.0,0,1,0.21041696891188622,cpu
ffdd525bc666ff47,keyword_generic,full,1.0,0,1,0.21008402109146118,cpu
1397e256f76f105c,keyword_generic,full,1.0,0,1,0.10316690895706415,cpu
70eae1df742d89ec,keyword_generic,full,1.0,0,1,0.11558295227587223,cpu
803932371f7788da,keyword_generic,full,1.0,0,1,0.11720904149115086,cpu
17698aa835644570,keyword_generic,full,1.0,0,1,0.08533301297575235,cpu
e796bd760216e686,keyword_generic,full,2.0,0;7,1,0.08458399679511786,cpu
dea4d322c87501a0,keyword_generic,full,2.0,0;7,1,0.0689169391989708,cpu
c3d0f630cb74c18d,keyword_generic,full,1.0,0,1,0.08979195263236761,cpu
75ee3a49ce47f961,keyword_generic,full,1.0,0,1,0.09991694241762161,cpu
3d71dea19369c371,keyword_generic,full,2.0,0;6,1,0.08537503890693188,cpu
31fc06a54cb36f5c,keyword_generic,full,2.0,0;6,1,0.11591601651161909,cpu
577098f6a5d0f716,keyword_generic,full,1.0,0,1,0.07950002327561378,cpu
fc24a515475e1eab,keyword_generic,full,1.0,0,1,0.08358294144272804,cpu
110cae5483d0a693,keyword_generic,full,1.0,0,1,0.10820792522281408,cpu
7a63586717b2c039,keyword_generic,full,1.0,0,1,0.1033339649438858,cpu
9b7be1d11c8e366e,keyword_generic,full,2.0,0;4,1,0.07583305705338717,cpu
8cee9cfc77030bf2,keyword_generic,full,1.0,0,1,0.08050003089010715,cpu
d02c572afca6e049,keyword_generic,full,1.0,0,1,0.08183310274034739,cpu
04fbb90e2d010231,keyword_generic,full,2.0,0;4,1,0.07770804222673178,cpu
05e268b0751dab7f,keyword_generic,full,2.0,0;7,1,0.09183306246995926,cpu
17291f4fe4c69dee,keyword_generic,full,2.0,0;7,1,0.07687497418373823,cpu
eb20bbe0e12a08e7,keyword_generic,full,2.0,0;4,1,0.08050003089010715,cpu
8159b660ed401226,keyword_generic,full,2.0,0;4,1,0.09345798753201962,cpu
475eaf91cb228b29,keyword_generic,full,3.0,0;4;6,1,0.08291704580187798,cpu
acb58be00cf6b7da,keyword_generic,full,3.0,0;4;6,1,0.09779201354831457,cpu
239cae966b7150e8,keyword_generic,full,2.0,0;4,1,0.07720896974205971,cpu
1a6b16e901011424,keyword_generic,full,2.0,0;4,1,0.08091703057289124,cpu
954dbf9586cd09f9,keyword_generic,full,2.0,0;4,1,0.09612506255507469,cpu
6723a73fa3a33ca2,keyword_generic,full,1.0,0,1,0.10895892046391964,cpu
7a729e3a0c17a3e8,keyword_generic,full,1.0,0,1,0.05016603972762823,cpu
31fddbdbd079a2bb,keyword_generic,full,1.0,0,1,0.053292023949325085,cpu
f7b6a447f80015a3,keyword_generic,full,1.0,0,1,0.0511660473421216,cpu
497425e7093bc321,keyword_generic,full,1.0,0,1,0.04629092290997505,cpu
831af2903e30a56b,keyword_generic,full,1.0,0,1,0.05191704258322716,cpu
1e18b5890a5aa629,keyword_generic,full,1.0,0,1,0.05416607018560171,cpu
d40f04866fd5b40b,keyword_generic,full,2.0,0;4,1,0.04779198206961155,cpu
79b80202ea3a6fa7,keyword_generic,full,2.0,0;4,1,0.049791065976023674,cpu
d416a29562705134,keyword_generic,full,3.0,0;4;7,1,0.052292016334831715,cpu
5b6961f9b8cb908c,keyword_generic,full,3.0,0;4;7,1,0.05383405368775129,cpu
48c1ce934f4f9393,keyword_generic,full,3.0,0;4;7,1,0.041583902202546597,cpu
b71ae2ebeadfd2c8,keyword_generic,full,3.0,0;4;7,1,0.04291697405278683,cpu
161f52275e6fdb20,keyword_generic,full,1.0,0,1,0.05845900159329176,cpu
2e38f7f2ec5fb9c5,keyword_generic,full,1.0,0,1,0.06066705100238323,cpu
2d48eacb5e3bb799,keyword_generic,full,1.0,0,1,0.07470801938325167,cpu
6a3ec706ddca0ae0,keyword_generic,full,1.0,0,1,0.0892499228939414,cpu
17cd2732b4b189b6,keyword_generic,full,2.0,0;6,1,0.06329198367893696,cpu
9420b71d77d65d24,keyword_generic,full,2.0,0;6,1,0.06516696885228157,cpu
4954ed878c048fb7,keyword_generic,full,2.0,0;6,1,0.08966692257672548,cpu
02342315f3591cfb,keyword_generic,full,2.0,0;6,1,0.08937495294958353,cpu
7233405a88476fba,keyword_generic,full,1.0,0,1,0.05604198668152094,cpu
d36f2f335b4e3c3b,keyword_generic,full,1.0,0,1,0.05825003609061241,cpu
fd49b09e5eae8665,keyword_generic,full,1.0,0,1,0.06037508137524128,cpu
87ff947306d824ac,keyword_generic,full,1.0,0,1,0.06308290176093578,cpu
fe279b90bcbf673b,keyword_generic,full,1.0,0,1,0.0813750084489584,cpu
7a3c252f3e1f4386,keyword_generic,full,1.0,0,1,0.08466595318168402,cpu
81253039a67ec480,keyword_generic,full,1.0,0,1,0.07837498560547829,cpu
5f56fb5ff57fa6aa,keyword_generic,full,1.0,0,1,0.07987499702721834,cpu
7c89ab3fb7a7b361,keyword_generic,full,2.0,0;4,1,0.25379203725606203,cpu
dc5a187ca0982390,keyword_generic,full,1.0,0,1,0.2496249508112669,cpu
9be88a7613fadea3,keyword_generic,full,1.0,0,1,0.2536660758778453,cpu
6d6f80bb08737a3c,keyword_generic,full,1.0,0,1,0.25691697373986244,cpu
000f768ccf63a324,keyword_generic,full,2.0,0;7,1,0.26362494099885225,cpu
922b4209cd04f1a6,keyword_generic,full,2.0,0;7,1,0.2496249508112669,cpu
e83b7056021629a2,keyword_generic,full,1.0,0,1,0.26062491815537214,cpu
401de3b5e8943a2b,keyword_generic,full,1.0,0,1,0.2785420510917902,cpu
821340364a1595f1,keyword_generic,full,2.0,0;6,1,0.3468750510364771,cpu
07d53ee1094be936,keyword_generic,full,2.0,0;6,1,0.3599170595407486,cpu
0c76fdb166a90468,keyword_generic,full,1.0,0,1,0.3197919577360153,cpu
8e6db1fbb874c905,keyword_generic,full,1.0,0,1,0.33087492920458317,cpu
c769867bc5e3937c,keyword_generic,full,1.0,0,1,0.3595829475671053,cpu
066bbea2deffc52e,keyword_generic,full,1.0,0,1,0.33979094587266445,cpu
e6d4ba130d362810,keyword_generic,full,3.0,0;4;7,1,0.07108296267688274,cpu
7dc3fc01d0d626f6,keyword_generic,full,2.0,0;7,1,0.06629200652241707,cpu
8b58a938d343d7dc,keyword_generic,full,2.0,0;7,1,0.07299997378140688,cpu
b9853b4ba0bd27f5,keyword_generic,full,2.0,0;7,1,0.07399998139590025,cpu
f4cd683b8e6a7e90,keyword_generic,full,2.0,0;7,1,0.08674990385770798,cpu
bb1196518f551722,keyword_generic,full,2.0,0;7,1,0.07958302740007639,cpu
495fefe356b0974f,keyword_generic,full,2.0,0;7,1,0.07725006435066462,cpu
c8acd8ca349c1fec,keyword_generic,full,2.0,0;7,1,0.09179196786135435,cpu
586bc5357960b2d3,keyword_generic,full,3.0,0;6;7,1,0.08124997839331627,cpu
8f2ab1ec3eadbaf9,keyword_generic,full,3.0,0;6;7,1,0.09966699872165918,cpu
508756d7269c8127,keyword_generic,full,2.0,0;7,1,0.07412501145154238,cpu
8253bb31b7210e3f,keyword_generic,full,2.0,0;7,1,0.08050003089010715,cpu
4d99de1d81fa73ea,keyword_generic,full,2.0,0;7,1,0.10549998842179775,cpu
6f2303172b27bd57,keyword_generic,full,2.0,0;7,1,0.09383296128362417,cpu
3f41b6786260f7d5,keyword_generic,full,2.0,0;4,1,0.15370792243629694,cpu
9202668c47fcc73f,keyword_generic,full,1.0,0,1,0.14891696628183126,cpu
2ad0bbb07c4caa6a,keyword_generic,full,1.0,0,1,0.1634999644011259,cpu
56511111134ce9fa,keyword_generic,full,1.0,0,1,0.15937502030283213,cpu
a0c41db61412c493,keyword_generic,full,2.0,0;7,1,0.1667090691626072,cpu
7471a6ad0b2898f7,keyword_generic,full,2.0,0;7,1,0.1675420207902789,cpu
f9eb5d62431d29c8,keyword_generic,full,1.0,0,1,0.1622919226065278,cpu
2c37ee735b321e1c,keyword_generic,full,1.0,0,1,0.18033396918326616,cpu
10bad6c8f4488300,keyword_generic,full,2.0,0;6,1,0.16795797273516655,cpu
ab49d0c78d0cc477,keyword_generic,full,2.0,0;6,1,0.19758404232561588,cpu
000571fe8c67ad2e,keyword_generic,full,1.0,0,1,0.15774997882544994,cpu
adb0597da5414b8d,keyword_generic,full,1.0,0,1,0.18083304166793823,cpu
3a9906dd2c405031,keyword_generic,full,1.0,0,1,0.1854579895734787,cpu
286c31869b6e93e2,keyword_generic,full,1.0,0,1,0.18012500368058681,cpu
00ed5a5c2178791b,keyword_generic,full,2.0,0;7,1,0.10454095900058746,cpu
65e52286bfde48bb,keyword_generic,full,2.0,0;7,1,0.09720900561660528,cpu
acd6fc0e216200d3,keyword_generic,full,2.0,0;7,1,0.11016696225851774,cpu
05ae529742cc4280,keyword_generic,full,3.0,0;4;7,1,0.0987079693004489,cpu
2b31e72f8c47fa67,keyword_generic,full,3.0,0;4;7,1,0.11820800136774778,cpu
13b311765623b8e3,keyword_generic,full,3.0,0;4;7,1,0.09766605217009783,cpu
7ac8cae55bc12a3e,keyword_generic,full,2.0,0;7,1,0.10916695464402437,cpu
e42f0900cb834d3a,keyword_generic,full,2.0,0;7,1,0.13099994976073503,cpu
cef0e81aa1330280,keyword_generic,full,3.0,0;6;7,1,0.11308304965496063,cpu
b1af372935ddfac8,keyword_generic,full,3.0,0;6;7,1,0.13533304445445538,cpu
b7ffe40945b9aa9d,keyword_generic,full,2.0,0;7,1,0.10983296670019627,cpu
46452ad9baee7f6b,keyword_generic,full,2.0,0;7,1,0.11329096741974354,cpu
d71451740b40537a,keyword_generic,full,2.0,0;7,1,0.13224990107119083,cpu
a8d4c15183240e27,keyword_generic,full,2.0,0;7,1,0.2002499531954527,cpu
882692997e3be2ed,keyword_generic,full,3.0,0;4;7,1,0.45708403922617435,cpu
44d026218fd3ba13,keyword_generic,full,2.0,0;7,1,0.5743750371038914,cpu
8fbfc8519e8285e8,keyword_generic,full,2.0,0;7,1,0.39670802652835846,cpu
6d29e7a357a7d902,keyword_generic,full,2.0,0;7,1,0.5871671019122005,cpu
1306632fd44c7453,keyword_generic,full,2.0,0;7,1,0.6415419047698379,cpu
f807c6c33e267029,keyword_generic,full,2.0,0;7,1,0.4141669487580657,cpu
9cc1dd1106bd3d3a,keyword_generic,full,2.0,0;7,1,0.352917006239295,cpu
0d4471b5fde6da48,keyword_generic,full,2.0,0;7,1,0.4385410575196147,cpu
0b480db28255b173,keyword_generic,full,3.0,0;6;7,1,0.25754107628017664,cpu
8cab301c03d8bf97,keyword_generic,full,3.0,0;6;7,1,0.28024998027831316,cpu
19a23d1b1ce1ce60,keyword_generic,full,2.0,0;7,1,0.23204204626381397,cpu
f5a5944c176bd270,keyword_generic,full,2.0,0;7,1,0.23966608569025993,cpu
cbba768b5406efe0,keyword_generic,full,2.0,0;7,1,0.27899991255253553,cpu
eae2d4bc7bb83143,keyword_generic,full,2.0,0;7,1,0.2756669418886304,cpu
92f0f778a5ab4ead,keyword_generic,full,2.0,0;4,1,2.463042037561536,cpu
cc638b26b3386b8e,keyword_generic,full,2.0,0;4,1,2.428125008009374,cpu
2fc5a2ce2400ff7d,keyword_generic,full,2.0,0;4,1,2.5463340571150184,cpu
2df579e9189339d2,keyword_generic,full,2.0,0;4,1,2.985833096317947,cpu
e4eb07a62f6195e3,keyword_generic,full,3.0,0;4;7,1,1.7765839584171772,cpu
501cdce6122019d3,keyword_generic,full,3.0,0;4;7,1,1.696833991445601,cpu
8e3c2794aacb76fb,keyword_generic,full,2.0,0;4,1,2.5426670908927917,cpu
32a3118b3d6cae5b,keyword_generic,full,2.0,0;4,1,2.6287499349564314,cpu
a0c1a790c2ce011a,keyword_generic,full,3.0,0;4;6,1,2.291833981871605,cpu
14c6930e130736ba,keyword_generic,full,3.0,0;4;6,1,2.3449999280273914,cpu
a6a888ea316def57,keyword_generic,full,2.0,0;4,1,2.5735420640558004,cpu
a471e4bd8c2aaa68,keyword_generic,full,2.0,0;4,1,2.6484590489417315,cpu
1c60acba6eeb3bd2,keyword_generic,full,2.0,0;4,1,2.7528329519554973,cpu
3de8a56b5bfb2fdc,keyword_generic,full,2.0,0;4,1,2.6831250870600343,cpu
ecdd7f531d48dbcc,keyword_generic,full,1.0,0,1,0.14483300037682056,cpu
f263c4dab28ec9d7,keyword_generic,full,1.0,0,1,0.13562501408159733,cpu
e163f0c5802ab070,keyword_generic,full,1.0,0,1,0.14416698832064867,cpu
b5b1dfaf37af7b27,keyword_generic,full,1.0,0,1,0.15716603957116604,cpu
81dbcf1a35e5ac89,keyword_generic,full,3.0,0;4;7,1,0.14141702558845282,cpu
8acb4894f414e89a,keyword_generic,full,3.0,0;4;7,1,0.12920796871185303,cpu
90b2433dfbae951c,keyword_generic,full,1.0,0,1,0.1503330422565341,cpu
62d4a3eceea77b0e,keyword_generic,full,1.0,0,1,0.16720802523195744,cpu
79c2ba704adc50d4,keyword_generic,full,2.0,0;6,1,0.15445798635482788,cpu
4d9b9aa53b86a09f,keyword_generic,full,2.0,0;6,1,0.17504103016108274,cpu
06366924bc7e07eb,keyword_generic,full,1.0,0,1,0.14604197349399328,cpu
30bcd31469dd18fc,keyword_generic,full,1.0,0,1,0.15154201537370682,cpu
bc91cbc0c21b3b86,keyword_generic,full,1.0,0,1,0.17316604498773813,cpu
cb5608854ba5ea02,keyword_generic,full,1.0,0,1,0.16854191198945045,cpu
7b146689ab1b1e8d,keyword_generic,full,1.0,0,1,0.3979589091613889,cpu
259cc82ca5082dce,keyword_generic,full,1.0,0,1,0.41199999395757914,cpu
31da1872a3eff702,keyword_generic,full,1.0,0,1,0.42787508573383093,cpu
a8b2ac0dcaefaedf,keyword_generic,full,1.0,0,1,0.41691598016768694,cpu
8470266a3f009048,keyword_generic,full,3.0,0;4;7,1,0.41083304677158594,cpu
50e2e63c6be7ea34,keyword_generic,full,3.0,0;4;7,1,0.4183750133961439,cpu
d8a7f9ad04817f48,keyword_generic,full,1.0,0,1,0.45712501741945744,cpu
38d396d362bb649d,keyword_generic,full,1.0,0,1,0.43462496250867844,cpu
e5abdbc9aa7e040f,keyword_generic,full,2.0,0;6,1,0.4236249951645732,cpu
9c1b06ee028a247b,keyword_generic,full,2.0,0;6,1,0.4419999895617366,cpu
f8b1ba40513788de,keyword_generic,full,1.0,0,1,0.40837505366653204,cpu
8f018d8f8aa66482,keyword_generic,full,1.0,0,1,0.4141669487580657,cpu
9761de85fa07daab,keyword_generic,full,1.0,0,1,0.4307080525904894,cpu
92cc5aa863ec8807,keyword_generic,full,1.0,0,1,0.42049994226545095,cpu
1de4eb5c37d9cea4,keyword_generic,full,2.0,0;4,1,0.27900002896785736,cpu
4254b981387e78b9,keyword_generic,full,1.0,0,1,0.27070892974734306,cpu
083534770910caf7,keyword_generic,full,1.0,0,1,0.2787499688565731,cpu
7a872637d77d7265,keyword_generic,full,1.0,0,1,0.28141692746430635,cpu
51b2ad9d4084a134,keyword_generic,full,2.0,0;7,1,0.2932079369202256,cpu
d6ec9cabcc3e9cff,keyword_generic,full,2.0,0;7,1,0.2775830216705799,cpu
4d743bdb0a23ae38,keyword_generic,full,2.0,0;4,1,0.28020795434713364,cpu
43b11c691b2c7c19,keyword_generic,full,1.0,0,1,0.3040001029148698,cpu
aa9370064960cdcb,keyword_generic,full,3.0,0;4;6,1,0.2839999506250024,cpu
59db6ab1d4f77509,keyword_generic,full,3.0,0;4;6,1,0.298250000923872,cpu
141f53f33e1b455c,keyword_generic,full,2.0,0;4,1,0.27674995362758636,cpu
3b59c606d494c46a,keyword_generic,full,1.0,0,1,0.28845900669693947,cpu
5628c178872eaaf1,keyword_generic,full,1.0,0,1,0.3084170166403055,cpu
c9bb2fde3bf13306,keyword_generic,full,1.0,0,1,0.30504108872264624,cpu
bf2d7bd83c7b22b6,keyword_generic,full,2.0,0;4,1,0.20000000949949026,cpu
345881cbf4ebbe43,keyword_generic,full,1.0,0,1,0.19525003153830767,cpu
2854cfbcab3d3064,keyword_generic,full,1.0,0,1,0.20366697572171688,cpu
853df8d5d4996977,keyword_generic,full,1.0,0,1,0.23979204706847668,cpu
3f50d00ef309bd39,keyword_generic,full,2.0,0;7,1,0.22820790763944387,cpu
8f939b45d681a4f3,keyword_generic,full,2.0,0;7,1,0.2038329839706421,cpu
a9a057433ed7d3f9,keyword_generic,full,2.0,0;4,1,0.20670797675848007,cpu
e87970f03648384d,keyword_generic,full,1.0,0,1,0.23158395197242498,cpu
63f56ef4148f726c,keyword_generic,full,3.0,0;4;6,1,0.2505839802324772,cpu
e6699f540aff60b9,keyword_generic,full,3.0,0;4;6,1,0.2556249964982271,cpu
bf79fc910d092e7d,keyword_generic,full,2.0,0;4,1,0.22124999668449163,cpu
42d736a9d3f03a95,keyword_generic,full,1.0,0,1,0.21341699175536633,cpu
40e19773ca0cd494,keyword_generic,full,1.0,0,1,0.23650005459785461,cpu
c0e28541d0833bd0,keyword_generic,full,1.0,0,1,0.2284159418195486,cpu
e734e5408f42bcdf,keyword_generic,full,1.0,0,1,0.41083397809416056,cpu
e8408aa2e75075db,keyword_generic,full,1.0,0,1,0.396291958168149,cpu
73c3c23e68809606,keyword_generic,full,1.0,0,1,0.41020801290869713,cpu
43c41c64de472ff2,keyword_generic,full,1.0,0,1,0.41083304677158594,cpu
ff03d08618d4000b,keyword_generic,full,3.0,0;4;7,1,0.4189589526504278,cpu
fb9a8e9b40f05aa3,keyword_generic,full,2.0,0;4,1,0.4147080471739173,cpu
f9a54cd4bd250e2e,keyword_generic,full,1.0,0,1,0.40770904161036015,cpu
331c8fbfac1eb1b8,keyword_generic,full,1.0,0,1,0.4249579505994916,cpu
b76e23121d372e0e,keyword_generic,full,2.0,0;6,1,0.4141670651733875,cpu
b6e9507a3ed8713b,keyword_generic,full,2.0,0;6,1,0.4366670036688447,cpu
2858198903d22169,keyword_generic,full,1.0,0,1,0.4158749943599105,cpu
4bba431fd7c35cb5,keyword_generic,full,1.0,0,1,0.44370803516358137,cpu
cb06d0b2dd05b677,keyword_generic,full,1.0,0,1,0.4290420329198241,cpu
f106cdadfd396b2b,keyword_generic,full,1.0,0,1,0.42870803736150265,cpu
6455ae807200dbca,keyword_generic,full,2.0,0;4,1,0.1409579999744892,cpu
4b2ced5b0d17faad,keyword_generic,full,1.0,0,1,0.1353750703856349,cpu
20a7bb77da6950f4,keyword_generic,full,1.0,0,1,0.13583293184638023,cpu
edd3ccfa360bf518,keyword_generic,full,1.0,0,1,0.14649995137006044,cpu
b4d3eaaada893b70,keyword_generic,full,2.0,0;7,1,0.1628749305382371,cpu
ed52e235202fb0ce,keyword_generic,full,2.0,0;7,1,0.1479580532759428,cpu
280e4a4a19e5adf1,keyword_generic,full,2.0,0;4,1,0.1509160501882434,cpu
be75738be06e9b9d,keyword_generic,full,1.0,0,1,0.2696249866858125,cpu
9a7e309d245bc617,keyword_generic,full,3.0,0;4;6,1,0.2692500129342079,cpu
de0b80bea5752a1b,keyword_generic,full,3.0,0;4;6,1,0.2371249720454216,cpu
e05736ccbe2ea653,keyword_generic,full,2.0,0;4,1,0.142207951284945,cpu
56111bc2505feac2,keyword_generic,full,1.0,0,1,0.16299996059387922,cpu
3572173e912d7d3c,keyword_generic,full,1.0,0,1,0.17741695046424866,cpu
e6da65c1b4b071a4,keyword_generic,full,1.0,0,1,0.17837504856288433,cpu
d2f592ebd0efc7f3,keyword_generic,full,2.0,0;4,1,0.13099994976073503,cpu
b75788de23c8adec,keyword_generic,full,2.0,0;4,1,0.13529101852327585,cpu
825ac7ca83b7296c,keyword_generic,full,2.0,0;4,1,0.13354199472814798,cpu
6e34ca047b4adf59,keyword_generic,full,2.0,0;4,1,0.13516691979020834,cpu
8d4c7aecc8b123de,keyword_generic,full,3.0,0;4;7,1,0.13870804104954004,cpu
723379c4ef75e7b5,keyword_generic,full,3.0,0;4;7,1,0.11720799375325441,cpu
771ab47323228bb2,keyword_generic,full,2.0,0;4,1,0.12570794206112623,cpu
a4d3287fde0a045f,keyword_generic,full,2.0,0;4,1,0.15870807692408562,cpu
bd5a0a9f2eb211e8,keyword_generic,full,3.0,0;4;6,1,0.1199580729007721,cpu
9ed8e4154463a550,keyword_generic,full,3.0,0;4;6,1,0.1348330406472087,cpu
cf829e72a401a2a5,keyword_generic,full,2.0,0;4,1,0.12245809193700552,cpu
06927e9cbeb274d7,keyword_generic,full,2.0,0;4,1,0.1468330156058073,cpu
6370a66684c8a107,keyword_generic,full,2.0,0;4,1,0.16812491230666637,cpu
fc3d1bcdab31bb6e,keyword_generic,full,2.0,0;4,1,0.16191694885492325,cpu
e4543f5bdc1d0095,keyword_generic,full,3.0,0;4;7,1,0.15241699293255806,cpu
1962d2f35b0fe728,keyword_generic,full,3.0,0;4;7,1,0.1264170277863741,cpu
579ac1eeba594acf,keyword_generic,full,1.0,4,1,0.04904100205749273,cpu
5da425fccef10195,keyword_generic,full,0.0,,1,0.04616600926965475,cpu
4623fd00e3d1132a,keyword_generic,full,0.0,,1,0.05562498699873686,cpu
be0489ed97184d73,keyword_generic,full,1.0,4,1,0.050875009037554264,cpu
a0647412545b9a8e,keyword_generic,full,1.0,7,1,0.07166597060859203,cpu
3aa6586481176cf2,keyword_generic,full,1.0,7,1,0.051208073273301125,cpu
f513f11501ab3486,keyword_generic,full,1.0,4,1,0.054958974942564964,cpu
c2206ef4829bc3ad,keyword_generic,full,0.0,,1,0.08287501987069845,cpu
f0e837767f440001,keyword_generic,full,2.0,4;6,1,0.059125013649463654,cpu
fde1e2a2c0abd474,keyword_generic,full,2.0,4;6,1,0.07691700011491776,cpu
69b130ad8faf26a5,keyword_generic,full,1.0,4,1,0.05470891483128071,cpu
e8f667ae6ab7e772,keyword_generic,full,1.0,4,1,0.05625002086162567,cpu
fa6219af0cea20fd,keyword_generic,full,1.0,4,1,0.07916602771729231,cpu
695ace429e0d8d6c,keyword_generic,full,0.0,,1,0.08629111107438803,cpu
eaf3424570b46b23,keyword_generic,full,0.0,,1,0.11395895853638649,cpu
6a1b9e689a109f39,keyword_generic,full,0.0,,1,0.10454107541590929,cpu
5893d9ddbeb05089,keyword_generic,full,0.0,,1,0.11454196646809578,cpu
8a981ef0e4d0d242,keyword_generic,full,1.0,4,1,0.11029199231415987,cpu
c35399bc94efee5d,keyword_generic,full,2.0,4;7,1,0.12337497901171446,cpu
c3008acd618d58fc,keyword_generic,full,2.0,4;7,1,0.10429101530462503,cpu
6f635d43cd2addd9,keyword_generic,full,0.0,,1,0.1295000547543168,cpu
9f93b51daaf32fd5,keyword_generic,full,0.0,,1,0.1490419963374734,cpu
23bdca4a2d7f36e2,keyword_generic,full,1.0,6,1,0.12937502469867468,cpu
8a8c88bbffa77eaa,keyword_generic,full,1.0,6,1,0.15404203440994024,cpu
15ee93254d71ec03,keyword_generic,full,0.0,,1,0.11808297131210566,cpu
972234d5269908c0,keyword_generic,full,0.0,,1,0.13449997641146183,cpu
529ef3b9db5e5bf2,keyword_generic,full,0.0,,1,0.14962500426918268,cpu
3628157a7443ff44,keyword_generic,full,0.0,,1,0.14345801901072264,cpu
ac4bf0f1ecc20e4f,keyword_generic,full,1.0,4,1,0.05195802077651024,cpu
1dd32c127e49c42e,keyword_generic,full,0.0,,1,0.04950002767145634,cpu
3a71274921ce79ad,keyword_generic,full,0.0,,1,0.06291596218943596,cpu
a5b9ed9f1083d87d,keyword_generic,full,1.0,4,1,0.05387491546571255,cpu
5c8bfdc1954a67ee,keyword_generic,full,1.0,7,1,0.07737497799098492,cpu
3e8f8325ff821ce8,keyword_generic,full,1.0,7,1,0.056582968682050705,cpu
ed5c608d5263acd2,keyword_generic,full,1.0,4,1,0.06995792500674725,cpu
afb7d7523c8e669f,keyword_generic,full,0.0,,1,0.08670904207974672,cpu
9574fe34112e900a,keyword_generic,full,2.0,4;6,1,0.06166601087898016,cpu
9d26ff4918db826c,keyword_generic,full,2.0,4;6,1,0.07954193279147148,cpu
9842aea8fc7a0ab7,keyword_generic,full,1.0,4,1,0.054458039812743664,cpu
5b57c54889805fa5,keyword_generic,full,1.0,4,1,0.06250001024454832,cpu
53d2de25c0c04419,keyword_generic,full,1.0,4,1,0.09654101449996233,cpu
a5f921b8fb7edc18,keyword_generic,full,0.0,,1,0.09445799514651299,cpu
03b62d5ad58b2fa0,keyword_generic,full,1.0,4,1,0.15633401926606894,cpu
ff32addcc0a2f5a1,keyword_generic,full,0.0,,1,0.11583301238715649,cpu
723e031517945750,keyword_generic,full,0.0,,1,0.12154097203165293,cpu
28e13769d09404a5,keyword_generic,full,0.0,,1,0.12350000906735659,cpu
fab9088f0105bc78,keyword_generic,full,1.0,7,1,0.136749935336411,cpu
dfe9af0e47a40070,keyword_generic,full,1.0,7,1,0.11912500485777855,cpu
02c1047ddfb95dbd,keyword_generic,full,0.0,,1,0.13116688933223486,cpu
34a77f4eb3c8cbb5,keyword_generic,full,0.0,,1,0.15179195906966925,cpu
338cfe9c88fcf9d7,keyword_generic,full,1.0,6,1,0.13950001448392868,cpu
1626d5fcc256b6bf,keyword_generic,full,1.0,6,1,0.16516598407179117,cpu
f3bf05146453d6fb,keyword_generic,full,1.0,4,1,0.12091698590666056,cpu
9b9dfe4849d42353,keyword_generic,full,0.0,,1,0.13187492731958628,cpu
81b94cdc14b10df7,keyword_generic,full,0.0,,1,0.15795801300555468,cpu
2560b3ca1dc06dea,keyword_generic,full,0.0,,1,0.15483296010643244,cpu
4c281627082ed931,keyword_generic,full,1.0,4,1,0.06687501445412636,cpu
3363f411d71aebb6,keyword_generic,full,0.0,,1,0.0688750296831131,cpu
cff015f83bf5bc24,keyword_generic,full,0.0,,1,0.07920793723315,cpu
610e37e39a345e64,keyword_generic,full,0.0,,1,0.08212495595216751,cpu
cf225173182a2ac2,keyword_generic,full,1.0,7,1,0.08833396714180708,cpu
cbd7388b20f7f0a6,keyword_generic,full,1.0,7,1,0.07041695062071085,cpu
e824e9a4aaf94f6b,keyword_generic,full,0.0,,1,0.08616596460342407,cpu
a62ab63550a6c3c3,keyword_generic,full,0.0,,1,0.10579207446426153,cpu
da146356eb89bbfe,keyword_generic,full,1.0,6,1,0.0891250092536211,cpu
b194c1ce681beb95,keyword_generic,full,1.0,6,1,0.1136659411713481,cpu
4b96dfb1ef5d2dd4,keyword_generic,full,1.0,4,1,0.06962497718632221,cpu
0b04707ec49f1924,keyword_generic,full,0.0,,1,0.08729100227355957,cpu
8f2ee2d2fcf87aa3,keyword_generic,full,0.0,,1,0.11195905972272158,cpu
b398fa144771cc5e,keyword_generic,full,0.0,,1,0.11479202657938004,cpu
88943f4bc242c2f9,keyword_generic,full,0.0,,1,0.10929105337709188,cpu
cdc15b83bdeab1a3,keyword_generic,full,0.0,,1,0.0773329520598054,cpu
fdce6f834724f0fc,keyword_generic,full,0.0,,1,0.08833303581923246,cpu
df5cf9d1aa457c64,keyword_generic,full,1.0,4,1,0.08750008419156075,cpu
ccd473d7a44c4515,keyword_generic,full,2.0,4;7,1,0.08912489283829927,cpu
65306f9c69720dad,keyword_generic,full,2.0,4;7,1,0.08366606198251247,cpu
9fbae01e0ac1975f,keyword_generic,full,0.0,,1,0.10104093234986067,cpu
a161325b2802c1ef,keyword_generic,full,0.0,,1,0.12154201976954937,cpu
38625485809441fa,keyword_generic,full,1.0,6,1,0.10599999222904444,cpu
677067f82a6399cf,keyword_generic,full,1.0,6,1,0.13316702097654343,cpu
998d1098ea5b978e,keyword_generic,full,0.0,,1,0.09099999442696571,cpu
db9205c0152c6329,keyword_generic,full,0.0,,1,0.10099995415657759,cpu
40c2f50cfa5c92b5,keyword_generic,full,0.0,,1,0.1230000052601099,cpu
8682e1440f6ea5ee,keyword_generic,full,0.0,,1,0.11670798994600773,cpu
ffc26ac8dc6aba86,keyword_generic,full,0.0,,1,0.051458016969263554,cpu
be9930c59f605d88,keyword_generic,full,0.0,,1,0.05570799112319946,cpu
657a690f25ce7231,keyword_generic,full,0.0,,1,0.04283303860574961,cpu
2ae0bc4c253559fa,keyword_generic,full,0.0,,1,0.04712503869086504,cpu
ddac244cdb854902,keyword_generic,full,0.0,,1,0.05324999801814556,cpu
854a374be411872a,keyword_generic,full,0.0,,1,0.057040946558117867,cpu
475cb36231851c60,keyword_generic,full,1.0,4,1,0.05187490023672581,cpu
34448c77f0c7eb69,keyword_generic,full,0.0,,1,0.06266601849347353,cpu
1c2b845b3caaa7bc,keyword_generic,full,2.0,4;7,1,0.057666096836328506,cpu
f976675b3d96e9d5,keyword_generic,full,2.0,4;7,1,0.05900010000914335,cpu
2bfe3fabe851bd1c,keyword_generic,full,2.0,4;7,1,0.04295795224606991,cpu
ee225f7ac883135f,keyword_generic,full,2.0,4;7,1,0.04520895890891552,cpu
8b1f4b2910c96660,keyword_generic,full,0.0,,1,0.06258406210690737,cpu
d68d45505167c23a,keyword_generic,full,0.0,,1,0.07025001104921103,cpu
7d845cfccb13b6d7,keyword_generic,full,0.0,,1,0.08329201955348253,cpu
638ba131d405ea8f,keyword_generic,full,0.0,,1,0.08558295667171478,cpu
5b5d123b26804881,keyword_generic,full,1.0,6,1,0.06912497337907553,cpu
ee9c94fd36b3aadd,keyword_generic,full,1.0,6,1,0.07079204078763723,cpu
792be70cefd998cc,keyword_generic,full,1.0,6,1,0.09533308912068605,cpu
7c1186e1b1d08598,keyword_generic,full,1.0,6,1,0.09787501767277718,cpu
a5d9eaa20b9104f2,keyword_generic,full,0.0,,1,0.059458077885210514,cpu
5d89a635a4457ac7,keyword_generic,full,0.0,,1,0.08366594556719065,cpu
b74d4b3918c42548,keyword_generic,full,0.0,,1,0.07587496656924486,cpu
acde95a685b6d3c7,keyword_generic,full,0.0,,1,0.07150007877498865,cpu
6962d1a92312b403,keyword_generic,full,0.0,,1,0.08616701234132051,cpu
1ee3afe8f7fb0eac,keyword_generic,full,0.0,,1,0.0985830556601286,cpu
4b5fac2af23f6b3b,keyword_generic,full,0.0,,1,0.08045893628150225,cpu
0857645e4e73dabe,keyword_generic,full,0.0,,1,0.10766694322228432,cpu
06bb07b1d7806cfa,keyword_generic,full,1.0,4,1,0.268584000878036,cpu
8d7f5c6fa798f85d,keyword_generic,full,0.0,,1,0.24470803327858448,cpu
f5d74c2798480e0d,keyword_generic,full,0.0,,1,0.2617090940475464,cpu
cf3e10c71f3b8dca,keyword_generic,full,1.0,4,1,0.24854193907231092,cpu
d6b3009a7feb58de,keyword_generic,full,1.0,7,1,0.26579201221466064,cpu
f163b31235ad122b,keyword_generic,full,1.0,7,1,0.24800002574920654,cpu
11a9eb7bab7ff1ed,keyword_generic,full,1.0,4,1,0.26658305432647467,cpu
fb12ada3e563579e,keyword_generic,full,0.0,,1,0.28854096308350563,cpu
83f81ed1b4d86514,keyword_generic,full,2.0,4;6,1,0.2571250079199672,cpu
6d51c6fd2e3c8ce3,keyword_generic,full,2.0,4;6,1,0.27420802507549524,cpu
47144828d8499fb7,keyword_generic,full,1.0,4,1,0.2491659251973033,cpu
defdbf730e337a98,keyword_generic,full,0.0,,1,0.2727919491007924,cpu
0ec7bbbe1338c3aa,keyword_generic,full,0.0,,1,0.2975419629365206,cpu
aee26ef231a8cce4,keyword_generic,full,0.0,,1,0.29862497467547655,cpu
973d19ff0c0c5fe5,keyword_generic,full,2.0,4;7,1,0.06745790597051382,cpu
bb1ca0e94e74c865,keyword_generic,full,1.0,7,1,0.06162503268569708,cpu
25f98865d931de34,keyword_generic,full,1.0,7,1,0.06979191675782204,cpu
e30b7b5a15ba9418,keyword_generic,full,2.0,4;7,1,0.06600003689527512,cpu
2e9f4fc33cdc57ba,keyword_generic,full,1.0,7,1,0.08916703518480062,cpu
00ada0dfe4364b8f,keyword_generic,full,1.0,7,1,0.0706670107319951,cpu
e0ffbc53944f1150,keyword_generic,full,2.0,4;7,1,0.0688750296831131,cpu
b927b3d819dcd1c7,keyword_generic,full,1.0,7,1,0.09341607801616192,cpu
f78c147d541adeb9,keyword_generic,full,3.0,4;6;7,1,0.07233396172523499,cpu
05703fa594ca3b76,keyword_generic,full,3.0,4;6;7,1,0.08733291178941727,cpu
9ad589ac91984513,keyword_generic,full,2.0,4;7,1,0.06587500683963299,cpu
cbb732aabbb6fa8d,keyword_generic,full,1.0,7,1,0.07683306466788054,cpu
94146dbf9950cfc9,keyword_generic,full,1.0,7,1,0.09891705121845007,cpu
d1345dcea996bc37,keyword_generic,full,1.0,7,1,0.09670807048678398,cpu
917689c1de3bff4b,keyword_generic,full,1.0,4,1,0.15020801220089197,cpu
dcd7638c0702bea3,keyword_generic,full,0.0,,1,0.15416706446558237,cpu
38cb21c962df2e43,keyword_generic,full,0.0,,1,0.15520805027335882,cpu
a642ccd11d768fd8,keyword_generic,full,1.0,4,1,0.1510829897597432,cpu
aa95dc598a7dc5a4,keyword_generic,full,1.0,7,1,0.17612497322261333,cpu
b696f0ce8da998ef,keyword_generic,full,1.0,7,1,0.1510829897597432,cpu
6ddc2c44237474f1,keyword_generic,full,1.0,4,1,0.16245897859334946,cpu
b4d7f9e810f49eb2,keyword_generic,full,0.0,,1,0.1825409708544612,cpu
4c7d6b34983884b7,keyword_generic,full,2.0,4;6,1,0.16079097986221313,cpu
dc53349f15b82f6c,keyword_generic,full,2.0,4;6,1,0.1787090441212058,cpu
4108f2449c6192da,keyword_generic,full,1.0,4,1,0.17920800019055605,cpu
ec2d52c688424f53,keyword_generic,full,0.0,,1,0.18500001169741154,cpu
b4c904f443de013d,keyword_generic,full,0.0,,1,0.21154095884412527,cpu
32964574c9aeeaa7,keyword_generic,full,0.0,,1,0.1989169977605343,cpu
68dfbba85de41609,keyword_generic,full,1.0,7,1,0.11374999303370714,cpu
a2f8cff86cb05729,keyword_generic,full,1.0,7,1,0.10249996557831764,cpu
81b24595e6565619,keyword_generic,full,1.0,7,1,0.11399993672966957,cpu
af2ae8e1700e9cc9,keyword_generic,full,1.0,7,1,0.11245894711464643,cpu
7a976f0f17563089,keyword_generic,full,2.0,4;7,1,0.1217500539496541,cpu
4e494fe3bb590384,keyword_generic,full,2.0,4;7,1,0.10458298493176699,cpu
3b8c185e58208716,keyword_generic,full,1.0,7,1,0.16116700135171413,cpu
9e8edabc91a17db9,keyword_generic,full,1.0,7,1,0.14124996960163116,cpu
85cae91538de21d1,keyword_generic,full,2.0,6;7,1,0.12883299496024847,cpu
3cb02a0cee1451be,keyword_generic,full,2.0,6;7,1,0.1497910125181079,cpu
2d1b55a52805ad45,keyword_generic,full,1.0,7,1,0.11962500866502523,cpu
359d09bbd8d5c183,keyword_generic,full,1.0,7,1,0.12270896695554256,cpu
ed428e5c8a3237c1,keyword_generic,full,1.0,7,1,0.14308304525911808,cpu
8d97a1cf210acab8,keyword_generic,full,1.0,7,1,0.13804191257804632,cpu
a705485a4a449632,keyword_generic,full,2.0,4;7,1,0.2340000355616212,cpu
6fe399bc102b1a34,keyword_generic,full,1.0,7,1,0.22491696290671825,cpu
8b8c6c4308d85a22,keyword_generic,full,1.0,7,1,0.24141697213053703,cpu
cfc0efa61e59bab5,keyword_generic,full,2.0,4;7,1,0.23783394135534763,cpu
44b67a03c5af9391,keyword_generic,full,1.0,7,1,0.2810000441968441,cpu
2fff9855f43a1b7a,keyword_generic,full,1.0,7,1,0.24579104501754045,cpu
e774bf7cc1193f3c,keyword_generic,full,2.0,4;7,1,0.24070905055850744,cpu
4c298643a5315197,keyword_generic,full,1.0,7,1,0.3018330316990614,cpu
6775ec2512886059,keyword_generic,full,3.0,4;6;7,1,0.24266599211841822,cpu
f874ecae2b7643d6,keyword_generic,full,3.0,4;6;7,1,0.27412502095103264,cpu
fbf619badc94084c,keyword_generic,full,2.0,4;7,1,0.23195799440145493,cpu
83712161ee273173,keyword_generic,full,1.0,7,1,0.2737500471994281,cpu
2b990d1822d96a7d,keyword_generic,full,1.0,7,1,0.3111669793725014,cpu
60185bbacbec81f6,keyword_generic,full,1.0,7,1,0.317416968755424,cpu
9209b078cbfe5f04,keyword_generic,full,1.0,4,1,2.9582499992102385,cpu
c860c97173fb344c,keyword_generic,full,1.0,4,1,2.919625025242567,cpu
0eb2c1ff83e3507e,keyword_generic,full,1.0,4,1,2.867666073143482,cpu
f834d135e73801a8,keyword_generic,full,1.0,4,1,2.755959052592516,cpu
e726bace9f8cde5d,keyword_generic,full,2.0,4;7,1,2.0172089571133256,cpu
9c0e1004f3c76011,keyword_generic,full,2.0,4;7,1,1.9937909673899412,cpu
d9fb8237794fd281,keyword_generic,full,1.0,4,1,3.0118749709799886,cpu
debc928282c9fa7c,keyword_generic,full,1.0,4,1,3.137541003525257,cpu
96fe17e46d77779c,keyword_generic,full,2.0,4;6,1,2.7994589181616902,cpu
6f763971b3d56396,keyword_generic,full,2.0,4;6,1,2.8516659513115883,cpu
6739174715fa1886,keyword_generic,full,1.0,4,1,2.977374941110611,cpu
dc64f5e72ddaddef,keyword_generic,full,1.0,4,1,2.989125088788569,cpu
d0d7efbbbf89404c,keyword_generic,full,1.0,4,1,2.8565420070663095,cpu
f069017956d2e88c,keyword_generic,full,1.0,4,1,3.1411669915542006,cpu
4e2125975cdaa0e2,keyword_generic,full,0.0,,1,0.1628749305382371,cpu
675daf2a2e88fde4,keyword_generic,full,0.0,,1,0.1686250325292349,cpu
bbff49b000af03e9,keyword_generic,full,0.0,,1,0.16599998343735933,cpu
4931681071d61cca,keyword_generic,full,0.0,,1,0.1753329997882247,cpu
b718d2859dd98541,keyword_generic,full,2.0,4;7,1,0.1486249966546893,cpu
271058220592d164,keyword_generic,full,2.0,4;7,1,0.1308749197050929,cpu
7e16786f363861cc,keyword_generic,full,0.0,,1,0.15020801220089197,cpu
8f1fb222bd376d7f,keyword_generic,full,0.0,,1,0.1697920961305499,cpu
418e74574a26fb75,keyword_generic,full,1.0,6,1,0.16004103235900402,cpu
2d6d3ba77ae53e08,keyword_generic,full,1.0,6,1,0.1790409442037344,cpu
2c44e80ba2d2106b,keyword_generic,full,0.0,,1,0.14474999625235796,cpu
110a1b4a6dc2aed8,keyword_generic,full,0.0,,1,0.1573330955579877,cpu
526bd44f70c3fab7,keyword_generic,full,0.0,,1,0.17487502191215754,cpu
50b55b0d2a102e1f,keyword_generic,full,0.0,,1,0.1692089717835188,cpu
92b2d69bdc81e020,keyword_generic,full,0.0,,1,0.3954590065404773,cpu
8d435c24963f5bdc,keyword_generic,full,0.0,,1,0.38300000596791506,cpu
b301ed83b8597be6,keyword_generic,full,0.0,,1,0.38408301770687103,cpu
f467bad768ca722f,keyword_generic,full,0.0,,1,0.3955840365961194,cpu
aa70be07401903b0,keyword_generic,full,2.0,4;7,1,0.3937920555472374,cpu
9a60a49f174ad91e,keyword_generic,full,2.0,4;7,1,0.3767911111935973,cpu
86f3f7f2828cee6c,keyword_generic,full,0.0,,1,0.38941705133765936,cpu
6318e4b0bb29ab80,keyword_generic,full,0.0,,1,0.4162909463047981,cpu
b91e5a3fdb6f3519,keyword_generic,full,1.0,6,1,0.4105000989511609,cpu
1b2ea43236f7da87,keyword_generic,full,1.0,6,1,0.41987502481788397,cpu
1b0147f6fe39b44a,keyword_generic,full,0.0,,1,0.39420800749212503,cpu
7e1adcfee144539c,keyword_generic,full,0.0,,1,0.3986670635640621,cpu
0d03453302afac71,keyword_generic,full,0.0,,1,0.4765419289469719,cpu
f1ca5f9d8c0d1f16,keyword_generic,full,0.0,,1,0.45854190830141306,cpu
d2dc7268bd9992ea,keyword_generic,full,1.0,4,1,0.2983750309795141,cpu
464b90e982d18fdd,keyword_generic,full,0.0,,1,0.29337499290704727,cpu
ca04d8d9654568de,keyword_generic,full,0.0,,1,0.37925003562122583,cpu
a23c88395884eb15,keyword_generic,full,1.0,4,1,0.27108401991426945,cpu
38ce5b4bb34ec992,keyword_generic,full,1.0,7,1,0.28654211200773716,cpu
27a33661521b2c35,keyword_generic,full,1.0,7,1,0.2704169601202011,cpu
c2d0ec009bb3c69a,keyword_generic,full,1.0,4,1,0.27904193848371506,cpu
9e93e62a794fa6ac,keyword_generic,full,0.0,,1,0.29854197055101395,cpu
3e5b25efc5fc58b5,keyword_generic,full,2.0,4;6,1,0.27950003277510405,cpu
e368ea2061f096b8,keyword_generic,full,2.0,4;6,1,0.297082937322557,cpu
df657699f1fbb081,keyword_generic,full,1.0,4,1,0.2790839644148946,cpu
6c48691b5ccf597d,keyword_generic,full,1.0,4,1,0.28533395379781723,cpu
745dcae058d03840,keyword_generic,full,1.0,4,1,0.2932079369202256,cpu
ebfbdb23752e7d2c,keyword_generic,full,0.0,,1,0.3142500063404441,cpu
44b8c135f2107940,keyword_generic,full,1.0,4,1,0.19404105842113495,cpu
059304e924abbed4,keyword_generic,full,0.0,,1,0.18808292225003242,cpu
38ccd7aeeb4ae268,keyword_generic,full,0.0,,1,0.19720906857401133,cpu
1d34da026d8cd2df,keyword_generic,full,1.0,4,1,0.1925410469993949,cpu
a34bf1637e03e8e2,keyword_generic,full,1.0,7,1,0.20999996922910213,cpu
6333dd8e13675ca4,keyword_generic,full,1.0,7,1,0.19183300901204348,cpu
f0dbd0eaac56d9af,keyword_generic,full,1.0,4,1,0.19608298316597939,cpu
85a3860986ab5b6f,keyword_generic,full,0.0,,1,0.2371249720454216,cpu
944bf75cfd1cffdd,keyword_generic,full,2.0,4;6,1,0.21233304869383574,cpu
1a80efb003fe8ae0,keyword_generic,full,2.0,4;6,1,0.22395793348550797,cpu
beb118c2bc3596f2,keyword_generic,full,1.0,4,1,0.19270903430879116,cpu
46a5c9122cc09b4d,keyword_generic,full,1.0,4,1,0.20362506620585918,cpu
e51c058a83585d90,keyword_generic,full,1.0,4,1,0.22166699636727571,cpu
072950d2030b3c10,keyword_generic,full,0.0,,1,0.22533303126692772,cpu
149b6cc9f96eb96b,keyword_generic,full,0.0,,1,0.4135000053793192,cpu
cae229e10166f3f5,keyword_generic,full,0.0,,1,0.393084017559886,cpu
644354e083e8c0c2,keyword_generic,full,0.0,,1,0.3952080151066184,cpu
f0948d019cae236e,keyword_generic,full,0.0,,1,0.4017080646008253,cpu
0b4f0687d61ab2c8,keyword_generic,full,2.0,4;7,1,0.39958301931619644,cpu
5744d1ec5b174cdc,keyword_generic,full,2.0,4;7,1,0.4759170114994049,cpu
561e7fd04323f119,keyword_generic,full,0.0,,1,0.45566598419100046,cpu
d172740fb65fa3bf,keyword_generic,full,0.0,,1,0.48079201951622963,cpu
19b8d73096f11b12,keyword_generic,full,1.0,6,1,0.45837508514523506,cpu
1381e5d6a203b74c,keyword_generic,full,1.0,6,1,0.4922079388052225,cpu
deff6850007a30b1,keyword_generic,full,0.0,,1,0.44891692232340574,cpu
b46a9bde712d23fd,keyword_generic,full,0.0,,1,0.4575829952955246,cpu
6f79a36f38121f08,keyword_generic,full,0.0,,1,0.4762079333886504,cpu
ea319ecd77b2fd2e,keyword_generic,full,0.0,,1,0.47041603829711676,cpu
f5d447dfd85036d2,keyword_generic,full,1.0,4,1,0.1445410307496786,cpu
096219011fbeb8e2,keyword_generic,full,0.0,,1,0.14529190957546234,cpu
267ae38480603bdc,keyword_generic,full,0.0,,1,0.15504099428653717,cpu
c5db31397746ac68,keyword_generic,full,1.0,4,1,0.14962500426918268,cpu
45b57ac8a4084c6b,keyword_generic,full,1.0,7,1,0.1710830256342888,cpu
37eb4d1c1a24ae39,keyword_generic,full,1.0,7,1,0.14999997802078724,cpu
0b381c4745beb952,keyword_generic,full,1.0,4,1,0.15404203440994024,cpu
d31e967c5ab0baf9,keyword_generic,full,0.0,,1,0.18595799338072538,cpu
4f206eb3fc28ab95,keyword_generic,full,2.0,4;6,1,0.16024999786168337,cpu
b5e7ba36c4157e0b,keyword_generic,full,2.0,4;6,1,0.18066598568111658,cpu
241ba02d8129b42c,keyword_generic,full,1.0,4,1,0.15062501188367605,cpu
453e8540b3b5eb46,keyword_generic,full,1.0,4,1,0.16166595742106438,cpu
3b723fd920eccd8a,keyword_generic,full,1.0,4,1,0.1760829472914338,cpu
b33ddb83c40ccdd2,keyword_generic,full,0.0,,1,0.1889580162242055,cpu
cec38d2c833ffb29,keyword_generic,full,1.0,4,1,0.14470797032117844,cpu
604aefeb82344f11,keyword_generic,full,1.0,4,1,0.14887505676597357,cpu
74c75318bb068b67,keyword_generic,full,1.0,4,1,0.1602090196684003,cpu
d3ebd70645c50cca,keyword_generic,full,1.0,4,1,0.1465840032324195,cpu
b683a56f88c8e0f3,keyword_generic,full,2.0,4;7,1,0.16137503553181887,cpu
a63beee85385c016,keyword_generic,full,2.0,4;7,1,0.1413749996572733,cpu
fcf8e2522e4d88da,keyword_generic,full,1.0,4,1,0.15191698912531137,cpu
de92df0fdbaf9fe6,keyword_generic,full,1.0,4,1,0.19095803145319223,cpu
ecdaf44d51826c3a,keyword_generic,full,2.0,4;6,1,0.14587503392249346,cpu
eab2c155b669a00a,keyword_generic,full,2.0,4;6,1,0.16679195687174797,cpu
85f79c1d7d4f6102,keyword_generic,full,1.0,4,1,0.18437497783452272,cpu
4e5585450fa2b8e1,keyword_generic,full,1.0,4,1,0.1712499652057886,cpu
b3bd124a01b8f7fa,keyword_generic,full,1.0,4,1,0.18016702961176634,cpu
2e3a298511576d21,keyword_generic,full,1.0,4,1,0.19933399744331837,cpu
7a317a701f142f1d,keyword_generic,full,2.0,4;7,1,0.18087495118379593,cpu
a7fcfc9af6f6ee5f,keyword_generic,full,2.0,4;7,1,0.15416706446558237,cpu
7a16683ac8c6fe2a,keyword_generic,full,0.0,,1,0.058125006034970284,cpu
28d0fb7170979aa3,keyword_generic,full,0.0,,1,0.1217500539496541,cpu
6c8d319ed5a14ad8,keyword_generic,full,0.0,,1,0.058290897868573666,cpu
8a8fe69c1d60e054,keyword_generic,full,0.0,,1,0.1380409812554717,cpu
93748086cb1f6209,keyword_generic,full,0.0,,1,0.08370890282094479,cpu
2792af732f889b2b,keyword_generic,full,0.0,,1,0.08079095277935266,cpu
1b2b1ea466d3af93,keyword_generic,full,0.0,,1,0.045708962716162205,cpu
605e48fae281c4fe,keyword_generic,full,0.0,,1,0.0512079568579793,cpu
9fc9a0d22714dfd8,keyword_generic,full,0.0,,1,0.3140839980915189,cpu
2b1b18a8307de79a,keyword_generic,full,1.0,7,1,0.07625005673617125,cpu
a97e775d3d3874bc,keyword_generic,full,0.0,,1,0.18500001169741154,cpu
60af4975ed263c68,keyword_generic,full,1.0,7,1,0.11920800898224115,cpu
67215ad75071cfd4,keyword_generic,full,1.0,7,1,0.25500007905066013,cpu
005b7591968b9a24,keyword_generic,full,1.0,4,1,3.319749957881868,cpu
cfcd5cec5f03472e,keyword_generic,full,0.0,,1,0.15183398500084877,cpu
4f3250d571874f4f,keyword_generic,full,0.0,,1,0.46316697262227535,cpu
20a7fe2da2476e7a,keyword_generic,full,0.0,,1,0.3224170068278909,cpu
391d51bdc2e63775,keyword_generic,full,0.0,,1,0.22466701921075583,cpu
24970e48a18ac9c9,keyword_generic,full,0.0,,1,0.4508339334279299,cpu
514eb683b6ce29b9,keyword_generic,full,0.0,,1,0.15220791101455688,cpu
7294880a8fb74aa8,keyword_generic,full,1.0,4,1,0.19691698253154755,cpu
384b2361e470a65c,keyword_generic,full,0.0,,1,0.07375003769993782,cpu
ea7d924782c7f658,keyword_generic,full,0.0,,1,0.01025001984089613,cpu
8bac53caab3a12f4,keyword_generic,full,0.0,,1,0.0701660756021738,cpu
0ef141b939b58bed,keyword_generic,full,0.0,,1,0.06883300375193357,cpu
f2dbc886902e663f,keyword_generic,full,0.0,,1,0.07170799653977156,cpu
767942a0de01c155,keyword_generic,full,1.0,4,1,0.07474992889910936,cpu
978a477db25cd8a5,keyword_generic,full,0.0,,1,0.06445799954235554,cpu
b54fd780c6f884ee,keyword_generic,full,1.0,4,1,0.09329093154519796,cpu
565aeeedaabbcde4,keyword_generic,full,0.0,,1,0.06445799954235554,cpu
d56b2fd26ac39276,keyword_generic,full,0.0,,1,0.004708068445324898,cpu
996c288557d78ab5,keyword_generic,full,0.0,,1,0.00816606916487217,cpu
dbd4f0b011e8d02c,keyword_generic,full,0.0,,1,0.029333983547985554,cpu
c090c80b73e2a1d6,keyword_generic,full,0.0,,1,0.06958295125514269,cpu
b95b8206633de312,keyword_generic,full,0.0,,1,0.06900005973875523,cpu
f7b476ac5e4e23a4,keyword_generic,full,0.0,,1,0.07266690954566002,cpu
0bb96af836f9a88d,keyword_generic,full,1.0,4,1,0.07254199590533972,cpu
9435facddd289f2b,keyword_generic,full,0.0,,1,0.06508303340524435,cpu
9e106426c826538b,keyword_generic,full,1.0,4,1,0.08324999362230301,cpu
642fda894f7266ee,keyword_generic,full,0.0,,1,0.01679209526628256,cpu
7dbdba5779785f70,keyword_generic,full,0.0,,1,0.026333029381930828,cpu
f5b244eb7e3fb5ff,keyword_generic,full,0.0,,1,0.1681250287219882,cpu
70198a176329e36f,keyword_generic,full,0.0,,1,0.11579191777855158,cpu
385612a9e01374a0,keyword_generic,full,0.0,,1,0.0019160797819495201,cpu
ceae80e16a195d39,keyword_generic,full,0.0,,1,0.0019170111045241356,cpu
0c29bac443f6c0c2,keyword_generic,full,0.0,,1,0.17212505917996168,cpu
3cd56b877a316f1a,keyword_generic,full,0.0,,1,0.12045796029269695,cpu
1596eb296807ab09,keyword_generic,full,0.0,,1,0.17137499526143074,cpu
467e805efb5cbcc9,keyword_generic,full,0.0,,1,0.12041593436151743,cpu
154689c883f39b70,keyword_generic,full,0.0,,1,0.18450000789016485,cpu
4e3cdd296221d19d,keyword_generic,full,0.0,,1,0.12304203119128942,cpu
b398b7fb62332016,keyword_generic,full,1.0,4,1,0.1639589900150895,cpu
40225d1293c0a011,keyword_generic,full,1.0,4,1,0.11512497439980507,cpu
1ada6db0e62479b7,keyword_generic,full,0.0,,1,0.17345801461488008,cpu
26e4308a16379b85,keyword_generic,full,0.0,,1,0.11558400001376867,cpu
12203c2fdc49b235,keyword_generic,full,1.0,4,1,0.18983299378305674,cpu
6244efcd41dda0f5,keyword_generic,full,1.0,4,1,0.12483308091759682,cpu
d7189c9eebec945d,keyword_generic,full,0.0,,1,0.012874952517449856,cpu
d3d6ab7bca84d3ee,keyword_generic,full,0.0,,1,0.2737919567152858,cpu
2a128d176d4a7fcc,keyword_generic,full,0.0,,1,0.02116698306053877,cpu
2f42bce4ef5b0b03,keyword_generic,full,0.0,,1,0.006375019438564777,cpu
b13fef1aa0a39d6c,keyword_generic,full,0.0,,1,0.03412493970245123,cpu
28e24a27169cdd02,keyword_generic,full,0.0,,1,0.29804103542119265,cpu
16e6bd41b00c21bc,keyword_generic,full,0.0,,1,0.29558397363871336,cpu
6a6c513ed79d01f7,keyword_generic,full,0.0,,1,0.3019169671460986,cpu
eb1d269cd229da17,keyword_generic,full,1.0,4,1,0.27437496464699507,cpu
458722f14263c3d6,keyword_generic,full,0.0,,1,0.27374993078410625,cpu
9e9d6e036371427d,keyword_generic,full,1.0,4,1,0.328624970279634,cpu
234c936f4d7dca0d,keyword_generic,full,0.0,,1,0.15079195145517588,cpu
2ef5f8c4f869a10a,keyword_generic,full,0.0,,1,0.00600004568696022,cpu
5214023c54205877,keyword_generic,full,0.0,,1,0.03508396912366152,cpu
28f6d87033df0cb2,keyword_generic,full,0.0,,1,0.1530840527266264,cpu
0977ee9a0d408aca,keyword_generic,full,0.0,,1,0.14583300799131393,cpu
1d890e6dff5d0fef,keyword_generic,full,0.0,,1,0.1534579787403345,cpu
9c25767f9872b0b3,keyword_generic,full,1.0,4,1,0.14262506738305092,cpu
c88969c7d7dd4325,keyword_generic,full,0.0,,1,0.14587503392249346,cpu
f44937c3a671cba1,keyword_generic,full,1.0,4,1,0.16179191879928112,cpu
ea97e896ad33a64d,keyword_generic,full,0.0,,1,0.008707982487976551,cpu
4bbd6d7a3fac4dde,keyword_generic,full,0.0,,1,0.025249901227653027,cpu
eb14a41bdb855016,keyword_generic,full,0.0,,1,0.1662500435486436,cpu
967d695c5a261988,keyword_generic,full,0.0,,1,0.006833928637206554,cpu
d0b5dc8d2cdc6cd5,keyword_generic,full,0.0,,1,0.17529097385704517,cpu
8c96e8829925c598,keyword_generic,full,0.0,,1,0.1825409708544612,cpu
17184169c6618013,keyword_generic,full,0.0,,1,0.1817919546738267,cpu
a579b08fa2d13688,keyword_generic,full,1.0,4,1,0.16729196067899466,cpu
c611fd69cdfbbc35,keyword_generic,full,0.0,,1,0.16745796892791986,cpu
05d38fc5b9582570,keyword_generic,full,1.0,4,1,0.19291695207357407,cpu
e833403f9d4c0521,keyword_generic,full,0.0,,1,0.0689999433234334,cpu
d96aa9c8f16cf859,keyword_generic,full,0.0,,1,0.06212492007762194,cpu
a59e89879ef114f0,keyword_generic,full,0.0,,1,0.07408391684293747,cpu
ed19be5db663690f,keyword_generic,full,0.0,,1,0.06733310874551535,cpu
dbde58937d45cbd4,keyword_generic,full,0.0,,1,0.08037500083446503,cpu
f49d4040c68f4944,keyword_generic,full,0.0,,1,0.06758305244147778,cpu
f879b20d805774bb,keyword_generic,full,0.0,,1,0.07754191756248474,cpu
b6cf8b7d71426851,keyword_generic,full,0.0,,1,0.07066689431667328,cpu
da4e530cbf721865,keyword_generic,full,1.0,4,1,0.07758301217108965,cpu
f7d9df1fd44b408f,keyword_generic,full,1.0,4,1,0.07845798972994089,cpu
fb2ade53d5ae2dbb,keyword_generic,full,0.0,,1,0.0742500415071845,cpu
ecedf677156215ac,keyword_generic,full,0.0,,1,0.06324995774775743,cpu
90950b388de3aadd,keyword_generic,full,1.0,4,1,0.10012509301304817,cpu
de340bcc47aa636d,keyword_generic,full,1.0,4,1,0.0806670868769288,cpu
27cffd5b31b1ebc9,keyword_generic,full,0.0,,1,0.07820792961865664,cpu
5a951c46f5096a7f,keyword_generic,full,0.0,,1,0.007042079232633114,cpu
e9fddd6adeb09bfe,keyword_generic,full,0.0,,1,0.030916999094188213,cpu
8c32432ce0d0e91f,keyword_generic,full,0.0,,1,0.08404196705669165,cpu
5f38fe6f120c5d7b,keyword_generic,full,0.0,,1,0.08287490345537663,cpu
0a86dc8fe51f6990,keyword_generic,full,0.0,,1,0.09112502448260784,cpu
10f42bb43ddf2519,keyword_generic,full,1.0,4,1,0.08358294144272804,cpu
751ce34c73398cb7,keyword_generic,full,0.0,,1,0.0791249331086874,cpu
0db65f30e55a2c5f,keyword_generic,full,1.0,4,1,0.09420805145055056,cpu
7aaae5f10e7060f5,keyword_generic,full,0.0,,1,0.04475004971027374,cpu
982c7d6e57ff60ee,keyword_generic,full,0.0,,1,0.12954208068549633,cpu
bfa465078eaa85f0,keyword_generic,full,0.0,,1,0.006207963451743126,cpu
bdae2143dcb08cb8,keyword_generic,full,0.0,,1,0.03245798870921135,cpu
6513899a72e267b7,keyword_generic,full,0.0,,1,0.18995802383869886,cpu
b3de228b4fabbb2d,keyword_generic,full,0.0,,1,0.16370904631912708,cpu
ef916e64261a3ba6,keyword_generic,full,0.0,,1,0.16187503933906555,cpu
a11c121f4a5e850e,keyword_generic,full,1.0,4,1,0.152791035361588,cpu
4b950d7c5e88b841,keyword_generic,full,0.0,,1,0.17304206266999245,cpu
7ac9bae9342b92ce,keyword_generic,full,1.0,4,1,0.1692500663921237,cpu
648db4cb78945043,keyword_generic,full,0.0,,1,0.05395803600549698,cpu
92c1f6e3277a96b4,keyword_generic,full,0.0,,1,0.08095905650407076,cpu
d1dd42de9054d6b8,keyword_generic,full,0.0,,1,0.00758306123316288,cpu
2149e467fd29564e,keyword_generic,full,0.0,,1,0.08120900020003319,cpu
3fadad198def6b2f,keyword_generic,full,0.0,,1,0.0790419289842248,cpu
ba0222d73b095d4f,keyword_generic,full,0.0,,1,0.07974996697157621,cpu
cb2481e2e8dfda30,keyword_generic,full,1.0,4,1,0.08220796007663012,cpu
9ca8db28cbc77a77,keyword_generic,full,0.0,,1,0.07158308289945126,cpu
fb12998eb70499bb,keyword_generic,full,1.0,4,1,0.09533402044326067,cpu
bede58d2340c3c70,keyword_generic,full,0.0,,1,0.01066701952368021,cpu
f4af55fca3af41e9,keyword_generic,full,0.0,,1,0.046958914026618004,cpu
db1f29ee82b47180,keyword_generic,full,0.0,,1,0.09062502067536116,cpu
e5bde2bff7c9632f,keyword_generic,full,0.0,,1,0.007042079232633114,cpu
b966c951ab354ded,keyword_generic,full,0.0,,1,0.0926250359043479,cpu
182455dda7b9d436,keyword_generic,full,0.0,,1,0.09479199070483446,cpu
19bc2ca791675119,keyword_generic,full,0.0,,1,0.0951249385252595,cpu
03d2162d2e662685,keyword_generic,full,1.0,4,1,0.10708300396800041,cpu
89f4676242c80890,keyword_generic,full,0.0,,1,0.10087504051625729,cpu
e6ee6ad7a1dd4852,keyword_generic,full,1.0,4,1,0.10762503370642662,cpu
895580e59a062f10,keyword_generic,full,0.0,,1,0.0027079368010163307,cpu
7e086c135cb302b6,keyword_generic,full,0.0,,1,0.006749993190169334,cpu
aa3e9912c94f43aa,keyword_generic,full,0.0,,1,0.22995902691036463,cpu
0935b389fbca1689,keyword_generic,full,0.0,,1,0.006041023880243301,cpu
dd26f0d1bc781ad5,keyword_generic,full,0.0,,1,0.24562503676861525,cpu
3887d01e6ab9bc61,keyword_generic,full,0.0,,1,0.25470892433077097,cpu
c50895f17cd62e7f,keyword_generic,full,0.0,,1,0.26066601276397705,cpu
89ae01aecd2f42fa,keyword_generic,full,1.0,4,1,0.23725000210106373,cpu
bae85fb668467118,keyword_generic,full,0.0,,1,0.23250002413988113,cpu
5cd6fc38b711b0d9,keyword_generic,full,1.0,4,1,0.2781250514090061,cpu
a50bb79d38039194,keyword_generic,full,0.0,,1,0.009958981536328793,cpu
ab9e7e06c3f04c8a,keyword_generic,full,0.0,,1,0.016040983609855175,cpu
1c85c7458e3cb8c1,keyword_generic,full,0.0,,1,0.09204202797263861,cpu
98269c52e67c5b7a,keyword_generic,full,0.0,,1,0.09095808491110802,cpu
b04527a85bde2d96,keyword_generic,full,0.0,,1,0.09237509220838547,cpu
11261987b8982d51,keyword_generic,full,0.0,,1,0.09412504732608795,cpu
ef59647062688778,keyword_generic,full,1.0,4,1,0.10229204781353474,cpu
c776efbd922d962d,keyword_generic,full,0.0,,1,0.08837494533509016,cpu
f3375c2c46b4e11b,keyword_generic,full,1.0,4,1,0.10724994353950024,cpu
e57100fa2aa26f03,keyword_generic,full,0.0,,1,0.016125035472214222,cpu
432c04587476fdb9,keyword_generic,full,0.0,,1,0.0814999220892787,cpu
86dd01071bf8c970,keyword_generic,full,0.0,,1,0.0022079329937696457,cpu
5fe069c6d9dce6b2,keyword_generic,full,0.0,,1,0.08708296809345484,cpu
04991e59f7f8e088,keyword_generic,full,0.0,,1,0.10129204019904137,cpu
d80899618284e6f7,keyword_generic,full,0.0,,1,0.09966606739908457,cpu
ca764430d1d7d262,keyword_generic,full,1.0,4,1,0.10158296208828688,cpu
2e925557fda57a56,keyword_generic,full,0.0,,1,0.09737501386553049,cpu
5a9727424e35e420,keyword_generic,full,1.0,4,1,0.10145804844796658,cpu
97aba41b3e621255,keyword_generic,full,0.0,,1,0.0030419323593378067,cpu
e362950d3797608d,keyword_generic,full,0.0,,1,0.05825003609061241,cpu
565ef7ff5299f710,keyword_generic,full,0.0,,1,0.0069999368861317635,cpu
a4c9b48bcb208521,keyword_generic,full,0.0,,1,0.07874995935708284,cpu
2022f8701d824513,keyword_generic,full,0.0,,1,0.002584070898592472,cpu
e76cf25d04b7dc1e,keyword_generic,full,0.0,,1,0.08854200132191181,cpu
47670811ef736387,keyword_generic,full,0.0,,1,0.08475000504404306,cpu
4f9da95696e55c98,keyword_generic,full,0.0,,1,0.08754106238484383,cpu
9e9625b5168f8008,keyword_generic,full,1.0,4,1,0.08520903065800667,cpu
07c0014af2682eca,keyword_generic,full,0.0,,1,0.07937499321997166,cpu
2fe456f7a30f4ae8,keyword_generic,full,1.0,4,1,0.10166701395064592,cpu
1d8746e95533f92f,keyword_generic,full,0.0,,1,0.008458038792014122,cpu
c0a1a97ebd5564b0,keyword_generic,full,0.0,,1,0.042958068661391735,cpu
fa2e2a2495a77d13,keyword_generic,full,0.0,,1,0.003334018401801586,cpu
f5e94769587bec26,keyword_generic,full,0.0,,1,0.01120788510888815,cpu
d10691359464f2f8,keyword_generic,full,0.0,,1,0.4009170224890113,cpu
4642af9ba7b9ce7c,keyword_generic,full,0.0,,1,0.41850004345178604,cpu
84ce30690426d8af,keyword_generic,full,0.0,,1,0.4295420367270708,cpu
4157822db52d51d8,keyword_generic,full,0.0,,1,0.3975420258939266,cpu
a9f5efdc4e6e66ed,keyword_generic,full,1.0,4,1,0.3547499654814601,cpu
a0b4b740e287cfb4,keyword_generic,full,0.0,,1,0.3599580377340317,cpu
c363a2b880abdf9d,keyword_generic,full,1.0,4,1,0.3909580409526825,cpu
b0dd27048f5e46a7,keyword_generic,full,0.0,,1,0.11462508700788021,cpu
ef0f23639363f66c,keyword_generic,full,0.0,,1,0.0072499969974160194,cpu
7c4c293342bde469,keyword_generic,full,0.0,,1,0.006875023245811462,cpu
6ae452947f707608,keyword_generic,full,0.0,,1,0.02066709566861391,cpu
18ea5a4c01dda080,keyword_generic,full,0.0,,1,0.006832997314631939,cpu
30aa188e86da8e4e,keyword_generic,full,0.0,,1,0.05195802077651024,cpu
1b586b146d656ca1,keyword_generic,full,0.0,,1,0.002334010787308216,cpu
bc518c9d64e45f1d,keyword_generic,full,0.0,,1,0.18712494056671858,cpu
7758213eeedbdc12,keyword_generic,full,0.0,,1,0.004708999767899513,cpu
5ab7bcaea27c41be,keyword_generic,full,0.0,,1,0.2050419570878148,cpu
c04c304956619cda,keyword_generic,full,0.0,,1,0.19645900465548038,cpu
c31e8f0f1675ee38,keyword_generic,full,0.0,,1,0.2507920144125819,cpu
0617f7ee000d336b,keyword_generic,full,1.0,4,1,0.22745796013623476,cpu
e4525f3f2196a1cf,keyword_generic,full,0.0,,1,0.22095802705734968,cpu
5764fa8c4dae1908,keyword_generic,full,1.0,4,1,0.23858400527387857,cpu
564c0230b8da41f8,keyword_generic,full,0.0,,1,0.08479098323732615,cpu
fdcbad89256b9a7d,keyword_generic,full,0.0,,1,0.10483292862772942,cpu
fab181d6f2bcd5d3,keyword_generic,full,1.0,4,1,0.09870901703834534,cpu
49a3318ef77c168e,keyword_generic,full,0.0,,1,0.1218330580741167,cpu
df05808d2065f890,keyword_generic,full,1.0,4,1,0.12208300177007914,cpu
004a7d26a2083d60,keyword_generic,full,0.0,,1,0.12170802801847458,cpu
341a3ff26a2184e9,keyword_generic,full,1.0,4,1,0.15408301260322332,cpu
504323b426e648c4,keyword_generic,full,0.0,,1,0.085500068962574,cpu
5d2162c4a4605f4c,keyword_generic,full,0.0,,1,0.10454095900058746,cpu
8cc9eda4efb0a858,keyword_generic,full,1.0,4,1,0.10449998080730438,cpu
2358531aa4c87932,keyword_generic,full,0.0,,1,0.11966598685830832,cpu
265dd3eef9455a86,keyword_generic,full,1.0,4,1,0.13216701336205006,cpu
6b05535056048031,keyword_generic,full,0.0,,1,0.13904203660786152,cpu
28c67027ce13c5b2,keyword_generic,full,1.0,4,1,0.17804198432713747,cpu
cf39f21dc11dd2c4,keyword_generic,full,0.0,,1,0.21658395417034626,cpu
c5da26c050560672,keyword_generic,full,0.0,,1,0.13941607903689146,cpu
3ac08aec19541c71,keyword_generic,full,0.0,,1,0.260709086433053,cpu
3a6bc4af7763a190,keyword_generic,full,0.0,,1,0.1638750545680523,cpu
0dc9c596b3dd9ddd,keyword_generic,full,1.0,4,1,0.21683296654373407,cpu
77b2bc8a4bc41aad,keyword_generic,full,1.0,4,1,0.14958297833800316,cpu
ee31bd19fdc5be9e,keyword_generic,full,0.0,,1,0.2781249349936843,cpu
b187e0aafa3fbcc1,keyword_generic,full,0.0,,1,0.17791602294892073,cpu
79b135b160782008,keyword_generic,full,1.0,4,1,0.27600000612437725,cpu
982c08ae382d86c9,keyword_generic,full,1.0,4,1,0.17500005196779966,cpu
3ada338c21ec15e7,keyword_generic,full,0.0,,1,0.2827499993145466,cpu
fdb6051fad6407c4,keyword_generic,full,0.0,,1,0.179958064109087,cpu
b2ac2a19b6073468,keyword_generic,full,1.0,4,1,0.33295899629592896,cpu
767cd829fefa6e7f,keyword_generic,full,1.0,4,1,0.2259579487144947,cpu
5ac766d0e7d223bd,keyword_generic,full,0.0,,1,0.34808297641575336,cpu
e14a80cf44a148ac,keyword_generic,full,0.0,,1,0.3999581094831228,cpu
b5a9311da3805579,keyword_generic,full,1.0,4,1,0.356583041138947,cpu
e891f720d19fc918,keyword_generic,full,0.0,,1,0.45766704715788364,cpu
3ddecd8be0b238ce,keyword_generic,full,1.0,4,1,0.4407919477671385,cpu
8c8dffcdd817a5d8,keyword_generic,full,0.0,,1,0.462958007119596,cpu
16479b793896bc23,keyword_generic,full,1.0,4,1,0.5314159207046032,cpu
1a4c4b0f706499ee,keyword_generic,full,0.0,,1,0.16337493434548378,cpu
3971ac465d5972c6,keyword_generic,full,0.0,,1,0.20341691561043262,cpu
909a3b83bf68b3f1,keyword_generic,full,1.0,4,1,0.1799999736249447,cpu
d003cf95f8749e88,keyword_generic,full,0.0,,1,0.22770802024751902,cpu
b9cc91f8fa5f063e,keyword_generic,full,1.0,4,1,0.22558297496289015,cpu
c590abb7c889bd6e,keyword_generic,full,0.0,,1,0.23445801343768835,cpu
6a2a0ea3d63cc9d4,keyword_generic,full,1.0,4,1,0.30683400109410286,cpu
7a6939a37de6870e,keyword_generic,full,0.0,,1,0.21820806432515383,cpu
1637c7cc7cc53f43,keyword_generic,full,0.0,,1,0.2544999588280916,cpu
cd13aa3002a8c6ac,keyword_generic,full,1.0,4,1,0.24654099252074957,cpu
5598f546a0c06921,keyword_generic,full,0.0,,1,0.2911250339820981,cpu
8892aee7e3fef3bd,keyword_generic,full,1.0,4,1,0.2723329234868288,cpu
b9e46df99e26e4e7,keyword_generic,full,0.0,,1,0.3007500199601054,cpu
a5df2820afd0fe1e,keyword_generic,full,1.0,4,1,0.3265420673415065,cpu
ac8742320816c3df,keyword_generic,full,0.0,,1,0.09824999142438173,cpu
53c96aef79488688,keyword_generic,full,0.0,,1,0.08237501606345177,cpu
91a5b94c91182005,keyword_generic,full,0.0,,1,0.10874995496124029,cpu
a58daa4f1c92f5a7,keyword_generic,full,0.0,,1,0.10358309373259544,cpu
6ceda54955c67850,keyword_generic,full,1.0,4,1,0.10366702917963266,cpu
8c30217bb29df265,keyword_generic,full,1.0,4,1,0.09270792361348867,cpu
2b0810b724062d50,keyword_generic,full,0.0,,1,0.12558395974338055,cpu
4fe238da58e7e5ec,keyword_generic,full,0.0,,1,0.11837505735456944,cpu
6cf8c817cd048174,keyword_generic,full,1.0,4,1,0.13708299957215786,cpu
9c27e1018c6d8db0,keyword_generic,full,1.0,4,1,0.11754198931157589,cpu
b27109fb51528331,keyword_generic,full,0.0,,1,0.12674997560679913,cpu
e3d2cad512fafdd0,keyword_generic,full,0.0,,1,0.11920894030481577,cpu
0f48311c4730df25,keyword_generic,full,1.0,4,1,0.17191702499985695,cpu
ef0589d31973078e,keyword_generic,full,1.0,4,1,0.15558302402496338,cpu
3a16396c52d90fbd,keyword_generic,full,0.0,,1,0.10050006676465273,cpu
93f6eaf09e59135a,keyword_generic,full,0.0,,1,0.13166700955480337,cpu
9882e8d8c620c627,keyword_generic,full,1.0,4,1,0.1728339120745659,cpu
1446035dc8731f65,keyword_generic,full,0.0,,1,0.15483400784432888,cpu
3d6049037944b086,keyword_generic,full,1.0,4,1,0.1301249722018838,cpu
39825049895bd7d6,keyword_generic,full,0.0,,1,0.12645800597965717,cpu
945fa609b833d1ee,keyword_generic,full,1.0,4,1,0.15591701958328485,cpu
7312a816aad601d5,keyword_generic,full,0.0,,1,0.14945806469768286,cpu
d0ec27aa4fd80abc,keyword_generic,full,0.0,,1,0.16329193022102118,cpu
07f1b9fe4a3cd8ef,keyword_generic,full,1.0,4,1,0.1453340519219637,cpu
f0aae11e5f5597f6,keyword_generic,full,0.0,,1,0.17504196148365736,cpu
0886721032f744ed,keyword_generic,full,1.0,4,1,0.16841699834913015,cpu
84cdc6037e79e97b,keyword_generic,full,0.0,,1,0.1776670105755329,cpu
3b9024595ede91af,keyword_generic,full,1.0,4,1,0.19216700457036495,cpu
25cdd63519786723,keyword_generic,full,0.0,,1,0.07787509821355343,cpu
de2ae94be981cf9c,keyword_generic,full,0.0,,1,0.09825010783970356,cpu
4e0453076fa1f3f5,keyword_generic,full,1.0,4,1,0.09012501686811447,cpu
a871fc1549b8fbfd,keyword_generic,full,0.0,,1,0.10970910079777241,cpu
668fe89f8af942b9,keyword_generic,full,1.0,4,1,0.11320807971060276,cpu
f21e3cb22c4ae4b4,keyword_generic,full,0.0,,1,0.11233298573642969,cpu
b4bbe91b58746f6d,keyword_generic,full,1.0,4,1,0.13754202518612146,cpu
032749eeb475409d,keyword_generic,full,0.0,,1,0.0926250359043479,cpu
a4e6a6353f60425a,keyword_generic,full,0.0,,1,0.11258397717028856,cpu
86863ba891b3adcc,keyword_generic,full,1.0,4,1,0.10245805606245995,cpu
614f1844fa221fee,keyword_generic,full,0.0,,1,0.12425007298588753,cpu
33665f617dc435cf,keyword_generic,full,1.0,4,1,0.13220903929322958,cpu
22673446d62b2889,keyword_generic,full,0.0,,1,0.12666697148233652,cpu
2a5583845e0529d6,keyword_generic,full,1.0,4,1,0.14887505676597357,cpu
86e85373457fde4f,keyword_generic,full,0.0,,1,0.24262501392513514,cpu
b0d087bfdc70f9e7,keyword_generic,full,0.0,,1,0.30137505382299423,cpu
950dfbbf68a4ddec,keyword_generic,full,1.0,4,1,0.26358303148299456,cpu
561b3d79b398f2b3,keyword_generic,full,0.0,,1,0.3371249185875058,cpu
b4b8f1643fdc2c93,keyword_generic,full,1.0,4,1,0.3467920469120145,cpu
9b641fd6e1b505da,keyword_generic,full,0.0,,1,0.36512501537799835,cpu
e51ccf53919cb656,keyword_generic,full,1.0,4,1,0.3999170148745179,cpu
d35d309688e7a9b8,keyword_generic,full,0.0,,1,0.08954200893640518,cpu
13f0de8507a8b71f,keyword_generic,full,0.0,,1,0.14083296991884708,cpu
b18d5e86c1ce503d,keyword_generic,full,1.0,4,1,0.11958298273384571,cpu
33e2f5707a9028e5,keyword_generic,full,0.0,,1,0.13562501408159733,cpu
7ff9bdfbe0baf9a2,keyword_generic,full,1.0,4,1,0.1427079550921917,cpu
255667709aa49096,keyword_generic,full,0.0,,1,0.13708299957215786,cpu
45c7949ae5db65c7,keyword_generic,full,1.0,4,1,0.1639999682083726,cpu
857b991eb480bcb3,keyword_generic,full,0.0,,1,0.1033339649438858,cpu
8e435fcb07e39f6c,keyword_generic,full,0.0,,1,0.12266705743968487,cpu
2aaf2a068de2c51b,keyword_generic,full,1.0,4,1,0.12304203119128942,cpu
196804d3c3543a85,keyword_generic,full,0.0,,1,0.13679207768291235,cpu
89b6656a32aa3961,keyword_generic,full,1.0,4,1,0.13279204722493887,cpu
b624a716c565c0f5,keyword_generic,full,0.0,,1,0.1442920183762908,cpu
caf7b9d3d9ab32f7,keyword_generic,full,1.0,4,1,0.17470796592533588,cpu
632bf9bc4495d376,keyword_generic,full,0.0,,1,0.08870800957083702,cpu
510bbad678380bff,keyword_generic,full,0.0,,1,0.11254195123910904,cpu
d65422e08b1adb8a,keyword_generic,full,1.0,4,1,0.10654202196747065,cpu
96190f999a564818,keyword_generic,full,0.0,,1,0.12783403508365154,cpu
567a801ea2075c90,keyword_generic,full,1.0,4,1,0.19975006580352783,cpu
c33808fad6c337ec,keyword_generic,full,0.0,,1,0.12154097203165293,cpu
f07d9391f5e85e59,keyword_generic,full,1.0,4,1,0.1455419696867466,cpu
4295f7ed922c279b,keyword_generic,full,0.0,,1,0.4313749959692359,cpu
3a3dc28fff82bfb9,keyword_generic,full,0.0,,1,0.5117079708725214,cpu
1f230b37d9ddd07a,keyword_generic,full,1.0,4,1,0.43216696940362453,cpu
39258891be2a9674,keyword_generic,full,0.0,,1,0.5733340512961149,cpu
2cdb01ecc54b6424,keyword_generic,full,1.0,4,1,0.5303339567035437,cpu
f5c8c30063023b87,keyword_generic,full,0.0,,1,0.5810830043628812,cpu
178b1c0121910cbf,keyword_generic,full,1.0,4,1,0.61962497420609,cpu
96f22c80b9dd8a13,keyword_generic,full,0.0,,1,0.21654099691659212,cpu
325c5b87b1911ef4,keyword_generic,full,0.0,,1,0.25883293710649014,cpu
75cd63a1b6d1e7a7,keyword_generic,full,1.0,4,1,0.22866693325340748,cpu
1cad0edcf28394c9,keyword_generic,full,0.0,,1,0.2964170416817069,cpu
4415d7498e4966c6,keyword_generic,full,1.0,4,1,0.27933402452617884,cpu
ff34941d66e38fd6,keyword_generic,full,0.0,,1,0.3035829868167639,cpu
a29faa65b890a27a,keyword_generic,full,1.0,4,1,0.3144999500364065,cpu
dba7d2d43ed5ee44,keyword_generic,full,0.0,,1,0.03487500362098217,cpu
c681d048b7367ff1,keyword_generic,full,0.0,,1,0.04008400719612837,cpu
ad0fcc3bf3fbef61,keyword_generic,full,1.0,4,1,0.03762508276849985,cpu
d5b3032e688fb79a,keyword_generic,full,0.0,,1,0.04312500823289156,cpu
ecd1b89c966910d7,keyword_generic,full,1.0,4,1,0.04483305383473635,cpu
2c4a914da374c02a,keyword_generic,full,0.0,,1,0.041874940507113934,cpu
24abdf14f2e5e121,keyword_generic,full,1.0,4,1,0.0552500132471323,cpu
da5a596f3e355384,keyword_generic,full,0.0,,1,0.035415985621511936,cpu
dcd61e49f01f9a80,keyword_generic,full,0.0,,1,0.041041988879442215,cpu
7761a5523f93f142,keyword_generic,full,1.0,4,1,0.047291978262364864,cpu
8ef734137c3ff72b,keyword_generic,full,0.0,,1,0.043958076275885105,cpu
fdac9ccd5e191055,keyword_generic,full,1.0,4,1,0.0452499371021986,cpu
3671ba3d9ddd056f,keyword_generic,full,0.0,,1,0.0362499849870801,cpu
71c59c00519f942d,keyword_generic,full,1.0,4,1,0.055999960750341415,cpu
4c195c0bc14f7759,keyword_generic,full,0.0,,1,0.10324991308152676,cpu
f54516f452171955,keyword_generic,full,0.0,,1,0.08654198609292507,cpu
12d30b474e0f2fc5,keyword_generic,full,0.0,,1,0.12095808051526546,cpu
6795cd23ffed9179,keyword_generic,full,0.0,,1,0.09220803622156382,cpu
22298861ae9ef70a,keyword_generic,full,1.0,4,1,0.09933393448591232,cpu
ee201158cdc9f322,keyword_generic,full,1.0,4,1,0.08062506094574928,cpu
888886768a0e50f3,keyword_generic,full,0.0,,1,0.12066704221069813,cpu
2b21931ecf4b5438,keyword_generic,full,0.0,,1,0.0940409954637289,cpu
786028a3d8e41c48,keyword_generic,full,1.0,4,1,0.11258304584771395,cpu
83ebadef7e388fdb,keyword_generic,full,1.0,4,1,0.10745797771960497,cpu
de0090c4ebcd8b07,keyword_generic,full,0.0,,1,0.13429205864667892,cpu
cde226d82ef02f1e,keyword_generic,full,0.0,,1,0.10029191616922617,cpu
f42529fff9d273d8,keyword_generic,full,1.0,4,1,0.14566699974238873,cpu
3b1a2e0424ea4059,keyword_generic,full,1.0,4,1,0.11237501166760921,cpu
7f51d0db9dbb6801,keyword_generic,full,0.0,,1,0.18791691400110722,cpu
991fc985c463f532,keyword_generic,full,0.0,,1,0.1895419554784894,cpu
883c2ed40bb84a35,keyword_generic,full,1.0,4,1,0.17037498764693737,cpu
3ef30e253fa8afe8,keyword_generic,full,0.0,,1,0.20816700998693705,cpu
c534e40580f0006e,keyword_generic,full,1.0,4,1,0.20220899023115635,cpu
dac49a56fc813bfe,keyword_generic,full,0.0,,1,0.17895898781716824,cpu
f354bb917f4afb48,keyword_generic,full,1.0,4,1,0.23029104340821505,cpu
8a952694f253bfa2,keyword_generic,full,0.0,,1,0.09866699110716581,cpu
61b5f88e11d015f8,keyword_generic,full,0.0,,1,0.10783306788653135,cpu
ed780926da550743,keyword_generic,full,1.0,4,1,0.08987495675683022,cpu
19d84f56b8cf498e,keyword_generic,full,0.0,,1,0.10587507858872414,cpu
a9f56e12f2b8c96b,keyword_generic,full,1.0,4,1,0.11433300096541643,cpu
49956080a2b72ff8,keyword_generic,full,0.0,,1,0.09412493091076612,cpu
7708e827d601c291,keyword_generic,full,1.0,4,1,0.12479093857109547,cpu
c5b0bcb6062c1237,keyword_generic,full,0.0,,1,0.11866702698171139,cpu
6d6ef7b79fe6d901,keyword_generic,full,0.0,,1,0.1302079763263464,cpu
718f7bff15404279,keyword_generic,full,1.0,4,1,0.11016707867383957,cpu
1b59a2f49643a4de,keyword_generic,full,0.0,,1,0.13895798474550247,cpu
4099b7d7d666909c,keyword_generic,full,1.0,4,1,0.12725009582936764,cpu
cf82c2bab3f7c062,keyword_generic,full,0.0,,1,0.12012501247227192,cpu
b8398dd0370a8a04,keyword_generic,full,1.0,4,1,0.16020797193050385,cpu
417dfd1574c2b424,keyword_generic,full,0.0,,1,0.044625019654631615,cpu
d8b7a99923840120,keyword_generic,full,0.0,,1,0.04045793320983648,cpu
154784321937d3d1,keyword_generic,full,0.0,,1,0.054333009757101536,cpu
061e055686d597ee,keyword_generic,full,0.0,,1,0.04249997437000275,cpu
caea286dc19e7447,keyword_generic,full,1.0,4,1,0.04641700070351362,cpu
c331b80a7f60b6bf,keyword_generic,full,1.0,4,1,0.03908306825906038,cpu
c141ffb3829743a7,keyword_generic,full,0.0,,1,0.053750001825392246,cpu
0965d2fa182e43c8,keyword_generic,full,0.0,,1,0.04541699308902025,cpu
6bd8e6b0ff0b8dec,keyword_generic,full,1.0,4,1,0.05425000563263893,cpu
dfae8a85f62acef0,keyword_generic,full,1.0,4,1,0.04687509499490261,cpu
e4d50f668b6754a2,keyword_generic,full,0.0,,1,0.048625050112605095,cpu
e6de7425d5aa1301,keyword_generic,full,0.0,,1,0.03691692836582661,cpu
e41a0d55f5ae8817,keyword_generic,full,1.0,4,1,0.06849993951618671,cpu
b8b0157bdf9018d7,keyword_generic,full,1.0,4,1,0.059999991208314896,cpu
27eb4fb694f7221c,keyword_generic,full,0.0,,1,0.05250005051493645,cpu
1f2e812184d2663f,keyword_generic,full,0.0,,1,0.06154098082333803,cpu
11d9109e949d236f,keyword_generic,full,1.0,4,1,0.052332994528114796,cpu
294aba073cc4640c,keyword_generic,full,0.0,,1,0.06037496495991945,cpu
0cdad9a886f1779f,keyword_generic,full,1.0,4,1,0.07970805745571852,cpu
fd1c8afd316dfea2,keyword_generic,full,0.0,,1,0.05866703577339649,cpu
fe7d41da100db562,keyword_generic,full,1.0,4,1,0.07383304182440042,cpu
b6f952b95549a632,keyword_generic,full,0.0,,1,0.10570802260190248,cpu
50ece9662ae42275,keyword_generic,full,0.0,,1,0.11524988804012537,cpu
28cd60fcdf8645c4,keyword_generic,full,1.0,4,1,0.11070899199694395,cpu
45c20a648cd48a7a,keyword_generic,full,0.0,,1,0.12125005014240742,cpu
474f7e0179061f7a,keyword_generic,full,1.0,4,1,0.11724990326911211,cpu
5c9292ba360c217a,keyword_generic,full,0.0,,1,0.11254206765443087,cpu
fcaee3543bfdd79f,keyword_generic,full,1.0,4,1,0.11924991849809885,cpu
ba10311a73f229a4,keyword_generic,full,0.0,,1,0.038541038520634174,cpu
352d416cd234c8ef,keyword_generic,full,0.0,,1,0.043874955736100674,cpu
984aeb256b997aea,keyword_generic,full,1.0,4,1,0.04575005732476711,cpu
184f68fca36cd3ca,keyword_generic,full,0.0,,1,0.046915956772863865,cpu
21d9113eb165306b,keyword_generic,full,1.0,4,1,0.04858395550400019,cpu
8a1f9f3e8dcf0899,keyword_generic,full,0.0,,1,0.04170800093561411,cpu
7029a3f3cacddf6d,keyword_generic,full,1.0,4,1,0.061583006754517555,cpu
22657de225e2ada5,keyword_generic,full,0.0,,1,0.05350005812942982,cpu
157829d80bdb199a,keyword_generic,full,0.0,,1,0.07808394730091095,cpu
bbf0b8decf22644a,keyword_generic,full,1.0,4,1,0.05462497938424349,cpu
6b486a520ac899a7,keyword_generic,full,0.0,,1,0.06524997297674417,cpu
06e4382c5300e2bd,keyword_generic,full,1.0,4,1,0.060333055444061756,cpu
91575a28ee32c3b4,keyword_generic,full,0.0,,1,0.0540000619366765,cpu
a5d94d863c942e03,keyword_generic,full,1.0,4,1,0.07591606117784977,cpu
719f74b88c137792,keyword_generic,full,0.0,,1,0.19812502432614565,cpu
cd69c68c397d5cb1,keyword_generic,full,0.0,,1,0.1369159435853362,cpu
d9feca1f5c26dc07,keyword_generic,full,1.0,4,1,0.11658307630568743,cpu
7b49228291d8184c,keyword_generic,full,0.0,,1,0.14529109466820955,cpu
963da4b45a053166,keyword_generic,full,1.0,4,1,0.14037499204277992,cpu
2d9030e0ebf2a397,keyword_generic,full,0.0,,1,0.12395798694342375,cpu
50a123a512abd6b5,keyword_generic,full,1.0,4,1,0.17320807091891766,cpu
0c8e8a7553431250,keyword_generic,full,0.0,,1,0.048749963752925396,cpu
25a0049f2d1699b2,keyword_generic,full,0.0,,1,0.053999945521354675,cpu
97d7ecb3a550f69b,keyword_generic,full,1.0,4,1,0.0479590380564332,cpu
71ce7ccc5dd6b978,keyword_generic,full,0.0,,1,0.05662499461323023,cpu
3bafae8e41e2ba1f,keyword_generic,full,1.0,4,1,0.05529192276299,cpu
528c19cdbb5152d7,keyword_generic,full,0.0,,1,0.048749963752925396,cpu
d9499ac0efe8cd12,keyword_generic,full,1.0,4,1,0.065250089392066,cpu
a9a5a7a392e5ca7a,keyword_generic,full,0.0,,1,0.04412501584738493,cpu
ba0dc9d579ba12e1,keyword_generic,full,0.0,,1,0.05641602911055088,cpu
a3936d0df447275b,keyword_generic,full,1.0,4,1,0.04370789974927902,cpu
232716754fc75324,keyword_generic,full,0.0,,1,0.05266699008643627,cpu
aba5d11b31dd1697,keyword_generic,full,1.0,4,1,0.05133391823619604,cpu
7c8a98dbfa5daa38,keyword_generic,full,0.0,,1,0.045042019337415695,cpu
782ccf1451c56ca5,keyword_generic,full,1.0,4,1,0.06187497638165951,cpu
2e1165f47ce9a85a,keyword_generic,full,0.0,,1,0.04083302337676287,cpu
b70c5b1bbd56ea59,keyword_generic,full,0.0,,1,0.04570803139358759,cpu
006709f066901963,keyword_generic,full,1.0,4,1,0.042625004425644875,cpu
bae7295c9559149f,keyword_generic,full,0.0,,1,0.048332964070141315,cpu
d9dcef15292d0f42,keyword_generic,full,1.0,4,1,0.0500410096719861,cpu
57193ed97c447c99,keyword_generic,full,0.0,,1,0.04083302337676287,cpu
4a6a2e1528c48189,keyword_generic,full,1.0,4,1,0.06049999501556158,cpu
138524ccadd67311,keyword_generic,full,0.0,,1,0.23654208052903414,cpu
db0556b73e5f0bf9,keyword_generic,full,0.0,,1,0.26775000151246786,cpu
35f7c85ae0f19812,keyword_generic,full,1.0,4,1,0.21962507162243128,cpu
2a23edd09df5d744,keyword_generic,full,0.0,,1,0.2700409386307001,cpu
c0d51a089cb3017f,keyword_generic,full,1.0,4,1,0.25516701862215996,cpu
443739bdd256fb9f,keyword_generic,full,0.0,,1,0.2408329164609313,cpu
d27ef4cdd024f02a,keyword_generic,full,1.0,4,1,0.3422499867156148,cpu
3707d3bd1a6fc4b9,keyword_generic,full,0.0,,1,0.13566692359745502,cpu
f77c77d8619d528e,keyword_generic,full,0.0,,1,0.1484580570831895,cpu
e43b6de8e231ee73,keyword_generic,full,1.0,4,1,0.13166700955480337,cpu
d0f10d4ce04c74af,keyword_generic,full,0.0,,1,0.15458301641047,cpu
da504d04d97d2768,keyword_generic,full,1.0,4,1,0.14824990648776293,cpu
be44ef4d9c3d94fc,keyword_generic,full,0.0,,1,0.1384160714223981,cpu
d4857444be7bba3a,keyword_generic,full,1.0,4,1,0.16295805107802153,cpu
33f08988ef645cea,keyword_generic,full,1.0,0,1,0.04241697024554014,cpu
0876378d7ef2c66c,keyword_generic,full,1.0,0,1,0.05208293441683054,cpu
6bcf7b4929deb3bb,keyword_generic,full,2.0,0;4,1,0.040958053432404995,cpu
fd46c70ca271b083,keyword_generic,full,1.0,0,1,0.04575005732476711,cpu
121944dbe84242c1,keyword_generic,full,2.0,0;4,1,0.04725006874650717,cpu
02ae7ff31f99b5c6,keyword_generic,full,1.0,0,1,0.03883300814777613,cpu
e70d4213f680c3ba,keyword_generic,full,2.0,0;4,1,0.059458077885210514,cpu
59e583751feed4e2,keyword_generic,full,1.0,0,1,0.03958400338888168,cpu
3f78cad3577f75e7,keyword_generic,full,1.0,0,1,0.043915933929383755,cpu
7c9655827c596a5b,keyword_generic,full,2.0,0;4,1,0.044291955418884754,cpu
3f1461ba894fbca7,keyword_generic,full,1.0,0,1,0.04666694439947605,cpu
736c81db3d6fd63f,keyword_generic,full,2.0,0;4,1,0.04795799031853676,cpu
fed2aaeb961f15f5,keyword_generic,full,1.0,0,1,0.03975001163780689,cpu
05195b58e6699ecd,keyword_generic,full,2.0,0;4,1,0.0600829953327775,cpu
12db448d5046541c,keyword_generic,full,1.0,0,1,0.1051250146701932,cpu
57ad3f991153d53a,keyword_generic,full,1.0,0,1,0.09308394510298967,cpu
c67d1253fd6d3bc0,keyword_generic,full,1.0,0,1,0.1163750421255827,cpu
b4fdfd5cf3f2bc30,keyword_generic,full,1.0,0,1,0.08941697888076305,cpu
bd2f590353d3dd92,keyword_generic,full,2.0,0;4,1,0.10570802260190248,cpu
8b8b2266effb2d54,keyword_generic,full,2.0,0;4,1,0.0813750084489584,cpu
6fe86de6da48d968,keyword_generic,full,1.0,0,1,0.11958391405642033,cpu
21a39ffad0f0a33c,keyword_generic,full,1.0,0,1,0.09450002107769251,cpu
ed43cd3a3682447e,keyword_generic,full,2.0,0;4,1,0.12491701636463404,cpu
90e4fb05b8f6f521,keyword_generic,full,2.0,0;4,1,0.09316590148955584,cpu
d40fa09311e8da5a,keyword_generic,full,1.0,0,1,0.10583410039544106,cpu
2127665529af3847,keyword_generic,full,1.0,0,1,0.08974992670118809,cpu
0c15b01716d80ebf,keyword_generic,full,2.0,0;4,1,0.13858301099389791,cpu
2c7a38a83522d762,keyword_generic,full,2.0,0;4,1,0.10054197628051043,cpu
59c1abb6bcbf2c0a,keyword_generic,full,1.0,0,1,0.16608298756182194,cpu
3e12c5d8ee60cb82,keyword_generic,full,1.0,0,1,0.18691690638661385,cpu
ce2012e29e35fe1a,keyword_generic,full,2.0,0;4,1,0.15570793766528368,cpu
e60f2706fe712ba7,keyword_generic,full,1.0,0,1,0.2007919829338789,cpu
2aea936c8d746ad0,keyword_generic,full,2.0,0;4,1,0.18129206728190184,cpu
f342b67e34b68dc5,keyword_generic,full,1.0,0,1,0.16516703180968761,cpu
1f5ced929d386622,keyword_generic,full,2.0,0;4,1,0.22320891730487347,cpu
bab3ee192d1556ab,keyword_generic,full,1.0,0,1,0.08316594175994396,cpu
8beee36950e70dd2,keyword_generic,full,1.0,0,1,0.0967090018093586,cpu
ddb511e0c67f0102,keyword_generic,full,2.0,0;4,1,0.08045893628150225,cpu
d17b8363f269c236,keyword_generic,full,1.0,0,1,0.10687496978789568,cpu
92bb4d4047a14d8b,keyword_generic,full,2.0,0;4,1,0.09670807048678398,cpu
7dc4c6c718afaa0a,keyword_generic,full,1.0,0,1,0.09045901242643595,cpu
eca8990675dde86a,keyword_generic,full,2.0,0;4,1,0.1140419626608491,cpu
253b790507435976,keyword_generic,full,1.0,0,1,0.10924995876848698,cpu
e7d2476235ab0072,keyword_generic,full,1.0,0,1,0.12429093476384878,cpu
5bd850e181a46b38,keyword_generic,full,2.0,0;4,1,0.11120899580419064,cpu
72863cae1223c50a,keyword_generic,full,1.0,0,1,0.12937502469867468,cpu
2a4de8a9f5e604d7,keyword_generic,full,2.0,0;4,1,0.11741695925593376,cpu
73a990957a6e8e6c,keyword_generic,full,1.0,0,1,0.12275006156414747,cpu
25e3137dffb9945a,keyword_generic,full,2.0,0;4,1,0.1462079817429185,cpu
81ae3a17b0120738,keyword_generic,full,1.0,0,1,0.05129107739776373,cpu
6eaffd8abdfc7943,keyword_generic,full,1.0,0,1,0.03879109863191843,cpu
9002c8cc921d4d2a,keyword_generic,full,1.0,0,1,0.05050003528594971,cpu
59df93f425f8e006,keyword_generic,full,1.0,0,1,0.04425004590302706,cpu
f300dc2a7fb8a33d,keyword_generic,full,2.0,0;4,1,0.05495804361999035,cpu
e239e36f1eea2d78,keyword_generic,full,2.0,0;4,1,0.04079192876815796,cpu
d5e189e30ddb2200,keyword_generic,full,1.0,0,1,0.05254102870821953,cpu
d981bccc69a4dcd6,keyword_generic,full,1.0,0,1,0.050208065658807755,cpu
1216b1e7a91eb548,keyword_generic,full,2.0,0;4,1,0.054709031246602535,cpu
9ed776dbf4fe215e,keyword_generic,full,2.0,0;4,1,0.04754203837364912,cpu
98f1b76f0b8d93cb,keyword_generic,full,1.0,0,1,0.049875001423060894,cpu
25f3d487264a252d,keyword_generic,full,1.0,0,1,0.04187505692243576,cpu
3135cfcc69886739,keyword_generic,full,2.0,0;4,1,0.06383296567946672,cpu
5e12b2ffae6d5cf3,keyword_generic,full,2.0,0;4,1,0.05683302879333496,cpu
06b74c6c4c7c037c,keyword_generic,full,1.0,0,1,0.05266699008643627,cpu
bf701ae3c3bfe793,keyword_generic,full,1.0,0,1,0.057333032600581646,cpu
a121c945f138a0d1,keyword_generic,full,2.0,0;4,1,0.05637493450194597,cpu
0b811cf7f6e1db8f,keyword_generic,full,1.0,0,1,0.0752920750528574,cpu
b8fc9a565dde6cb7,keyword_generic,full,2.0,0;4,1,0.06891705561429262,cpu
170796405cf395b9,keyword_generic,full,1.0,0,1,0.05437491927295923,cpu
47736fb1632a7de8,keyword_generic,full,2.0,0;4,1,0.07520802319049835,cpu
777c48a187699334,keyword_generic,full,1.0,0,1,0.12025004252791405,cpu
4d0e0ecf442a8367,keyword_generic,full,1.0,0,1,0.1218749675899744,cpu
4820538cd8c1002f,keyword_generic,full,2.0,0;4,1,0.10333408135920763,cpu
0c8a2439e90145d0,keyword_generic,full,1.0,0,1,0.11766597162932158,cpu
aacf1ec90bc64883,keyword_generic,full,2.0,0;4,1,0.11800008360296488,cpu
4a4ceb48f535b688,keyword_generic,full,1.0,0,1,0.11262495536357164,cpu
b838039c058e6dac,keyword_generic,full,2.0,0;4,1,0.12745801359415054,cpu
f81d3e1f7d0231a6,keyword_generic,full,1.0,0,1,0.04208402242511511,cpu
af19447cb3d313fc,keyword_generic,full,1.0,0,1,0.045042019337415695,cpu
e086bfc7fefe8ed7,keyword_generic,full,2.0,0;4,1,0.04312500823289156,cpu
176538056b02fcc4,keyword_generic,full,1.0,0,1,0.04700000863522291,cpu
60cdd139ad7d5699,keyword_generic,full,2.0,0;4,1,0.04929106216877699,cpu
22d3b8736bc02da8,keyword_generic,full,1.0,0,1,0.0402920413762331,cpu
cb9875e60cef371c,keyword_generic,full,2.0,0;4,1,0.05800009239464998,cpu
6c39fc2e9114cad5,keyword_generic,full,1.0,0,1,0.051875016652047634,cpu
97854b641d745993,keyword_generic,full,1.0,0,1,0.05591695662587881,cpu
681d38e1512d9c4a,keyword_generic,full,2.0,0;4,1,0.0577080063521862,cpu
7f582c44d6156bfe,keyword_generic,full,1.0,0,1,0.058458070270717144,cpu
74330da0679f33dd,keyword_generic,full,2.0,0;4,1,0.05729100666940212,cpu
abc78578c48a9628,keyword_generic,full,1.0,0,1,0.051875016652047634,cpu
6948c3fb57b9e15e,keyword_generic,full,2.0,0;4,1,0.06654206663370132,cpu
96c835c6fe572903,keyword_generic,full,1.0,0,1,0.12079207226634026,cpu
965ea84cdf0501fd,keyword_generic,full,1.0,0,1,0.13379205483943224,cpu
91c1f4388d816fe2,keyword_generic,full,2.0,0;4,1,0.11395791079849005,cpu
74a23a20c4336c85,keyword_generic,full,1.0,0,1,0.14841696247458458,cpu
29b5e95c890212e0,keyword_generic,full,2.0,0;4,1,0.13325002510100603,cpu
e87f45d16894972a,keyword_generic,full,1.0,0,1,0.12320792302489281,cpu
ef87a288ea2f163e,keyword_generic,full,2.0,0;4,1,0.15466695185750723,cpu
4e60ce956fdfd4dd,keyword_generic,full,1.0,0,1,0.0677080824971199,cpu
6bb7eae9be40e5b2,keyword_generic,full,1.0,0,1,0.06104097701609135,cpu
5740a616452921f7,keyword_generic,full,2.0,0;4,1,0.054709031246602535,cpu
04e34a134aea12f4,keyword_generic,full,1.0,0,1,0.06037496495991945,cpu
565879a721f7adf8,keyword_generic,full,2.0,0;4,1,0.06016704719513655,cpu
69c4be2cb954c8b4,keyword_generic,full,1.0,0,1,0.05691696424037218,cpu
58ea6f19159ef488,keyword_generic,full,2.0,0;4,1,0.06904196925461292,cpu
6a831a35ea57c291,keyword_generic,full,1.0,0,1,0.05937507376074791,cpu
4232f113b5d1639a,keyword_generic,full,1.0,0,1,0.056750024668872356,cpu
1b168940ce003031,keyword_generic,full,2.0,0;4,1,0.05116697866469622,cpu
6347fba62501e877,keyword_generic,full,1.0,0,1,0.058959005400538445,cpu
0e70c720df04fc00,keyword_generic,full,2.0,0;4,1,0.05408399738371372,cpu
58d2a81cd3bdd61c,keyword_generic,full,1.0,0,1,0.0516669824719429,cpu
662c3e45d9f916b1,keyword_generic,full,2.0,0;4,1,0.06850005593150854,cpu
5852c14d9e627699,keyword_generic,full,1.0,0,1,0.04725006874650717,cpu
d04796fe9d5cc18e,keyword_generic,full,1.0,0,1,0.05308294203132391,cpu
6275f865370b7144,keyword_generic,full,2.0,0;4,1,0.048749963752925396,cpu
f5d115705d3f70b0,keyword_generic,full,1.0,0,1,0.06150000263005495,cpu
0c3ee209ea5a438d,keyword_generic,full,2.0,0;4,1,0.06108300294727087,cpu
efde18bf919e039d,keyword_generic,full,1.0,0,1,0.046708970330655575,cpu
ea3e696f49b4dcd3,keyword_generic,full,2.0,0;4,1,0.06799993570894003,cpu
e0b3ba064b4620cf,keyword_generic,full,1.0,0,1,0.24550000671297312,cpu
6a091433fcc7a1e1,keyword_generic,full,1.0,0,1,0.26679097209125757,cpu
496a2adb437c229e,keyword_generic,full,2.0,0;4,1,0.22787495981901884,cpu
93b384d4575c7bcd,keyword_generic,full,1.0,0,1,0.27754204347729683,cpu
a374af3fb260c489,keyword_generic,full,2.0,0;4,1,0.249417033046484,cpu
45d61c78e32a52e0,keyword_generic,full,1.0,0,1,0.25529100093990564,cpu
cce0a9bb1ad4ed1b,keyword_generic,full,2.0,0;4,1,0.28416700661182404,cpu
99fb60168af68452,keyword_generic,full,1.0,0,1,0.13458298053592443,cpu
da66778344e5bb70,keyword_generic,full,1.0,0,1,0.1437920145690441,cpu
4735841529eed165,keyword_generic,full,2.0,0;4,1,0.12329197488725185,cpu
5e132de5965bea5f,keyword_generic,full,1.0,0,1,0.14825002290308475,cpu
34d942fdfcf8f186,keyword_generic,full,2.0,0;4,1,0.13341696467250586,cpu
4eaf5374c8c20f24,keyword_generic,full,1.0,0,1,0.13887498062103987,cpu
5574a003f59affb7,keyword_generic,full,2.0,0;4,1,0.15354109928011894,cpu
f3427093dde5f560,keyword_generic,full,0.0,,1,0.03591692075133324,cpu
aa095e6670dc26c8,keyword_generic,full,0.0,,1,0.03866699989885092,cpu
00f940e5c38588f6,keyword_generic,full,1.0,4,1,0.03587501123547554,cpu
fb642354734a336a,keyword_generic,full,0.0,,1,0.0415419926866889,cpu
f85130f54be071ef,keyword_generic,full,1.0,4,1,0.046625034883618355,cpu
990af116bb40d293,keyword_generic,full,0.0,,1,0.03366696182638407,cpu
8478ff10dec83706,keyword_generic,full,1.0,4,1,0.054958974942564964,cpu
e89b6349a6191ee9,keyword_generic,full,0.0,,1,0.03429094795137644,cpu
bec463510d3d1d54,keyword_generic,full,0.0,,1,0.0422910088673234,cpu
10025aa6c1ad7eff,keyword_generic,full,1.0,4,1,0.03716698847711086,cpu
c5d854d1a72a59da,keyword_generic,full,0.0,,1,0.04291697405278683,cpu
f0441d70e2f670a7,keyword_generic,full,1.0,4,1,0.06270897574722767,cpu
a12331705c6aca53,keyword_generic,full,0.0,,1,0.03887491766363382,cpu
c622a35b1c9d4588,keyword_generic,full,1.0,4,1,0.06362493149936199,cpu
bff0f600aa8289ef,keyword_generic,full,0.0,,1,0.10829197708517313,cpu
7b9eb2e0e14a24a6,keyword_generic,full,0.0,,1,0.09891600348055363,cpu
e69e718da2fb56ea,keyword_generic,full,0.0,,1,0.18470804207026958,cpu
e6d77a897be024b4,keyword_generic,full,0.0,,1,0.08820800576359034,cpu
1890eae908f0f7a1,keyword_generic,full,1.0,4,1,0.09312503971159458,cpu
842b4898376bfb3a,keyword_generic,full,1.0,4,1,0.08645805064588785,cpu
a2ed9dd9f9627da9,keyword_generic,full,0.0,,1,0.11904200073331594,cpu
a78ae6a3022374f8,keyword_generic,full,0.0,,1,0.09012501686811447,cpu
dce7cc77a2a7b61e,keyword_generic,full,1.0,4,1,0.10533409658819437,cpu
dbedbfe2cefc0c42,keyword_generic,full,1.0,4,1,0.08383393287658691,cpu
fe1de34aeaa21ca4,keyword_generic,full,0.0,,1,0.0974580179899931,cpu
f669c49c4897d4f1,keyword_generic,full,0.0,,1,0.0910409726202488,cpu
5a683437e4548946,keyword_generic,full,1.0,4,1,0.1265419414266944,cpu
6e7c5c6103910e45,keyword_generic,full,1.0,4,1,0.09479199070483446,cpu
55db7c7ab2be0acf,keyword_generic,full,0.0,,1,0.14054204802960157,cpu
250ed441e696e660,keyword_generic,full,0.0,,1,0.16208295710384846,cpu
ab36081f4187f0ce,keyword_generic,full,1.0,4,1,0.13704202137887478,cpu
7b08f106f19ce2e3,keyword_generic,full,0.0,,1,0.1736249541863799,cpu
92513928cc355e19,keyword_generic,full,1.0,4,1,0.1692500663921237,cpu
c5b63a2cf7f28706,keyword_generic,full,0.0,,1,0.14533300418406725,cpu
8915340af05bcd6e,keyword_generic,full,1.0,4,1,0.1995839411392808,cpu
95e79449768c7eb6,keyword_generic,full,0.0,,1,0.0713749323040247,cpu
ebffc041a301b612,keyword_generic,full,0.0,,1,0.08179200813174248,cpu
4580d4ac2736bd70,keyword_generic,full,1.0,4,1,0.07187505252659321,cpu
e43d1ff98d54853d,keyword_generic,full,0.0,,1,0.08829100988805294,cpu
04378a744eb34d2b,keyword_generic,full,1.0,4,1,0.08462497498840094,cpu
fb8e37bf6181e535,keyword_generic,full,0.0,,1,0.0790000194683671,cpu
679a46a96ba36be7,keyword_generic,full,1.0,4,1,0.10449998080730438,cpu
094d0cd62fc6a62f,keyword_generic,full,0.0,,1,0.10770803783088923,cpu
a0bc99ad56e30b56,keyword_generic,full,0.0,,1,0.1117499778047204,cpu
113e90a12dca27ec,keyword_generic,full,1.0,4,1,0.1015419838950038,cpu
1a777bbac13e35c3,keyword_generic,full,0.0,,1,0.11695805005729198,cpu
ee407e1dd1b2dfe9,keyword_generic,full,1.0,4,1,0.10958302300423384,cpu
bc97c3424d37c2ed,keyword_generic,full,0.0,,1,0.10225002188235521,cpu
3b0174ecda343bc1,keyword_generic,full,1.0,4,1,0.12800004333257675,cpu
f5bd1283357dc0ba,keyword_generic,full,0.0,,1,0.036624958738684654,cpu
870c94012e887dee,keyword_generic,full,0.0,,1,0.03658398054540157,cpu
81927d0780f0f046,keyword_generic,full,0.0,,1,0.049208989366889,cpu
5d6f58797a6350c4,keyword_generic,full,0.0,,1,0.03562506753951311,cpu
3926444d476735c9,keyword_generic,full,1.0,4,1,0.03991695120930672,cpu
5b2c565cb7415d58,keyword_generic,full,1.0,4,1,0.03329210449010134,cpu
a135a6bac51e8907,keyword_generic,full,0.0,,1,0.045208027586340904,cpu
458cc832cbddcf6f,keyword_generic,full,0.0,,1,0.038707978092134,cpu
dfe097e80d1a6c8f,keyword_generic,full,1.0,4,1,0.04737498238682747,cpu
3b114d4ed4de8358,keyword_generic,full,1.0,4,1,0.040917075239121914,cpu
a5f0b1e1a55a86c5,keyword_generic,full,0.0,,1,0.03808306064456701,cpu
3edb6f2d3b3092d6,keyword_generic,full,0.0,,1,0.03129197284579277,cpu
f9acaebeb6484dd6,keyword_generic,full,1.0,4,1,0.05779101047664881,cpu
9245c9ef21bedaf7,keyword_generic,full,1.0,4,1,0.05141599103808403,cpu
e90afbbdaf76d923,keyword_generic,full,0.0,,1,0.04600000102072954,cpu
d10c1f3d858776d2,keyword_generic,full,0.0,,1,0.05112506914883852,cpu
a9e61c503c07f37d,keyword_generic,full,1.0,4,1,0.04950002767145634,cpu
8290c4ab0a6a188d,keyword_generic,full,0.0,,1,0.053958967328071594,cpu
3ee19b3452975695,keyword_generic,full,1.0,4,1,0.05612499080598354,cpu
01b373946fed0209,keyword_generic,full,0.0,,1,0.04691607318818569,cpu
ecc0efee77f94f8a,keyword_generic,full,1.0,4,1,0.06374996155500412,cpu
513e896054c59923,keyword_generic,full,0.0,,1,0.09720795787870884,cpu
ba2e94e728391e56,keyword_generic,full,0.0,,1,0.1033339649438858,cpu
07ed924bcff1ddec,keyword_generic,full,1.0,4,1,0.08954200893640518,cpu
616d1a6836f38c74,keyword_generic,full,0.0,,1,0.1354999840259552,cpu
8cf36922d4983de6,keyword_generic,full,1.0,4,1,0.11345802340656519,cpu
db82c34e08fe90e7,keyword_generic,full,0.0,,1,0.10820897296071053,cpu
bbff072444b4d336,keyword_generic,full,1.0,4,1,0.12587499804794788,cpu
4bba2bedc6ddcaad,keyword_generic,full,0.0,,1,0.03424996975809336,cpu
a3fa7251c6cb101e,keyword_generic,full,0.0,,1,0.038958038203418255,cpu
fe32c3bda368088b,keyword_generic,full,1.0,4,1,0.0362499849870801,cpu
1fdd0e7cb3e1f850,keyword_generic,full,0.0,,1,0.041499966755509377,cpu
00ea1b1677c2f706,keyword_generic,full,1.0,4,1,0.04341593012213707,cpu
c094043d94d59239,keyword_generic,full,0.0,,1,0.03366696182638407,cpu
087ea420b62d6cdb,keyword_generic,full,1.0,4,1,0.05383405368775129,cpu
e6b70496dabdb678,keyword_generic,full,0.0,,1,0.047625042498111725,cpu
ae4791e021e74d9a,keyword_generic,full,0.0,,1,0.052332994528114796,cpu
57ded79267abe960,keyword_generic,full,1.0,4,1,0.046874978579580784,cpu
cd27bb8f07d391dd,keyword_generic,full,0.0,,1,0.05529192276299,cpu
2dd5247a3a559c6e,keyword_generic,full,1.0,4,1,0.05420797970145941,cpu
43c35d53bdbb6501,keyword_generic,full,0.0,,1,0.04783296026289463,cpu
65f82d1980674f57,keyword_generic,full,1.0,4,1,0.06450002547353506,cpu
2adee6868c6c31f8,keyword_generic,full,0.0,,1,0.1105419360101223,cpu
78abd3041cfbfb67,keyword_generic,full,0.0,,1,0.1252919901162386,cpu
298355cfd71dff9b,keyword_generic,full,1.0,4,1,0.1075830077752471,cpu
53528f7da0ceea11,keyword_generic,full,0.0,,1,0.13420800678431988,cpu
1ccf079fcbc8b623,keyword_generic,full,1.0,4,1,0.12633309233933687,cpu
2de1467099f415cd,keyword_generic,full,0.0,,1,0.11250004172325134,cpu
064bf935cde6ae4c,keyword_generic,full,1.0,4,1,0.15462504234164953,cpu
a45dbdc189fe6106,keyword_generic,full,0.0,,1,0.045291963033378124,cpu
a4e28595aa3d2192,keyword_generic,full,0.0,,1,0.05037500523030758,cpu
bfc978993c12e06e,keyword_generic,full,1.0,4,1,0.04449998959898949,cpu
fd6a5e859c002dee,keyword_generic,full,0.0,,1,0.05308294203132391,cpu
8a9af7140d71cbac,keyword_generic,full,1.0,4,1,0.05229096859693527,cpu
b7eac9da4ca733b0,keyword_generic,full,0.0,,1,0.045915949158370495,cpu
52bd11ec5a2ed1ee,keyword_generic,full,1.0,4,1,0.06258406210690737,cpu
6569e942ac8683aa,keyword_generic,full,0.0,,1,0.04045793320983648,cpu
0f056fa710ec542c,keyword_generic,full,0.0,,1,0.04558300133794546,cpu
383097919ff0bc64,keyword_generic,full,1.0,4,1,0.04066701512783766,cpu
2ec2fee1b1395eca,keyword_generic,full,0.0,,1,0.04924996756017208,cpu
e035562b23150ccc,keyword_generic,full,1.0,4,1,0.04816707223653793,cpu
785d1e5fb1a92354,keyword_generic,full,0.0,,1,0.04158297087997198,cpu
26279fd54abc711d,keyword_generic,full,1.0,4,1,0.058415927924215794,cpu
05a5b40a66751412,keyword_generic,full,0.0,,1,0.037375022657215595,cpu
1cf2c93c0f5acd81,keyword_generic,full,0.0,,1,0.052749994210898876,cpu
480dad9098498532,keyword_generic,full,1.0,4,1,0.039624981582164764,cpu
d28ef2170a51dd02,keyword_generic,full,0.0,,1,0.045082997530698776,cpu
4cdfd8dd21f4f0e1,keyword_generic,full,1.0,4,1,0.04700000863522291,cpu
ee150fa3e5113263,keyword_generic,full,0.0,,1,0.03754196222871542,cpu
d714b6e4a0c2f1fd,keyword_generic,full,1.0,4,1,0.05758402403444052,cpu
be753337606d95a0,keyword_generic,full,0.0,,1,0.2228330122306943,cpu
d725f872b2da18d9,keyword_generic,full,0.0,,1,0.24395796936005354,cpu
95b47efab68cfc4a,keyword_generic,full,1.0,4,1,0.20825001411139965,cpu
0e097a0e45519433,keyword_generic,full,0.0,,1,0.257750041782856,cpu
c0937a1b68be7db5,keyword_generic,full,1.0,4,1,0.2375830663368106,cpu
91e258a77a17c820,keyword_generic,full,0.0,,1,0.22562500089406967,cpu
102c7ba5cc64ae15,keyword_generic,full,1.0,4,1,0.2692500129342079,cpu
f59262ba66874f44,keyword_generic,full,0.0,,1,0.1213329378515482,cpu
43042162e3e4f6ec,keyword_generic,full,0.0,,1,0.13862503692507744,cpu
cd64366ebb7c5328,keyword_generic,full,1.0,4,1,0.11370901484042406,cpu
364fe397315bf9f2,keyword_generic,full,0.0,,1,0.13770803343504667,cpu
61cca57f58698462,keyword_generic,full,1.0,4,1,0.12700003571808338,cpu
55ca6eba248ac8ab,keyword_generic,full,0.0,,1,0.12287497520446777,cpu
dd4b4b3741828187,keyword_generic,full,1.0,4,1,0.14658295549452305,cpu
82186a951d674959,keyword_generic,full,0.0,,1,0.020833918824791908,cpu
ccf0e9073f07948a,keyword_generic,full,0.0,,1,0.025833025574684143,cpu
215689bc6d87ad20,keyword_generic,full,0.0,,1,0.09041698649525642,cpu
3571b8666e9b81b5,keyword_generic,full,0.0,,1,0.07850001566112041,cpu
99dafc25d090122f,keyword_generic,full,0.0,,1,0.11391600128263235,cpu
0a110c259251d0aa,keyword_generic,full,0.0,,1,0.0568340765312314,cpu
df87de2b8153d5b8,keyword_generic,full,0.0,,1,0.09095796849578619,cpu
7cf5901d20a138f3,keyword_generic,full,0.0,,1,0.03145902883261442,cpu
f7afd3499620b568,keyword_generic,full,0.0,,1,0.027250032871961594,cpu
0701ddd7eea55dfe,keyword_generic,full,0.0,,1,0.03987504169344902,cpu
bcc0305b872db514,keyword_generic,full,0.0,,1,0.0914169941097498,cpu
e5a3282e2f5a654e,keyword_generic,full,0.0,,1,0.02829195000231266,cpu
4463e5a3de95904c,keyword_generic,full,0.0,,1,0.04308403003960848,cpu
0c907f6f51864495,keyword_generic,full,0.0,,1,0.09683298412710428,cpu
5dcfcf28780002eb,keyword_generic,full,0.0,,1,0.037082936614751816,cpu
bb5b6de6c581a229,keyword_generic,full,0.0,,1,0.03599992487579584,cpu
707f40d081a0a1f0,keyword_generic,full,0.0,,1,0.02845795825123787,cpu
b57fb94dd12e27ce,keyword_generic,full,0.0,,1,0.20054192282259464,cpu
3206ced43a0f1465,keyword_generic,full,0.0,,1,0.1176249934360385,cpu
c9bbba16a0052041,keyword_generic,full,0.0,,1,0.07133407052606344,cpu
fba4a06f1d270987,keyword_generic,full,0.0,,1,0.005958019755780697,cpu
2b09ca75b97961ec,keyword_generic,full,1.0,4,1,0.06304099224507809,cpu
8885b98de7c138a1,keyword_generic,full,0.0,,1,0.07399998139590025,cpu
2a80fd04c78bde54,keyword_generic,full,0.0,,1,0.06520806346088648,cpu
f3b1560254777851,keyword_generic,full,0.0,,1,0.059333047829568386,cpu
7eac498ca4743738,keyword_generic,full,1.0,4,1,0.059416983276605606,cpu
c146f4ca59d2a7bb,keyword_generic,full,1.0,4,1,0.06429199129343033,cpu
c29705b42f076bb8,keyword_generic,full,1.0,7,1,0.04558300133794546,cpu
987050f9fa0bffbb,keyword_generic,full,0.0,,1,0.06687501445412636,cpu
1650388f8f43fa37,keyword_generic,full,0.0,,1,0.13020902406424284,cpu
1bdd2e4feb6232a9,keyword_generic,full,1.0,4,1,0.12041593436151743,cpu
57709cc727934134,keyword_generic,full,0.0,,1,0.12391607742756605,cpu
e9ac9dfa7da2a6e7,keyword_generic,full,0.0,,1,0.12216600589454174,cpu
bed89e44ffcbd179,keyword_generic,full,0.0,,1,0.11604197788983583,cpu
e07e9bd3a58bbb72,keyword_generic,full,1.0,4,1,0.11054100468754768,cpu
6d6fc3b33ec57ac8,keyword_generic,full,0.0,,1,0.12008403427898884,cpu
20022bd3d968f4b3,keyword_generic,full,1.0,7,1,0.10166701395064592,cpu
65362b7b015bb5a5,keyword_generic,full,0.0,,1,0.12662506196647882,cpu
d460f10c5a58e993,keyword_generic,full,0.0,,1,0.0842090230435133,cpu
377cb8c89223bfc5,keyword_generic,full,0.0,,1,0.029458082281053066,cpu
a5da9e6a333464ed,keyword_generic,full,0.0,,1,0.005332985892891884,cpu
330ca2e3a5b3f7af,keyword_generic,full,1.0,4,1,0.0760830007493496,cpu
99a81e092497084c,keyword_generic,full,0.0,,1,0.08320808410644531,cpu
a2060c3ca45a3eb6,keyword_generic,full,0.0,,1,0.07833307608962059,cpu
a85cbbca3361a9ca,keyword_generic,full,0.0,,1,0.07145805284380913,cpu
3f41c9d68d314657,keyword_generic,full,1.0,4,1,0.06633298471570015,cpu
a353fce5c921dc2e,keyword_generic,full,1.0,4,1,0.0760830007493496,cpu
6db0617c04013331,keyword_generic,full,1.0,7,1,0.06079103332012892,cpu
35f6f71f65c3407b,keyword_generic,full,0.0,,1,0.0879999715834856,cpu
e9353f20aea94069,keyword_generic,full,0.0,,1,0.0076249707490205765,cpu
653893a3e7b9c80a,keyword_generic,full,0.0,,1,0.006958027370274067,cpu
8456c00d0d9da328,keyword_generic,full,0.0,,1,0.005999929271638393,cpu
4c57ffbb263487d3,keyword_generic,full,0.0,,1,0.007417052984237671,cpu
0c00852c495d5ead,keyword_generic,full,0.0,,1,0.006292015314102173,cpu
4c7f8bf5e9711235,keyword_generic,full,0.0,,1,0.0902919564396143,cpu
8c5e04a61248eb0b,keyword_generic,full,0.0,,1,0.012917094863951206,cpu
c501e39e2dc2fcaa,keyword_generic,full,1.0,4,1,0.08162495214492083,cpu
fee39a0707c139ab,keyword_generic,full,0.0,,1,0.12754194904118776,cpu
913334ec6d724b70,keyword_generic,full,0.0,,1,0.16420800238847733,cpu
4d99bfcf18439753,keyword_generic,full,0.0,,1,0.15708396676927805,cpu
8c5a0a856f042a5f,keyword_generic,full,1.0,4,1,0.12437498662620783,cpu
39f404ff1d0349ad,keyword_generic,full,1.0,4,1,0.07770804222673178,cpu
1a162da889b87e28,keyword_generic,full,1.0,7,1,0.06237498018890619,cpu
52b7aa094862d6c8,keyword_generic,full,0.0,,1,0.0815829262137413,cpu
77fef951a3615242,keyword_generic,full,1.0,7,1,0.0034170225262641907,cpu
cc545fffafac7816,keyword_generic,full,0.0,,1,0.011333031579852104,cpu
3825c6f2e536e1c6,keyword_generic,full,0.0,,1,0.10966707486659288,cpu
5bcba55e7c6a1ed4,keyword_generic,full,1.0,4,1,0.09416695684194565,cpu
afac40f6e0f8766d,keyword_generic,full,0.0,,1,0.1057089539244771,cpu
cb275c65f4ea43de,keyword_generic,full,0.0,,1,0.1039580674842,cpu
1e24a1d41c6344f7,keyword_generic,full,0.0,,1,0.0991250853985548,cpu
8e12f21a1a5f464c,keyword_generic,full,1.0,4,1,0.08616701234132051,cpu
db06742d062500ee,keyword_generic,full,1.0,4,1,0.12958399020135403,cpu
f83c4c83b6fd14cb,keyword_generic,full,1.0,7,1,0.0705840066075325,cpu
1495e4ce0881e8a7,keyword_generic,full,0.0,,1,0.1140000531449914,cpu
b5a5dc09559075a8,keyword_generic,full,0.0,,1,0.1758750295266509,cpu
0e9873fa87fe9589,keyword_generic,full,0.0,,1,0.1706249313428998,cpu
210b80afde1e073d,keyword_generic,full,0.0,,1,0.16733305528759956,cpu
eac9ac4190e92e22,keyword_generic,full,0.0,,1,0.17137499526143074,cpu
007ff4210989bb3c,keyword_generic,full,0.0,,1,0.2020419342443347,cpu
ede7a719fa0e86cb,keyword_generic,full,1.0,4,1,0.15424995217472315,cpu
3e25b347ec8e3a46,keyword_generic,full,0.0,,1,0.18458289559930563,cpu
b2ec3e43e4db0324,keyword_generic,full,1.0,7,1,0.12158299796283245,cpu
f1802a3fbf63a861,keyword_generic,full,0.0,,1,0.15974999405443668,cpu
6e2948a3c702442b,keyword_generic,full,0.0,,1,0.1117499778047204,cpu
4487760c126c62ac,keyword_generic,full,1.0,4,1,0.09383296128362417,cpu
e3a31de729eb1486,keyword_generic,full,0.0,,1,0.100292032584548,cpu
a7c9919f43d3e026,keyword_generic,full,0.0,,1,0.09891705121845007,cpu
3895e00139919fae,keyword_generic,full,0.0,,1,0.090167042799294,cpu
b64d03fdc47995d4,keyword_generic,full,1.0,4,1,0.08245802018791437,cpu
8254a79ea12f5808,keyword_generic,full,1.0,4,1,0.11362496297806501,cpu
c4974e19e781815a,keyword_generic,full,1.0,7,1,0.07062498480081558,cpu
fcc09e1f24714f02,keyword_generic,full,0.0,,1,0.1074580941349268,cpu
b5fb8022c507df90,keyword_generic,full,0.0,,1,0.10341696906834841,cpu
a9bac8de2c39598c,keyword_generic,full,1.0,4,1,0.09266601409763098,cpu
79901140470446fa,keyword_generic,full,0.0,,1,0.10137492790818214,cpu
c7f7122e3a674cc1,keyword_generic,full,0.0,,1,0.10012497659772635,cpu
c0a295af5b379afe,keyword_generic,full,0.0,,1,0.0915419077500701,cpu
befae1955ff4bac2,keyword_generic,full,1.0,4,1,0.08945807348936796,cpu
cefd248e459090ec,keyword_generic,full,1.0,4,1,0.11575000826269388,cpu
1d0f468239121b7b,keyword_generic,full,1.0,7,1,0.07270800415426493,cpu
68f0d282ffe3b44d,keyword_generic,full,0.0,,1,0.110417022369802,cpu
a0660774fcc364f9,keyword_generic,full,0.0,,1,0.04412501584738493,cpu
5bf17639b998fb08,keyword_generic,full,1.0,4,1,0.037416000850498676,cpu
ac184f02c3081f53,keyword_generic,full,0.0,,1,0.03954197745770216,cpu
ed6a87405d1e9da2,keyword_generic,full,0.0,,1,0.03787502646446228,cpu
e8bacb9284b81a53,keyword_generic,full,0.0,,1,0.0321660190820694,cpu
7b875ee44b583bf1,keyword_generic,full,1.0,4,1,0.028209062293171883,cpu
6d300d65228560b0,keyword_generic,full,1.0,4,1,0.03245903644710779,cpu
1bb27c747895b6f6,keyword_generic,full,1.0,7,1,0.02050003968179226,cpu
88ac73ef28ee2b5b,keyword_generic,full,0.0,,1,0.04000007174909115,cpu
4c1b98250d02d48f,keyword_generic,full,0.0,,1,0.09712495375424623,cpu
762f0dab802b454d,keyword_generic,full,0.0,,1,0.09475008118897676,cpu
ea19a79deae75e6e,keyword_generic,full,0.0,,1,0.09191699791699648,cpu
c566338f86f46371,keyword_generic,full,0.0,,1,0.09012501686811447,cpu
daadba1dd122df4a,keyword_generic,full,0.0,,1,0.08583406452089548,cpu
6ae2cd672520fadd,keyword_generic,full,0.0,,1,0.08420797530561686,cpu
3785bf8bf13e53d6,keyword_generic,full,0.0,,1,0.0890839146450162,cpu
561a55bdd5f20ef2,keyword_generic,full,1.0,7,1,0.0737080117687583,cpu
a602c86e8d492f01,keyword_generic,full,0.0,,1,0.09204098023474216,cpu
b44df65b71740715,keyword_generic,full,0.0,,1,0.04908395931124687,cpu
a2261b4e60471c81,keyword_generic,full,1.0,4,1,0.04358298610895872,cpu
c3c625547c2658f1,keyword_generic,full,0.0,,1,0.04583399277180433,cpu
c6731704331bba2f,keyword_generic,full,0.0,,1,0.04470802377909422,cpu
aec17a57122affcf,keyword_generic,full,0.0,,1,0.0391670037060976,cpu
ece3706bf6fba7b2,keyword_generic,full,1.0,4,1,0.034958007745444775,cpu
fd04905c6b9398a2,keyword_generic,full,1.0,4,1,0.03941694740206003,cpu
e788340c0d2a18e3,keyword_generic,full,1.0,7,1,0.02729194238781929,cpu
65301727f921700f,keyword_generic,full,0.0,,1,0.046792090870440006,cpu
aa9d1fcbdfbbef09,keyword_generic,full,0.0,,1,0.049083027988672256,cpu
501b836edc21cdb3,keyword_generic,full,1.0,4,1,0.04424992948770523,cpu
8e258fa882412432,keyword_generic,full,0.0,,1,0.047208042815327644,cpu
0f4d05b1eef40891,keyword_generic,full,0.0,,1,0.046083005145192146,cpu
a329d7094ed5eba3,keyword_generic,full,0.0,,1,0.04008400719612837,cpu
423077e537cac8d5,keyword_generic,full,1.0,4,1,0.03616698086261749,cpu
35d80f9d7406d2a6,keyword_generic,full,1.0,4,1,0.04066701512783766,cpu
418cf59f736bc1a3,keyword_generic,full,1.0,7,1,0.028499984182417393,cpu
f7370a9bc8dcb348,keyword_generic,full,0.0,,1,0.048291985876858234,cpu
2c1994ce5d151fe1,keyword_generic,full,1.0,0,1,0.042500090785324574,cpu
67acc46b6a50ea3a,keyword_generic,full,2.0,0;4,1,0.037375022657215595,cpu
f0b04e7d54f0d2f8,keyword_generic,full,1.0,0,1,0.03954197745770216,cpu
e118697f52131f89,keyword_generic,full,1.0,0,1,0.03808306064456701,cpu
6eb09a6e630ff4eb,keyword_generic,full,1.0,0,1,0.033082906156778336,cpu
42a6f6af083670b1,keyword_generic,full,2.0,0;4,1,0.029333983547985554,cpu
533b78b804f79835,keyword_generic,full,2.0,0;4,1,0.033291056752204895,cpu
251eba014ae72526,keyword_generic,full,2.0,0;7,1,0.02283393405377865,cpu
b141dc3dba9b804d,keyword_generic,full,1.0,0,1,0.03983406350016594,cpu
d2e93e108c3e4cc4,keyword_generic,full,1.0,0,1,0.09824999142438173,cpu
af841707986c5b98,keyword_generic,full,1.0,0,1,0.09604205843061209,cpu
fe05e1bd9b1e4738,keyword_generic,full,1.0,0,1,0.09337498340755701,cpu
65dca843b599ce36,keyword_generic,full,1.0,0,1,0.09195797611027956,cpu
b3f7406b55672928,keyword_generic,full,1.0,0,1,0.08716608863323927,cpu
62dbaa5e0f5333bc,keyword_generic,full,2.0,0;4,1,0.08337502367794514,cpu
200ae277fbec614e,keyword_generic,full,1.0,0,1,0.09004096500575542,cpu
800c8766ab35d586,keyword_generic,full,2.0,0;7,1,0.07633306086063385,cpu
bfa483f94555115b,keyword_generic,full,1.0,0,1,0.09358394891023636,cpu
438e5e936ff66fe5,keyword_generic,full,1.0,0,1,0.04895799793303013,cpu
45ca9081323a37bd,keyword_generic,full,2.0,0;4,1,0.04354200791567564,cpu
70f2edf60f5eec41,keyword_generic,full,1.0,0,1,0.04641700070351362,cpu
d3cfffc421513074,keyword_generic,full,1.0,0,1,0.04520895890891552,cpu
0ec7f0805bf26a39,keyword_generic,full,1.0,0,1,0.03987504169344902,cpu
5b84a672e61161ec,keyword_generic,full,2.0,0;4,1,0.03608397673815489,cpu
34f66d3a5144371f,keyword_generic,full,2.0,0;4,1,0.03995897714048624,cpu
9b3bb9ecf94366c8,keyword_generic,full,2.0,0;7,1,0.02933293581008911,cpu
8be93416d34386df,keyword_generic,full,1.0,0,1,0.04683295264840126,cpu
e6aedc736b9e8148,keyword_generic,full,1.0,0,1,0.04979094956070185,cpu
91b80b1a00c9648a,keyword_generic,full,2.0,0;4,1,0.04499999340623617,cpu
57e5edffbe95fabd,keyword_generic,full,1.0,0,1,0.047749956138432026,cpu
ee4eaada01653a59,keyword_generic,full,1.0,0,1,0.04658300895243883,cpu
690fb72ebf586bf6,keyword_generic,full,1.0,0,1,0.04145805723965168,cpu
643287458d2cd8c8,keyword_generic,full,2.0,0;4,1,0.03766699228435755,cpu
36940afd8859ba5f,keyword_generic,full,2.0,0;4,1,0.04158308729529381,cpu
fd399f59e0224b6d,keyword_generic,full,2.0,0;7,1,0.03104202914983034,cpu
bcbb6e8cfa8e825d,keyword_generic,full,1.0,0,1,0.04862493369728327,cpu
509b21cfdda0790a,keyword_generic,full,0.0,,1,0.03754207864403725,cpu
63a9726c18becc09,keyword_generic,full,1.0,4,1,0.0327499583363533,cpu
7bae87e6b5af3f81,keyword_generic,full,0.0,,1,0.034917029552161694,cpu
6a3def5cb73bd0e7,keyword_generic,full,0.0,,1,0.03354193177074194,cpu
aa86de42afd12afe,keyword_generic,full,0.0,,1,0.028082984499633312,cpu
60460d35117bcab0,keyword_generic,full,1.0,4,1,0.02429191954433918,cpu
851c810aca3b2379,keyword_generic,full,1.0,4,1,0.028583919629454613,cpu
4887883e03244999,keyword_generic,full,1.0,7,1,0.016583013348281384,cpu
826cfe71c07b9234,keyword_generic,full,0.0,,1,0.035624951124191284,cpu
443b8e3947449528,keyword_generic,full,0.0,,1,0.09295903146266937,cpu
7f9e2c6078bdf950,keyword_generic,full,0.0,,1,0.09099999442696571,cpu
cf9332604d8d3d4b,keyword_generic,full,0.0,,1,0.08833396714180708,cpu
42ba4c971928058b,keyword_generic,full,0.0,,1,0.08704198990017176,cpu
0013741b6a5683ed,keyword_generic,full,0.0,,1,0.08208304643630981,cpu
e2fbb0c2bd0abdbe,keyword_generic,full,1.0,4,1,0.07750000804662704,cpu
2575d7e566b26ae5,keyword_generic,full,0.0,,1,0.08500006515532732,cpu
f851c78e3f44e81b,keyword_generic,full,1.0,7,1,0.06929202936589718,cpu
33e3aaecee96388c,keyword_generic,full,0.0,,1,0.0891250092536211,cpu
8239b052a136daef,keyword_generic,full,0.0,,1,0.04499999340623617,cpu
02c4dbb9ae39c135,keyword_generic,full,1.0,4,1,0.03983289934694767,cpu
27dc64437709aad4,keyword_generic,full,0.0,,1,0.04212500061839819,cpu
83cbd86f642b856a,keyword_generic,full,0.0,,1,0.04066689871251583,cpu
c1aee113a91c7dbb,keyword_generic,full,0.0,,1,0.03529200330376625,cpu
22611d254eda8bb3,keyword_generic,full,1.0,4,1,0.031207920983433723,cpu
4d62d6b1da61c1ca,keyword_generic,full,1.0,4,1,0.03554206341505051,cpu
f4a7650165f96fd6,keyword_generic,full,1.0,7,1,0.02337503246963024,cpu
210a096742beb71a,keyword_generic,full,0.0,,1,0.04287506453692913,cpu
f847253834a7d470,keyword_generic,full,0.0,,1,0.04554097540676594,cpu
4c6062659a5d773e,keyword_generic,full,1.0,4,1,0.040749902836978436,cpu
c701ae6823752ef3,keyword_generic,full,0.0,,1,0.04333304241299629,cpu
dc7ac1c79e339764,keyword_generic,full,0.0,,1,0.04212500061839819,cpu
84801af9cc60c074,keyword_generic,full,0.0,,1,0.03666698466986418,cpu
9590a1fbc83f568d,keyword_generic,full,1.0,4,1,0.0665419502183795,cpu
326bf7912c8461f9,keyword_generic,full,1.0,4,1,0.04345807246863842,cpu
ac82b9d4a58f250f,keyword_generic,full,1.0,7,1,0.027540954761207104,cpu
7c2d3cad6c575a35,keyword_generic,full,0.0,,1,0.0642499653622508,cpu
cadfc5eab513f1bc,keyword_generic,full,1.0,4,1,0.03708305303007364,cpu
6887c70ea95f858a,keyword_generic,full,0.0,,1,0.07645809091627598,cpu
7d10af3849275142,keyword_generic,full,0.0,,1,0.021540909074246883,cpu
1aad3fec6cac0810,keyword_generic,full,0.0,,1,0.023290980607271194,cpu
54001cabc7e230d1,keyword_generic,full,0.0,,1,0.06008311174809933,cpu
7ca33a8562d3d876,keyword_generic,full,0.0,,1,0.058542005717754364,cpu
99f8f0c26019794e,keyword_generic,full,0.0,,1,0.051875016652047634,cpu
170de10524d3deeb,keyword_generic,full,0.0,,1,0.06204191595315933,cpu
31601d456ee4c5e5,keyword_generic,full,0.0,,1,0.06479199510067701,cpu
822db15ad5bf9bfe,keyword_generic,full,0.0,,1,0.053333002142608166,cpu
8a391cb1f414993f,keyword_generic,full,0.0,,1,0.001374981366097927,cpu
9be1d5dba30b56fe,keyword_generic,full,0.0,,1,0.04970794543623924,cpu
f49542b35481f8e2,keyword_generic,full,0.0,,1,0.05220901221036911,cpu
667ebe58115395ae,keyword_generic,full,0.0,,1,0.05091691855341196,cpu
bc7e3eedd63da5ff,keyword_generic,full,0.0,,1,0.051083043217659,cpu
003ef6e9224462b6,keyword_generic,full,0.0,,1,0.06345903966575861,cpu
a657b04756dd664e,keyword_generic,full,0.0,,1,0.030542025342583656,cpu
ed8c4062e456cf73,keyword_generic,full,0.0,,1,0.04499999340623617,cpu
077807d81f51af7c,keyword_generic,full,0.0,,1,0.051915994845330715,cpu
f71b9b53e357c127,keyword_generic,full,0.0,,1,0.043791020289063454,cpu
79cfc8caf7c9459c,keyword_generic,full,0.0,,1,0.04966591950505972,cpu
8169433c47bafbae,keyword_generic,full,0.0,,1,0.06079208105802536,cpu
ce56d25e21452973,keyword_generic,full,0.0,,1,0.04712503869086504,cpu
df8cf852c00b3b3c,keyword_generic,full,0.0,,1,0.0029579969123005867,cpu
e0f3dd54515719b2,keyword_generic,full,0.0,,1,0.001125037670135498,cpu
9ca209ccfd68fe83,keyword_generic,full,0.0,,1,0.0007909256964921951,cpu
9b7cc55a8f4f16f0,keyword_generic,full,0.0,,1,0.050040893256664276,cpu
4d0adff178700c1f,keyword_generic,full,0.0,,1,0.046749948523938656,cpu
c6bdc382dc1b001f,keyword_generic,full,0.0,,1,0.04995905328541994,cpu
aab7fcc128c8d40a,keyword_generic,full,0.0,,1,0.06204191595315933,cpu
31d41243f08b252e,keyword_generic,full,0.0,,1,0.10970910079777241,cpu
885d39ce544b6754,keyword_generic,full,0.0,,1,0.11608307249844074,cpu
94bb124640078bb1,keyword_generic,full,0.0,,1,0.1033339649438858,cpu
e9ef79dba3fdba3a,keyword_generic,full,0.0,,1,0.11183391325175762,cpu
6ce4c926e519964b,keyword_generic,full,0.0,,1,0.12624997179955244,cpu
a99bcdff263815e3,keyword_generic,full,0.0,,1,0.008041970431804657,cpu
8dd68237143f7534,keyword_generic,full,0.0,,1,0.000500003807246685,cpu
ec96e3f9513555bd,keyword_generic,full,0.0,,1,0.01916696783155203,cpu
f5a2b6d55a2c4296,keyword_generic,full,0.0,,1,0.006041023880243301,cpu
fa027d9fa20f42b1,keyword_generic,full,0.0,,1,0.000500003807246685,cpu
b71e988c371e0740,keyword_generic,full,0.0,,1,0.08249992970377207,cpu
87266d44cd574c80,keyword_generic,full,0.0,,1,0.13591605238616467,cpu
66e2a723e922b8d4,keyword_generic,full,0.0,,1,0.0773329520598054,cpu
999696f6ea7bb4e3,keyword_generic,full,0.0,,1,0.09329209569841623,cpu
9000f8d99e30434e,keyword_generic,full,0.0,,1,0.11304207146167755,cpu
235f684cd2e5a5a8,keyword_generic,full,0.0,,1,0.07904204539954662,cpu
b7177c76fd91e8a4,keyword_generic,full,0.0,,1,0.12112490367144346,cpu
128ff271ce744f5b,keyword_generic,full,0.0,,1,0.0740840332582593,cpu
5551a3788865390f,keyword_generic,full,0.0,,1,0.09454099927097559,cpu
97562f08255eb8b7,keyword_generic,full,0.0,,1,0.12866698671132326,cpu
809cc135d5b2982d,keyword_generic,full,0.0,,1,0.07945799734443426,cpu
99877e0430930f58,keyword_generic,full,0.0,,1,0.12570898979902267,cpu
2d706fc261ef30bc,keyword_generic,full,0.0,,1,0.07083301898092031,cpu
a4407ea828ec1e93,keyword_generic,full,0.0,,1,0.09345798753201962,cpu
470c136e8e45a05c,keyword_generic,full,0.0,,1,0.11300004553049803,cpu
8954881a3d32486b,keyword_generic,full,0.0,,1,0.08487503509968519,cpu
abbbcb6ba9572eed,keyword_generic,full,0.0,,1,0.13295805547386408,cpu
5a824a322a591a61,keyword_generic,full,0.0,,1,0.08462497498840094,cpu
1a2cc186d95a3e7a,keyword_generic,full,0.0,,1,0.09049999061971903,cpu
d14c13452080110b,keyword_generic,full,0.0,,1,0.10841700714081526,cpu
b74e4aebed1a5574,keyword_generic,full,0.0,,1,0.14283298514783382,cpu
05449ebdbae74fbd,keyword_generic,full,0.0,,1,0.19233301281929016,cpu
99019612bfa1de17,keyword_generic,full,0.0,,1,0.13358297292143106,cpu
b93c3cfc9c5ff24b,keyword_generic,full,0.0,,1,0.1557499635964632,cpu
34b4b0286731bc27,keyword_generic,full,0.0,,1,0.16920792404562235,cpu
79af78903313cdf1,keyword_generic,full,0.0,,1,0.024792039766907692,cpu
a10440d136b0f87d,keyword_generic,full,0.0,,1,0.028249924071133137,cpu
cda6cfc28a904b28,keyword_generic,full,0.0,,1,0.021875021047890186,cpu
d8d025e0121e93e2,keyword_generic,full,0.0,,1,0.030125025659799576,cpu
980bd087c27a9cfa,keyword_generic,full,0.0,,1,0.0362080754712224,cpu
3d157a78b34a2e99,keyword_generic,full,0.0,,1,0.01983309630304575,cpu
ec611648b4df8bc4,keyword_generic,full,0.0,,1,0.023916014470160007,cpu
d6fc83dc3ace846f,keyword_generic,full,0.0,,1,0.018332968465983868,cpu
2caf6ce384f54ff8,keyword_generic,full,0.0,,1,0.02420798409730196,cpu
84d0e41cad71a869,keyword_generic,full,0.0,,1,0.03491598181426525,cpu
c7ba27626bd073fd,keyword_generic,full,0.0,,1,0.018083956092596054,cpu
025caf01d152dbb1,keyword_generic,full,0.0,,1,0.02237502485513687,cpu
7be9ef8c58fbfed6,keyword_generic,full,0.0,,1,0.01695798709988594,cpu
a028418942562332,keyword_generic,full,0.0,,1,0.022875028662383556,cpu
b25762689b3f430e,keyword_generic,full,0.0,,1,0.031374976970255375,cpu
47730d262a248d20,keyword_generic,full,0.0,,1,0.016959034837782383,cpu
1f1c7437accff943,keyword_generic,full,0.0,,1,0.020166044123470783,cpu
2454d50884cf1d2a,keyword_generic,full,0.0,,1,0.014167046174407005,cpu
6f66adec245246ae,keyword_generic,full,0.0,,1,0.022332998923957348,cpu
35421868f3c2909b,keyword_generic,full,0.0,,1,0.024707987904548645,cpu
da627f3aa9f0e52c,keyword_generic,full,0.0,,1,0.08358305785804987,cpu
140049bf12f105c4,keyword_generic,full,0.0,,1,0.08291692938655615,cpu
e85c997770668980,keyword_generic,full,0.0,,1,0.079666031524539,cpu
5d791369db9e31ed,keyword_generic,full,0.0,,1,0.08274998981505632,cpu
77dd0ea46e66f258,keyword_generic,full,0.0,,1,0.10325002949684858,cpu
3e0c526da0e80fb4,keyword_generic,full,1.0,0,1,0.027499976567924023,cpu
005c1676c57d55dc,keyword_generic,full,1.0,0,1,0.02991710789501667,cpu
aa660bddc89ca14b,keyword_generic,full,1.0,0,1,0.024416018277406693,cpu
75f6cc130d963615,keyword_generic,full,1.0,0,1,0.031832954846322536,cpu
0ca7eb5f61cfddfd,keyword_generic,full,1.0,0,1,0.041207997128367424,cpu
030c03df4e195376,keyword_generic,full,1.0,0,1,0.024458044208586216,cpu
aa335a19e42f7a3c,keyword_generic,full,1.0,0,1,0.027166097424924374,cpu
3dfdef44cd1bc22b,keyword_generic,full,1.0,0,1,0.0237500062212348,cpu
e9986b0d25556744,keyword_generic,full,1.0,0,1,0.028416980057954788,cpu
1f15fb774d82b6d7,keyword_generic,full,1.0,0,1,0.034125056117773056,cpu
20cacf188b67305f,keyword_generic,full,1.0,0,1,0.02050003968179226,cpu
31398c526bc7ddba,keyword_generic,full,1.0,0,1,0.024583889171481133,cpu
9e733e4937d6c3dd,keyword_generic,full,1.0,0,1,0.02195802517235279,cpu
6a2109ac2ebe2776,keyword_generic,full,1.0,0,1,0.02462498378008604,cpu
b58cb858e30b5a94,keyword_generic,full,1.0,0,1,0.03550003748387098,cpu
3618e2279f22e5ba,keyword_generic,full,1.0,0,1,0.018416903913021088,cpu
e4c2a3423c545c96,keyword_generic,full,1.0,0,1,0.022541964426636696,cpu
470cd93e76b88711,keyword_generic,full,1.0,0,1,0.01708301715552807,cpu
a460877f502242da,keyword_generic,full,1.0,0,1,0.022541964426636696,cpu
80d826fbae6b34e5,keyword_generic,full,1.0,0,1,0.02708309330046177,cpu
b8a39cdcac7e070a,keyword_generic,full,1.0,0,1,0.07974996697157621,cpu
7019142042753886,keyword_generic,full,1.0,0,1,0.07904099766165018,cpu
c2a67d741adb284b,keyword_generic,full,1.0,0,1,0.07512501906603575,cpu
0c0184fde8d66f3f,keyword_generic,full,1.0,0,1,0.08533301297575235,cpu
dbf939eedc628660,keyword_generic,full,1.0,0,1,0.08666596841067076,cpu
3849a5573283972a,keyword_generic,full,0.0,,1,0.01795799471437931,cpu
b56ef6669319a8e6,keyword_generic,full,0.0,,1,0.023082946427166462,cpu
9fe5180812a556af,keyword_generic,full,0.0,,1,0.017750076949596405,cpu
f57f2b630cd284ca,keyword_generic,full,0.0,,1,0.024833017960190773,cpu
db141487454a3396,keyword_generic,full,0.0,,1,0.03162503708153963,cpu
0ad95fceda6acf99,keyword_generic,full,0.0,,1,0.014666933566331863,cpu
de621bec494b6873,keyword_generic,full,0.0,,1,0.019749975763261318,cpu
b746f313c23121cb,keyword_generic,full,0.0,,1,0.014082994312047958,cpu
6bf28e39c1556ac5,keyword_generic,full,0.0,,1,0.021292013116180897,cpu
81926c3f259a96c2,keyword_generic,full,0.0,,1,0.031374976970255375,cpu
290d3cd8169d01dd,keyword_generic,full,0.0,,1,0.013249926269054413,cpu
55d14a6fd87c69f1,keyword_generic,full,0.0,,1,0.01837499439716339,cpu
526b6f229ce81a04,keyword_generic,full,0.0,,1,0.015291967429220676,cpu
6b7ebf90d12ebd47,keyword_generic,full,0.0,,1,0.020541949197649956,cpu
07fc582005b0d138,keyword_generic,full,0.0,,1,0.02737506292760372,cpu
4a68d5355efc9bb8,keyword_generic,full,0.0,,1,0.015083933249115944,cpu
5b4ba2ee301245a1,keyword_generic,full,0.0,,1,0.016125035472214222,cpu
8779c44e88b013ce,keyword_generic,full,0.0,,1,0.010167015716433525,cpu
362dcd1714896a55,keyword_generic,full,0.0,,1,0.01625006552785635,cpu
c7f6e019b31945c0,keyword_generic,full,0.0,,1,0.0213750172406435,cpu
375d0acd0fe14ba5,keyword_generic,full,0.0,,1,0.08208293002098799,cpu
c0beb2d401edc5eb,keyword_generic,full,0.0,,1,0.08179200813174248,cpu
e6ef7af35269f106,keyword_generic,full,0.0,,1,0.08074997458606958,cpu
1f01bdd37a7fe24b,keyword_generic,full,0.0,,1,0.08579099085181952,cpu
5d1d9ab37be309d5,keyword_generic,full,0.0,,1,0.09204202797263861,cpu
c6a02bbbe703d311,keyword_generic,full,0.0,,1,0.010291929356753826,cpu
83dd9652aaddc86a,keyword_generic,full,0.0,,1,0.007417052984237671,cpu
788d343f320e667e,keyword_generic,full,0.0,,1,0.006375019438564777,cpu
de187263ba3b8d43,keyword_generic,full,0.0,,1,0.003915978595614433,cpu
48b77bfbf34c831e,keyword_generic,full,0.0,,1,0.06945803761482239,cpu
23e15b3ff4dc82d7,keyword_generic,full,1.0,4,1,0.05249993409961462,cpu
5b1e40d5bfc8877c,keyword_generic,full,1.0,7,1,0.06716698408126831,cpu
d9dfee2cbcb4f120,keyword_generic,full,1.0,4,1,0.03550003748387098,cpu
5dfd52f440308549,keyword_generic,full,0.0,,1,0.0512079568579793,cpu
c1620b1b3815c603,keyword_generic,full,0.0,,1,0.030084047466516495,cpu
59b168c0ed15922e,keyword_generic,full,1.0,7,1,0.03133306745439768,cpu
e9266fe3951ff2e9,keyword_generic,full,1.0,5,1,0.0452499371021986,cpu
f152d10deb4dc9ae,keyword_generic,full,0.0,,1,0.029666000045835972,cpu
07b257d0831a7766,keyword_generic,full,0.0,,1,0.04345807246863842,cpu
de544721660b8f9a,keyword_generic,full,1.0,7,1,0.036541023291647434,cpu
924deccb2fa35517,keyword_generic,full,2.0,6;7,1,0.03966700751334429,cpu
9b343e55d21bc269,keyword_generic,full,0.0,,1,0.03687501884996891,cpu
d47c1bbf1a208048,keyword_generic,full,1.0,7,1,0.026957946829497814,cpu
e12358a36c14d38d,keyword_generic,full,0.0,,1,0.04441698547452688,cpu
f72d5788eeec0211,keyword_generic,full,0.0,,1,0.04516600165516138,cpu
af9f58b57a5ec43f,keyword_generic,full,1.0,4,1,0.030374969355762005,cpu
9bb2d07002c98f12,keyword_generic,full,3.0,4;5;7,1,0.036541023291647434,cpu
da620d4ec8b03a46,keyword_generic,full,1.0,6,1,0.04087504930794239,cpu
e561eaf54c8cdd74,keyword_generic,full,1.0,6,1,0.035041943192481995,cpu
f3d0e13a647c8bc5,keyword_generic,full,1.0,7,1,0.02854189369827509,cpu
d7d9242eb28379d3,keyword_generic,full,2.0,4;7,1,0.03224995452910662,cpu
f8186b64dab05452,keyword_generic,full,1.0,4,1,0.029959017410874367,cpu
8d1b7a6b0ead26e4,keyword_generic,full,2.0,4;7,1,0.03658304922282696,cpu
5d5aec4cf28597ee,keyword_generic,full,2.0,5;7,1,0.0337500823661685,cpu
69670f39576dab30,keyword_generic,full,0.0,,1,0.027082976885139942,cpu
02af8bc61eb42c87,keyword_generic,full,0.0,,1,0.04125002305954695,cpu
8c0167d4545c2a1b,keyword_generic,full,0.0,,1,0.044208019971847534,cpu
f4fb31fc463587f9,keyword_generic,full,1.0,6,1,0.03145902883261442,cpu
cfcd874076de7c34,keyword_generic,full,2.0,6;7,1,0.03458291757851839,cpu
8ea85b2df88864e0,keyword_generic,full,1.0,1,1,0.027125002816319466,cpu
24241b71326f5ec3,keyword_generic,full,0.0,,1,0.031000003218650818,cpu
3f991a9eee3c7ad8,keyword_generic,full,0.0,,1,0.03441690932959318,cpu
9a43f282c3ebfd2a,keyword_generic,full,1.0,5,1,0.03483402542769909,cpu
ba602d301022c0c5,keyword_generic,full,2.0,6;7,1,0.019625062122941017,cpu
1ccbf2c6e0d2a5c1,keyword_generic,full,0.0,,1,0.018541933968663216,cpu
5c726faef4e29326,keyword_generic,full,1.0,7,1,0.025249901227653027,cpu
3b2b8134600d8a5a,keyword_generic,full,0.0,,1,0.02983398735523224,cpu
8cf3431ba7238a10,keyword_generic,full,2.0,0;4,1,0.030374969355762005,cpu
5bf88999b4dfbc79,keyword_generic,full,2.0,0;1,1,0.02716702874749899,cpu
62dcab83e05ed98b,keyword_generic,full,2.0,4;7,1,0.03216695040464401,cpu
