example_id,model,mode,score,matched_patterns,n_windows,latency_ms,device
7b8c2773603ffa85,keyword_template_aware,full,1.0,5,1,0.05700008478015661,cpu
fb802b1afbf14c44,keyword_template_aware,full,1.0,5,1,0.027542002499103546,cpu
1953b31d11c3b11c,keyword_template_aware,full,1.0,5,1,0.05337502807378769,cpu
0d3fcc163517ed93,keyword_template_aware,full,1.0,5,1,0.03458396531641483,cpu
16c4c0b5132c007b,keyword_template_aware,full,1.0,5,1,0.03999995533376932,cpu
8c191fd112a81d68,keyword_template_aware,full,1.0,5,1,0.05012494511902332,cpu
6516c497336a6507,keyword_template_aware,full,1.0,5,1,0.04295795224606991,cpu
7a647912438bc848,keyword_template_aware,full,1.0,5,1,0.02870894968509674,cpu
af2ad48c4651f694,keyword_template_aware,full,1.0,5,1,0.0576250022277236,cpu
73734e76f2ba5f61,keyword_template_aware,full,1.0,5,1,0.03816594835370779,cpu
b2c873e66bd082fc,keyword_template_aware,full,1.0,5,1,0.0415419926866889,cpu
b876c9f735b96ba1,keyword_template_aware,full,1.0,5,1,0.03812497016042471,cpu
f2f1bc26bc5e8322,keyword_template_aware,full,1.0,5,1,0.04287506453692913,cpu
63aaf43d396e065c,keyword_template_aware,full,1.0,5,1,0.07375003769993782,cpu
4753c47767009d0f,keyword_template_aware,full,1.0,5,1,0.04383304622024298,cpu
1b8b978f0c85feb1,keyword_template_aware,full,1.0,5,1,0.028583919629454613,cpu
3a9deb4d25a38c34,keyword_template_aware,full,1.0,5,1,0.015167053788900375,cpu
e33767c9834496e0,keyword_template_aware,full,0.0,,1,0.03900006413459778,cpu
f6b87a51e8ea98c0,keyword_template_aware,full,0.0,,1,0.015666009858250618,cpu
897c58878438a999,keyword_template_aware,full,0.0,,1,0.044291955418884754,cpu
8835a89897f57b30,keyword_template_aware,full,0.0,,1,0.021499930880963802,cpu
1a302ce4d0d9e36e,keyword_template_aware,full,0.0,,1,0.02970895729959011,cpu
5efce1faba5edc73,keyword_template_aware,full,0.0,,1,0.03970903344452381,cpu
e3159a4e028f5cba,keyword_template_aware,full,0.0,,1,0.0315000070258975,cpu
f5135ef80588c3ca,keyword_template_aware,full,0.0,,1,0.018457998521625996,cpu
8e350d7413dd7b31,keyword_template_aware,full,0.0,,1,0.047042034566402435,cpu
bd03dbfb63b41365,keyword_template_aware,full,0.0,,1,0.027957954443991184,cpu
edf9791d6626dc00,keyword_template_aware,full,0.0,,1,0.012417091056704521,cpu
9d7afba154ff47c4,keyword_template_aware,full,0.0,,1,0.024792039766907692,cpu
9f1b3fe8a85f5808,keyword_template_aware,full,0.0,,1,0.02079200930893421,cpu
256b4dbbd55e5bf8,keyword_template_aware,full,0.0,,1,0.01866708043962717,cpu
106dbd1ee31292bc,keyword_template_aware,full,0.0,,1,0.023582950234413147,cpu
14bb4c02fee95029,keyword_template_aware,full,0.0,,1,0.01837499439716339,cpu
4a22e3c5d3d48972,keyword_template_aware,full,0.0,,1,0.005542067810893059,cpu
784b8a6204a9e313,keyword_template_aware,full,0.0,,1,0.05870894528925419,cpu
9a63c9a3997e168d,keyword_template_aware,full,0.0,,1,0.03566697705537081,cpu
10bf7be1b5dc10d7,keyword_template_aware,full,0.0,,1,0.06383296567946672,cpu
a9d69e91f73717f8,keyword_template_aware,full,0.0,,1,0.04083302337676287,cpu
c77c5771e90960a0,keyword_template_aware,full,0.0,,1,0.04975008778274059,cpu
0b9e3a169dfeb75e,keyword_template_aware,full,0.0,,1,0.06008311174809933,cpu
4a6ac5f3992805e2,keyword_template_aware,full,0.0,,1,0.051833922043442726,cpu
98ae550c227c69a0,keyword_template_aware,full,0.0,,1,0.03875000402331352,cpu
7737f5333ce9f8e1,keyword_template_aware,full,0.0,,1,0.06691692396998405,cpu
5bf9221dc65e9b9a,keyword_template_aware,full,0.0,,1,0.04741700831800699,cpu
160db6777a266306,keyword_template_aware,full,0.0,,1,0.03187498077750206,cpu
1d08374f605a49b4,keyword_template_aware,full,0.0,,1,0.04441593773663044,cpu
153b57cae66550cb,keyword_template_aware,full,0.0,,1,0.04025001544505358,cpu
511160901a1a1857,keyword_template_aware,full,0.0,,1,0.038082944229245186,cpu
f05d942f012f64e2,keyword_template_aware,full,0.0,,1,0.043208012357354164,cpu
94949cc0ae9c6c27,keyword_template_aware,full,0.0,,1,0.03804103471338749,cpu
da90ea897b3f3ac5,keyword_template_aware,full,0.0,,1,0.024916953407227993,cpu
a781f957cb4a2819,keyword_template_aware,full,1.0,4,1,0.04604191053658724,cpu
a4e54f87372d92ed,keyword_template_aware,full,1.0,4,1,0.02350006252527237,cpu
8055e48545baac95,keyword_template_aware,full,1.0,4,1,0.04820898175239563,cpu
1a54efcc605d1691,keyword_template_aware,full,1.0,4,1,0.0274579506367445,cpu
8c8dc5454ef248c5,keyword_template_aware,full,1.0,4,1,0.03587501123547554,cpu
17027f9ad2ae3814,keyword_template_aware,full,1.0,4,1,0.04616705700755119,cpu
233169567e5fa101,keyword_template_aware,full,1.0,4,1,0.039749895222485065,cpu
7baa7fdadc8716b2,keyword_template_aware,full,1.0,4,1,0.025249901227653027,cpu
76ab2c99f7bb1b4d,keyword_template_aware,full,1.0,4,1,0.052292016334831715,cpu
def8c80980b40133,keyword_template_aware,full,1.0,4,1,0.034250086173415184,cpu
9dacef25aaa5e2c5,keyword_template_aware,full,1.0,4,1,0.020209001377224922,cpu
ba1eca72d7cc939d,keyword_template_aware,full,1.0,4,1,0.0321660190820694,cpu
b2e1361ffcd487f4,keyword_template_aware,full,1.0,4,1,0.02745899837464094,cpu
8df7bdec27edfe48,keyword_template_aware,full,1.0,4,1,0.026124995201826096,cpu
80eb4d9c478940b6,keyword_template_aware,full,1.0,4,1,0.030749943107366562,cpu
086fb2f91f1df64e,keyword_template_aware,full,1.0,4,1,0.02537504769861698,cpu
16735e7db30648ed,keyword_template_aware,full,1.0,4,1,0.013125012628734112,cpu
e64c6b1bedda492e,keyword_template_aware,full,0.0,,1,0.04395795986056328,cpu
d746dbbac4881496,keyword_template_aware,full,0.0,,1,0.02208410296589136,cpu
fbd73ebb47062a39,keyword_template_aware,full,0.0,,1,0.04854192957282066,cpu
8ffa943f69be07a5,keyword_template_aware,full,0.0,,1,0.026709050871431828,cpu
fe9973e850c20958,keyword_template_aware,full,0.0,,1,0.034667085856199265,cpu
4bc3e1afe3212ef0,keyword_template_aware,full,0.0,,1,0.04516600165516138,cpu
36a2bd95ef02dea7,keyword_template_aware,full,0.0,,1,0.03774999640882015,cpu
fbd2497b9f9af0ed,keyword_template_aware,full,0.0,,1,0.02466596197336912,cpu
b2df617d147729c6,keyword_template_aware,full,0.0,,1,0.052916002459824085,cpu
6ec2b5e32fa0ead5,keyword_template_aware,full,0.0,,1,0.03379106055945158,cpu
9a04123a979194e8,keyword_template_aware,full,0.0,,1,0.0185410026460886,cpu
ed20e9717da9c10e,keyword_template_aware,full,0.0,,1,0.03087497316300869,cpu
6eb6c9a46af4c7d1,keyword_template_aware,full,0.0,,1,0.02695806324481964,cpu
5c983bf3abc3bc27,keyword_template_aware,full,0.0,,1,0.025084009394049644,cpu
66768f4c0cc9fca2,keyword_template_aware,full,0.0,,1,0.029708025977015495,cpu
e28d61f77a53a306,keyword_template_aware,full,0.0,,1,0.02466596197336912,cpu
39757f862811447e,keyword_template_aware,full,0.0,,1,0.011874944902956486,cpu
127bf7418acf9a84,keyword_template_aware,full,0.0,,1,0.04108308348804712,cpu
bcbb567d8401cf37,keyword_template_aware,full,0.0,,1,0.0190419377759099,cpu
a1198b86956d5aa9,keyword_template_aware,full,0.0,,1,0.0464579788967967,cpu
7f124bb939f96eaa,keyword_template_aware,full,0.0,,1,0.024082954041659832,cpu
0db4082db7adaf61,keyword_template_aware,full,0.0,,1,0.03245903644710779,cpu
e8462acd158cf986,keyword_template_aware,full,0.0,,1,0.0426670303568244,cpu
b71731fde94e59c3,keyword_template_aware,full,0.0,,1,0.03487500362098217,cpu
8bf8ecff3220c185,keyword_template_aware,full,0.0,,1,0.02216699067503214,cpu
6554a23df5d5ee0d,keyword_template_aware,full,0.0,,1,0.05037488881498575,cpu
0e8fa51355e21e76,keyword_template_aware,full,0.0,,1,0.0314170029014349,cpu
413336fa9c5417b3,keyword_template_aware,full,0.0,,1,0.016000005416572094,cpu
47f4093a6a3b5d7a,keyword_template_aware,full,0.0,,1,0.028416980057954788,cpu
f59858144ce14909,keyword_template_aware,full,0.0,,1,0.02420798409730196,cpu
3b009dbbea276c7c,keyword_template_aware,full,0.0,,1,0.022290972992777824,cpu
1740e523e948636c,keyword_template_aware,full,0.0,,1,0.026999972760677338,cpu
5902441707555bdb,keyword_template_aware,full,0.0,,1,0.022000051103532314,cpu
f05e71cdd653e061,keyword_template_aware,full,0.0,,1,0.009165960364043713,cpu
4359f40445359ca0,keyword_template_aware,full,0.0,,1,0.040665967389941216,cpu
9d620785700384fc,keyword_template_aware,full,0.0,,1,0.01883308868855238,cpu
3cb659c5fd529215,keyword_template_aware,full,0.0,,1,0.04537496715784073,cpu
d0b4c538b2476f3f,keyword_template_aware,full,1.0,4,1,0.022208085283637047,cpu
d2bf37b21ff1c82d,keyword_template_aware,full,0.0,,1,0.03158301115036011,cpu
2a832fd19be485c4,keyword_template_aware,full,0.0,,1,0.04187505692243576,cpu
406abaa95f6ccba8,keyword_template_aware,full,0.0,,1,0.03416708204895258,cpu
fe28ff89307b89b6,keyword_template_aware,full,0.0,,1,0.021541956812143326,cpu
585cfc7a7942e64d,keyword_template_aware,full,0.0,,1,0.04949991125613451,cpu
e91624c7bea8b8d6,keyword_template_aware,full,0.0,,1,0.03054190892726183,cpu
da1cf4fb603d6275,keyword_template_aware,full,0.0,,1,0.015708967112004757,cpu
ccc8219918aa979a,keyword_template_aware,full,0.0,,1,0.027875066734850407,cpu
bb79082aa8b55046,keyword_template_aware,full,0.0,,1,0.024082954041659832,cpu
2adea2e71a93647a,keyword_template_aware,full,0.0,,1,0.021792016923427582,cpu
e9d389c26dc743b2,keyword_template_aware,full,0.0,,1,0.026416964828968048,cpu
65a98b71add333c4,keyword_template_aware,full,0.0,,1,0.02174999099224806,cpu
f2eb4f910217c72a,keyword_template_aware,full,0.0,,1,0.008874922059476376,cpu
225af02177f172fb,keyword_template_aware,full,0.0,,1,0.07429101970046759,cpu
723d25c626842a6f,keyword_template_aware,full,0.0,,1,0.051458016969263554,cpu
93dc755758cd920e,keyword_template_aware,full,0.0,,1,0.07804203778505325,cpu
ef6dd73708ced742,keyword_template_aware,full,0.0,,1,0.05550007335841656,cpu
3a9594a294e8cd8a,keyword_template_aware,full,0.0,,1,0.06304203998297453,cpu
d68b6b037b740394,keyword_template_aware,full,0.0,,1,0.07329101208597422,cpu
b9fb25ff00e592db,keyword_template_aware,full,0.0,,1,0.0766250304877758,cpu
bc15a4f21f2a1ec3,keyword_template_aware,full,0.0,,1,0.05904200952500105,cpu
804303b30a6bec5c,keyword_template_aware,full,0.0,,1,0.08187501225620508,cpu
7d15aee4d6983074,keyword_template_aware,full,0.0,,1,0.06258301436901093,cpu
4fed2c75f817baa5,keyword_template_aware,full,0.0,,1,0.04758394788950682,cpu
5c138d701e3bed0f,keyword_template_aware,full,0.0,,1,0.059416983276605606,cpu
a57a5a49d59153bf,keyword_template_aware,full,0.0,,1,0.055750017054378986,cpu
6f128b50b7d003b6,keyword_template_aware,full,0.0,,1,0.05387491546571255,cpu
0e9a412ff78dd142,keyword_template_aware,full,0.0,,1,0.061916070990264416,cpu
bdb6da5443d778ae,keyword_template_aware,full,0.0,,1,0.0540000619366765,cpu
3b82148a90c4a0ac,keyword_template_aware,full,0.0,,1,0.04116701893508434,cpu
915348514c2db130,keyword_template_aware,full,0.0,,1,0.05691708065569401,cpu
744be98aa112e9d3,keyword_template_aware,full,0.0,,1,0.034624943509697914,cpu
766168a519286880,keyword_template_aware,full,0.0,,1,0.06183399818837643,cpu
14d7538aef256cea,keyword_template_aware,full,0.0,,1,0.03899994771927595,cpu
2a359ddf0cca7762,keyword_template_aware,full,0.0,,1,0.04658394027501345,cpu
cb1b8f5fcb186f8c,keyword_template_aware,full,0.0,,1,0.05704199429601431,cpu
04c9532130b1a7b0,keyword_template_aware,full,0.0,,1,0.04954100586473942,cpu
5b8464f16ba3c6b6,keyword_template_aware,full,0.0,,1,0.03650004509836435,cpu
53d93f49ca5d27b7,keyword_template_aware,full,0.0,,1,0.06462505552917719,cpu
d6ddaf3cf581520e,keyword_template_aware,full,0.0,,1,0.04566693678498268,cpu
0ed9c710f230d255,keyword_template_aware,full,0.0,,1,0.030708033591508865,cpu
22036415d3284a59,keyword_template_aware,full,0.0,,1,0.04270800855010748,cpu
e8fe2f6c7917f008,keyword_template_aware,full,0.0,,1,0.03904092591255903,cpu
a286a2e4f54629c0,keyword_template_aware,full,0.0,,1,0.0367090106010437,cpu
12a09317d849cb36,keyword_template_aware,full,0.0,,1,0.042041996493935585,cpu
7802fc6c4e148a74,keyword_template_aware,full,0.0,,1,0.03658398054540157,cpu
0c331b08d1703d0f,keyword_template_aware,full,0.0,,1,0.0238749198615551,cpu
0c0f353a2301a51a,keyword_template_aware,full,0.0,,1,0.04695798270404339,cpu
c9e24dae23cda35a,keyword_template_aware,full,0.0,,1,0.02466607838869095,cpu
baf6a2eb27e73746,keyword_template_aware,full,0.0,,1,0.051582930609583855,cpu
d12cf2f0375f4e41,keyword_template_aware,full,0.0,,1,0.029417104087769985,cpu
dae5f1656012f004,keyword_template_aware,full,0.0,,1,0.03729201853275299,cpu
f47a171c1a99d410,keyword_template_aware,full,0.0,,1,0.04741700831800699,cpu
5fcc85609940f989,keyword_template_aware,full,0.0,,1,0.039958045817911625,cpu
b5d9ba245bf7b715,keyword_template_aware,full,0.0,,1,0.027499976567924023,cpu
249bd521feabafeb,keyword_template_aware,full,0.0,,1,0.055333017371594906,cpu
29ad07451dba5944,keyword_template_aware,full,0.0,,1,0.0362499849870801,cpu
18cd249a771fe3f0,keyword_template_aware,full,0.0,,1,0.021249987185001373,cpu
04b4865cc6b4f11b,keyword_template_aware,full,0.0,,1,0.033415970392525196,cpu
46f0886b739ff169,keyword_template_aware,full,0.0,,1,0.029542017728090286,cpu
4e30dda6ddb90f44,keyword_template_aware,full,0.0,,1,0.027582980692386627,cpu
ee9408e01c49d5eb,keyword_template_aware,full,0.0,,1,0.03224995452910662,cpu
1f4e7fadc8977402,keyword_template_aware,full,0.0,,1,0.02716702874749899,cpu
fbe7c7f7a997991c,keyword_template_aware,full,0.0,,1,0.014625024050474167,cpu
aa4866bd33fd9b49,keyword_template_aware,full,0.0,,1,0.05408306606113911,cpu
a52475bcdfac9ca8,keyword_template_aware,full,0.0,,1,0.0315000070258975,cpu
86345565ad91b85a,keyword_template_aware,full,0.0,,1,0.05849997978657484,cpu
08f0eefd4d34ef34,keyword_template_aware,full,0.0,,1,0.03604101948440075,cpu
0a22fe9517b7e66b,keyword_template_aware,full,0.0,,1,0.043708947487175465,cpu
de01c5dfc566f946,keyword_template_aware,full,0.0,,1,0.05420891102403402,cpu
5d4c7244e6cad038,keyword_template_aware,full,0.0,,1,0.04654098302125931,cpu
560d9e96840d73e9,keyword_template_aware,full,0.0,,1,0.0339169055223465,cpu
82332b97e5fce158,keyword_template_aware,full,0.0,,1,0.062000006437301636,cpu
c2e123f50bc907dc,keyword_template_aware,full,0.0,,1,0.0427919439971447,cpu
9cb71cc4b099c2d8,keyword_template_aware,full,0.0,,1,0.02754188608378172,cpu
6b4447ff75a4b941,keyword_template_aware,full,0.0,,1,0.040375045500695705,cpu
925c1997421eb94b,keyword_template_aware,full,0.0,,1,0.25395897682756186,cpu
3aa6192cb4daaeac,keyword_template_aware,full,0.0,,1,0.03424996975809336,cpu
1a4e624f20a4d270,keyword_template_aware,full,0.0,,1,0.03929203376173973,cpu
46c8ad74b4839dd8,keyword_template_aware,full,0.0,,1,0.03404100425541401,cpu
74abb4a760ac6c34,keyword_template_aware,full,0.0,,1,0.02091703936457634,cpu
6d2774630666011d,keyword_template_aware,full,0.0,,1,0.04700000863522291,cpu
48bd65c4a6415c68,keyword_template_aware,full,0.0,,1,0.024833017960190773,cpu
a0feb821ed4bafb9,keyword_template_aware,full,0.0,,1,0.051915994845330715,cpu
2edf9282ae9b5e38,keyword_template_aware,full,0.0,,1,0.029708025977015495,cpu
d4fb6e4b0d271147,keyword_template_aware,full,0.0,,1,0.03758305683732033,cpu
5fe3884f5a35d6e1,keyword_template_aware,full,0.0,,1,0.04766695201396942,cpu
3d90352550acbd3a,keyword_template_aware,full,0.0,,1,0.04024989902973175,cpu
ed1bbb72494c8e00,keyword_template_aware,full,0.0,,1,0.02762500662356615,cpu
7aae77e0de6106df,keyword_template_aware,full,0.0,,1,0.055541982874274254,cpu
44810056d70d7cb6,keyword_template_aware,full,0.0,,1,0.036499928683042526,cpu
eaab721967ba57cf,keyword_template_aware,full,0.0,,1,0.021583051420748234,cpu
3798462087af27b0,keyword_template_aware,full,0.0,,1,0.03404100425541401,cpu
811ff859a99b8706,keyword_template_aware,full,0.0,,1,0.02975005190819502,cpu
d53bbc161ffae65b,keyword_template_aware,full,0.0,,1,0.02787495031952858,cpu
d3897927dfad3215,keyword_template_aware,full,0.0,,1,0.03245798870921135,cpu
2590a1136f2b03bd,keyword_template_aware,full,0.0,,1,0.02775003667920828,cpu
a4a5447fe719a233,keyword_template_aware,full,0.0,,1,0.014959019608795643,cpu
a3380c70a25279fa,keyword_template_aware,full,1.0,6,1,0.056249904446303844,cpu
0164b3bbdda8d267,keyword_template_aware,full,1.0,6,1,0.033708056434988976,cpu
5aada1fbe0db921e,keyword_template_aware,full,1.0,6,1,0.058249919675290585,cpu
9c55a7d3f30eb2cd,keyword_template_aware,full,1.0,6,1,0.0378340482711792,cpu
974b825aa984ae88,keyword_template_aware,full,1.0,6,1,0.0451250234618783,cpu
fab687c4f306b351,keyword_template_aware,full,1.0,6,1,0.0552500132471323,cpu
584ac5a003829ca5,keyword_template_aware,full,1.0,6,1,0.048832967877388,cpu
f67c0ddb51cd20bf,keyword_template_aware,full,1.0,6,1,0.035082921385765076,cpu
0bf307cda376f8e0,keyword_template_aware,full,1.0,6,1,0.062166014686226845,cpu
3ad6103ce350325c,keyword_template_aware,full,1.0,6,1,0.04395795986056328,cpu
3d25c062698c9a2c,keyword_template_aware,full,1.0,6,1,0.029708025977015495,cpu
f31976f196ec881e,keyword_template_aware,full,1.0,6,1,0.04145805723965168,cpu
c8af8d9ad7177763,keyword_template_aware,full,1.0,6,1,0.03770797047764063,cpu
da3d719f1d082171,keyword_template_aware,full,1.0,6,1,0.035958015359938145,cpu
c4cb2a2fe8e883b6,keyword_template_aware,full,1.0,6,1,0.04058401100337505,cpu
01a6c53ae730cd75,keyword_template_aware,full,1.0,6,1,0.03545801155269146,cpu
ee7819f532e63dcb,keyword_template_aware,full,1.0,6,1,0.022957916371524334,cpu
c32e072d778fa0f1,keyword_template_aware,full,0.0,,1,0.05266699008643627,cpu
8b55c258f3d488e3,keyword_template_aware,full,0.0,,1,0.030249939300119877,cpu
1de6f36eda757299,keyword_template_aware,full,0.0,,1,0.056292046792805195,cpu
ad8fe697a93b40b3,keyword_template_aware,full,0.0,,1,0.03466696944087744,cpu
541eaaf3e13814f2,keyword_template_aware,full,0.0,,1,0.042375060729682446,cpu
988c0920f0229ac4,keyword_template_aware,full,0.0,,1,0.05266699008643627,cpu
5e2aa843cd2d8fa7,keyword_template_aware,full,0.0,,1,0.04520895890891552,cpu
64d65fd7a1ba1258,keyword_template_aware,full,0.0,,1,0.032791984267532825,cpu
292430c715f96564,keyword_template_aware,full,0.0,,1,0.06066600326448679,cpu
0790c92d3bafac1e,keyword_template_aware,full,0.0,,1,0.041416031308472157,cpu
1053ebdf7f525455,keyword_template_aware,full,0.0,,1,0.0265840208157897,cpu
696fb5e91587a96c,keyword_template_aware,full,0.0,,1,0.03900006413459778,cpu
dc628dfe48123c57,keyword_template_aware,full,0.0,,1,0.034917029552161694,cpu
d6c926dabf5d54a0,keyword_template_aware,full,0.0,,1,0.03300001844763756,cpu
9395c9c6e949a690,keyword_template_aware,full,0.0,,1,0.037624966353178024,cpu
1db7a7009645f359,keyword_template_aware,full,0.0,,1,0.032625044696033,cpu
de7a7645caa0fde5,keyword_template_aware,full,0.0,,1,0.019915984012186527,cpu
b2db029ac1aab136,keyword_template_aware,full,0.0,,1,0.05608296487480402,cpu
7c7c581cc4ea071c,keyword_template_aware,full,0.0,,1,0.033708056434988976,cpu
acacf52c193f5c48,keyword_template_aware,full,0.0,,1,0.06062490865588188,cpu
13297f65988a05e1,keyword_template_aware,full,0.0,,1,0.037917052395641804,cpu
ba2ed88fc7354d20,keyword_template_aware,full,0.0,,1,0.04666694439947605,cpu
3929013d3db63e7b,keyword_template_aware,full,0.0,,1,0.05749997217208147,cpu
0c3d72ae85e4f5f8,keyword_template_aware,full,0.0,,1,0.05083298310637474,cpu
46ef73fda46b6445,keyword_template_aware,full,0.0,,1,0.0379589619114995,cpu
87a23f0cc0604c99,keyword_template_aware,full,0.0,,1,0.06637501064687967,cpu
eb23d464bd284c42,keyword_template_aware,full,0.0,,1,0.04704098682850599,cpu
5b4d878696485afd,keyword_template_aware,full,0.0,,1,0.030583003535866737,cpu
4c58ca91221697cd,keyword_template_aware,full,0.0,,1,0.0439999857917428,cpu
99c24bb73fa34a40,keyword_template_aware,full,0.0,,1,0.03999995533376932,cpu
7d5a4c6c789d1011,keyword_template_aware,full,0.0,,1,0.03720808308571577,cpu
8a13d9025504f742,keyword_template_aware,full,0.0,,1,0.041958061046898365,cpu
4d0a1cf8f89da056,keyword_template_aware,full,0.0,,1,0.036667101085186005,cpu
a7fbe42ffc4437d0,keyword_template_aware,full,0.0,,1,0.023250002413988113,cpu
1d6cf9cfae45779c,keyword_template_aware,full,1.0,4,1,0.04983297549188137,cpu
5ccab6ecc82b7824,keyword_template_aware,full,1.0,4,1,0.02675002906471491,cpu
53e822763a62dbab,keyword_template_aware,full,1.0,4,1,0.0512079568579793,cpu
8a620ee1747ccd9b,keyword_template_aware,full,1.0,4,1,0.031208968721330166,cpu
e0a0115d55824147,keyword_template_aware,full,1.0,4,1,0.06737501826137304,cpu
ac63823440afa29f,keyword_template_aware,full,1.0,4,1,0.06912497337907553,cpu
134f453bff8b83dc,keyword_template_aware,full,1.0,4,1,0.04804099444299936,cpu
db3dc2197e87c138,keyword_template_aware,full,1.0,4,1,0.03083399496972561,cpu
fe7df75fdcbaedf1,keyword_template_aware,full,1.0,4,1,0.059875077567994595,cpu
e8cb2edf15175c8a,keyword_template_aware,full,1.0,4,1,0.04975008778274059,cpu
b32939a6301ac4c2,keyword_template_aware,full,1.0,4,1,0.02533290535211563,cpu
7ec89647453a8254,keyword_template_aware,full,1.0,4,1,0.037458958104252815,cpu
6e862c573e1f34cf,keyword_template_aware,full,1.0,4,1,0.033374992199242115,cpu
3293b5d9e57a8f66,keyword_template_aware,full,1.0,4,1,0.032415962778031826,cpu
6b824df07de3aa56,keyword_template_aware,full,1.0,4,1,0.03724999260157347,cpu
9a3a286557befd5c,keyword_template_aware,full,1.0,4,1,0.030957977287471294,cpu
62c75a7d66af040b,keyword_template_aware,full,1.0,4,1,0.0176670728251338,cpu
a36271705ad446dd,keyword_template_aware,full,0.0,,1,0.05170796066522598,cpu
8196e1d6ace6704a,keyword_template_aware,full,0.0,,1,0.02762500662356615,cpu
5f9217a9fc11b8ec,keyword_template_aware,full,0.0,,1,0.057040946558117867,cpu
8cf65994a75375dc,keyword_template_aware,full,0.0,,1,0.032832962460815907,cpu
c40aeeaa6a03be6c,keyword_template_aware,full,0.0,,1,0.04183303099125624,cpu
d3135ec101e588cb,keyword_template_aware,full,0.0,,1,0.05254207644611597,cpu
73fe404edc1c43e4,keyword_template_aware,full,0.0,,1,0.044042011722922325,cpu
6f37ee843ec0b6fd,keyword_template_aware,full,0.0,,1,0.03062502946704626,cpu
0e46fcd77ab919af,keyword_template_aware,full,0.0,,1,0.060707912780344486,cpu
ecf2e4f46394235a,keyword_template_aware,full,0.0,,1,0.0399160198867321,cpu
c41c38c12aca067b,keyword_template_aware,full,0.0,,1,0.023875036276876926,cpu
995339eff16c307c,keyword_template_aware,full,0.0,,1,0.03695907071232796,cpu
79ca415e706ee1f0,keyword_template_aware,full,0.0,,1,0.03279210068285465,cpu
eadb891bb1bf05d8,keyword_template_aware,full,0.0,,1,0.030082999728620052,cpu
7326c64ac8db67cc,keyword_template_aware,full,0.0,,1,0.03587501123547554,cpu
5f2519cf42ad0383,keyword_template_aware,full,0.0,,1,0.03004097379744053,cpu
789a09b03f7fde29,keyword_template_aware,full,0.0,,1,0.016457983292639256,cpu
536c3072a4c18530,keyword_template_aware,full,0.0,,1,0.05012506153434515,cpu
b13f2c747954194b,keyword_template_aware,full,0.0,,1,0.02475001383572817,cpu
bb8f7f8558db16e2,keyword_template_aware,full,0.0,,1,0.05300005432218313,cpu
7c8246d4a1786157,keyword_template_aware,full,0.0,,1,0.02945901360362768,cpu
064168f05e216ad4,keyword_template_aware,full,0.0,,1,0.03754196222871542,cpu
1338698bd76ef080,keyword_template_aware,full,0.0,,1,0.04862493369728327,cpu
a3a8b0d750849f44,keyword_template_aware,full,0.0,,1,0.04083407111465931,cpu
ad74d5bbcbea6f44,keyword_template_aware,full,0.0,,1,0.02704095095396042,cpu
9dcbb01990a1f890,keyword_template_aware,full,0.0,,1,0.05687493830919266,cpu
fe08d2045d16caa0,keyword_template_aware,full,0.0,,1,0.03662507515400648,cpu
2a6baba2cca81abf,keyword_template_aware,full,0.0,,1,0.02037500962615013,cpu
1804070a2b8c311f,keyword_template_aware,full,0.0,,1,0.03358395770192146,cpu
d11bb53e39b79cfc,keyword_template_aware,full,0.0,,1,0.029416987672448158,cpu
df06f6d93bc305ee,keyword_template_aware,full,0.0,,1,0.026958994567394257,cpu
b45e5e4bdcdff3ac,keyword_template_aware,full,0.0,,1,0.03220909275114536,cpu
186e9dd4f11ad942,keyword_template_aware,full,0.0,,1,0.026667024940252304,cpu
75b1d553393b98cd,keyword_template_aware,full,0.0,,1,0.014375080354511738,cpu
95197b9785970a54,keyword_template_aware,full,0.0,,1,0.05558307748287916,cpu
4133ace97be39e20,keyword_template_aware,full,0.0,,1,0.030749943107366562,cpu
9ba68764902afdce,keyword_template_aware,full,0.0,,1,0.060416990891098976,cpu
151c7370da7a0f1b,keyword_template_aware,full,0.0,,1,0.038375030271708965,cpu
e1d119449234cc16,keyword_template_aware,full,0.0,,1,0.04449998959898949,cpu
8d1105c8cd5e9be0,keyword_template_aware,full,0.0,,1,0.06500002928078175,cpu
f799bba188ac5260,keyword_template_aware,full,0.0,,1,0.052709016017615795,cpu
373866afda5509b5,keyword_template_aware,full,0.0,,1,0.035375007428228855,cpu
40568dcc59db469a,keyword_template_aware,full,0.0,,1,0.06462505552917719,cpu
36041e2f31483883,keyword_template_aware,full,0.0,,1,0.046291970647871494,cpu
15b188c6e96b322f,keyword_template_aware,full,0.0,,1,0.026957946829497814,cpu
83287b170ccd5168,keyword_template_aware,full,0.0,,1,0.0414170790463686,cpu
32d2fa6a2d602388,keyword_template_aware,full,0.0,,1,0.03616698086261749,cpu
c3280d8380c91cbd,keyword_template_aware,full,0.0,,1,0.03650004509836435,cpu
91f17c7559f31037,keyword_template_aware,full,0.0,,1,0.04783307667821646,cpu
bfe0179d13df80a3,keyword_template_aware,full,0.0,,1,0.03854196984320879,cpu
1f23648e5fd78d16,keyword_template_aware,full,0.0,,1,0.02116698306053877,cpu
1fa1376c99dafaf9,keyword_template_aware,full,0.0,,1,0.0540419714525342,cpu
ccd87faa3f5360f0,keyword_template_aware,full,0.0,,1,0.024709035642445087,cpu
0a04e773431e3501,keyword_template_aware,full,0.0,,1,0.05541602149605751,cpu
386057316f108bf0,keyword_template_aware,full,0.0,,1,0.033917021937668324,cpu
32362e7842d13047,keyword_template_aware,full,0.0,,1,0.042291940189898014,cpu
b6d17ce27b7fb3cb,keyword_template_aware,full,0.0,,1,0.05158304702490568,cpu
9c6d8f2510d4c2dd,keyword_template_aware,full,0.0,,1,0.04270800855010748,cpu
b0474aee7c5400f6,keyword_template_aware,full,0.0,,1,0.02737506292760372,cpu
977875db63634f9b,keyword_template_aware,full,0.0,,1,0.06245891563594341,cpu
8fc869b9b9fa47dd,keyword_template_aware,full,0.0,,1,0.03804103471338749,cpu
360ab6b9db9ab97f,keyword_template_aware,full,0.0,,1,0.020832987502217293,cpu
37a9628590134b13,keyword_template_aware,full,0.0,,1,0.03558304160833359,cpu
c931f71504f6a154,keyword_template_aware,full,0.0,,1,0.031832954846322536,cpu
10bd555e87372ef7,keyword_template_aware,full,0.0,,1,0.02779101487249136,cpu
66b706308e7e12e1,keyword_template_aware,full,0.0,,1,0.0337500823661685,cpu
5ceff6a37cd94477,keyword_template_aware,full,0.0,,1,0.0274579506367445,cpu
3dac9b0a58d292c9,keyword_template_aware,full,0.0,,1,0.013416982255876064,cpu
7efe955328eb8717,keyword_template_aware,full,0.0,,1,0.060249934904277325,cpu
84f7a4f113e3aeaf,keyword_template_aware,full,0.0,,1,0.032374984584748745,cpu
2454d5f54f221b94,keyword_template_aware,full,0.0,,1,0.063000014051795,cpu
a0c246ab3aa0f811,keyword_template_aware,full,0.0,,1,0.04316703416407108,cpu
b33673b4a025c1be,keyword_template_aware,full,0.0,,1,0.046584056690335274,cpu
2b14bcb0893cd63a,keyword_template_aware,full,0.0,,1,0.06912497337907553,cpu
05cdc1c67c23aeef,keyword_template_aware,full,0.0,,1,0.054750009439885616,cpu
f1906b9bee43ce8b,keyword_template_aware,full,0.0,,1,0.03816699609160423,cpu
a9389a80505cbe69,keyword_template_aware,full,0.0,,1,0.07041601929813623,cpu
b137626d2d236bb8,keyword_template_aware,full,0.0,,1,0.046291970647871494,cpu
18e18092d5e7086d,keyword_template_aware,full,0.0,,1,0.03358395770192146,cpu
107435fd60792ed5,keyword_template_aware,full,0.0,,1,0.04525005351752043,cpu
52e765be9e60eed5,keyword_template_aware,full,0.0,,1,0.04112499300390482,cpu
f594b8d36441fde4,keyword_template_aware,full,0.0,,1,0.035207951441407204,cpu
2bbba7c5f3199f19,keyword_template_aware,full,0.0,,1,0.040790997445583344,cpu
ac54213505548d45,keyword_template_aware,full,0.0,,1,0.03483390901237726,cpu
786718e43b2b4ae5,keyword_template_aware,full,0.0,,1,0.023290980607271194,cpu
2005b2b357639b39,keyword_template_aware,full,0.0,,1,0.04850002005696297,cpu
43cbfe41f88499c8,keyword_template_aware,full,0.0,,1,0.023833010345697403,cpu
0d39d548488952e6,keyword_template_aware,full,0.0,,1,0.05437503568828106,cpu
01dd6c624cf9a547,keyword_template_aware,full,0.0,,1,0.03258406650274992,cpu
702a949cfd595b32,keyword_template_aware,full,0.0,,1,0.03954197745770216,cpu
302fd35c02c47c42,keyword_template_aware,full,0.0,,1,0.05020899698138237,cpu
20f22820a735f564,keyword_template_aware,full,0.0,,1,0.044459011405706406,cpu
043a8c3090a2e0ee,keyword_template_aware,full,0.0,,1,0.026957946829497814,cpu
d487d1d728c29fbf,keyword_template_aware,full,0.0,,1,0.058333040215075016,cpu
6d59d6083c8bab77,keyword_template_aware,full,0.0,,1,0.03733392804861069,cpu
8c9a062bfc773b74,keyword_template_aware,full,0.0,,1,0.020209001377224922,cpu
804f0ee030f1a880,keyword_template_aware,full,0.0,,1,0.036708079278469086,cpu
55b39b182b469b9d,keyword_template_aware,full,0.0,,1,0.02958404365926981,cpu
ff6ce756b4f1d7b6,keyword_template_aware,full,0.0,,1,0.02729194238781929,cpu
a57a85dd50c9aa37,keyword_template_aware,full,0.0,,1,0.03300001844763756,cpu
b899668b33fd8048,keyword_template_aware,full,0.0,,1,0.026833033189177513,cpu
45b5133be0827a2e,keyword_template_aware,full,0.0,,1,0.012791017070412636,cpu
d3ae9f3971e62a80,keyword_template_aware,full,1.0,7,1,0.06329093594104052,cpu
ff2b7d938c56bdaf,keyword_template_aware,full,1.0,7,1,0.035208999179303646,cpu
45ba1e933e7360a9,keyword_template_aware,full,1.0,7,1,0.06354204379022121,cpu
73ca9f11e9338472,keyword_template_aware,full,1.0,7,1,0.04099996294826269,cpu
04bf3cbeea2ca3b2,keyword_template_aware,full,1.0,7,1,0.04900002386420965,cpu
12ad17e0c4c4ce4f,keyword_template_aware,full,1.0,7,1,0.0629589194431901,cpu
1ed7ba2ee9c4fa67,keyword_template_aware,full,1.0,7,1,0.05237502045929432,cpu
8a4bfb9f982dbf88,keyword_template_aware,full,1.0,7,1,0.03783300053328276,cpu
286a3dbcd23e11b8,keyword_template_aware,full,1.0,7,1,0.06958306767046452,cpu
a7287b676f3a2793,keyword_template_aware,full,1.0,7,1,0.04733400419354439,cpu
ee5bd4ccfd6883c9,keyword_template_aware,full,1.0,7,1,0.03279105294495821,cpu
edb85450d893c164,keyword_template_aware,full,1.0,7,1,0.043958076275885105,cpu
f68c9ebdb7fe54c3,keyword_template_aware,full,1.0,7,1,0.04249997437000275,cpu
4c03d994cb440473,keyword_template_aware,full,1.0,7,1,0.037499936297535896,cpu
551ecfc44ed5d18d,keyword_template_aware,full,1.0,7,1,0.04316703416407108,cpu
9215c1020e40433a,keyword_template_aware,full,1.0,7,1,0.037207966670393944,cpu
737d33e0f4c2d2e1,keyword_template_aware,full,1.0,7,1,0.024541979655623436,cpu
102f28f30fcd9063,keyword_template_aware,full,0.0,,1,0.052332994528114796,cpu
60845e7f6bebf620,keyword_template_aware,full,0.0,,1,0.026165973395109177,cpu
391c701506c4f492,keyword_template_aware,full,0.0,,1,0.05645793862640858,cpu
fb0426b25635f464,keyword_template_aware,full,0.0,,1,0.03341701813042164,cpu
44a637c81ff0828f,keyword_template_aware,full,0.0,,1,0.040416023693978786,cpu
90e5ddeb84a9aa92,keyword_template_aware,full,0.0,,1,0.05179096478968859,cpu
b1d56afa4741d6af,keyword_template_aware,full,0.0,,1,0.04612503107637167,cpu
80084c93c1e3ead9,keyword_template_aware,full,0.0,,1,0.02904096618294716,cpu
9fd2d02ea8641e05,keyword_template_aware,full,0.0,,1,0.060666934587061405,cpu
809732e6bf721910,keyword_template_aware,full,0.0,,1,0.04000007174909115,cpu
d5a02f05bc01a332,keyword_template_aware,full,0.0,,1,0.02404197584837675,cpu
d83e8fe89f872a4a,keyword_template_aware,full,0.0,,1,0.03716698847711086,cpu
5d738987fd8bf2e1,keyword_template_aware,full,0.0,,1,0.03170908894389868,cpu
a72a25789818fd91,keyword_template_aware,full,0.0,,1,0.029166927561163902,cpu
726c8822434d9562,keyword_template_aware,full,0.0,,1,0.0350000336766243,cpu
1cceb3c06cc7143f,keyword_template_aware,full,0.0,,1,0.03170897252857685,cpu
db4a0bf0558a3822,keyword_template_aware,full,0.0,,1,0.014999997802078724,cpu
1643ae7910fa4a7c,keyword_template_aware,full,0.0,,1,0.04841701593250036,cpu
b3ee3c823dd71928,keyword_template_aware,full,0.0,,1,0.024124979972839355,cpu
6d7635c1a3b91777,keyword_template_aware,full,0.0,,1,0.05495792720466852,cpu
ab8f27dcb376bc4f,keyword_template_aware,full,0.0,,1,0.03062502946704626,cpu
475aae7b5022dc10,keyword_template_aware,full,0.0,,1,0.03808306064456701,cpu
66cd5369ba0d7654,keyword_template_aware,full,0.0,,1,0.04950002767145634,cpu
110e2bb7faee4eea,keyword_template_aware,full,0.0,,1,0.041082967072725296,cpu
a9b0fcddb517d2f7,keyword_template_aware,full,0.0,,1,0.029582995921373367,cpu
7d2d836d8576b670,keyword_template_aware,full,0.0,,1,0.05845795385539532,cpu
7cf41da4149b302a,keyword_template_aware,full,0.0,,1,0.036917044781148434,cpu
e473d59e1567335f,keyword_template_aware,full,0.0,,1,0.02008303999900818,cpu
26dc609d8b1687c8,keyword_template_aware,full,0.0,,1,0.0362080754712224,cpu
5f9ed11d9157a5ba,keyword_template_aware,full,0.0,,1,0.029374961741268635,cpu
996df01d058394d3,keyword_template_aware,full,0.0,,1,0.026999972760677338,cpu
eb7a96838108fb2b,keyword_template_aware,full,0.0,,1,0.032415962778031826,cpu
28e6ed57d998ccc0,keyword_template_aware,full,0.0,,1,0.029416987672448158,cpu
5f34dfe284bc420a,keyword_template_aware,full,0.0,,1,0.012749922461807728,cpu
c985aeefc9d5248e,keyword_template_aware,full,0.0,,1,0.05708297248929739,cpu
266a6c419881c5f4,keyword_template_aware,full,0.0,,1,0.030084047466516495,cpu
d30a7dacb2811f98,keyword_template_aware,full,0.0,,1,0.05937495734542608,cpu
9a402719893d63d8,keyword_template_aware,full,0.0,,1,0.03774999640882015,cpu
96e70dd69c0db434,keyword_template_aware,full,0.0,,1,0.043625012040138245,cpu
39848730761b0af9,keyword_template_aware,full,0.0,,1,0.05504197906702757,cpu
efb907151ec25be1,keyword_template_aware,full,0.0,,1,0.049875001423060894,cpu
18cd6c1cb08b1c17,keyword_template_aware,full,0.0,,1,0.032374984584748745,cpu
7471820011c89259,keyword_template_aware,full,0.0,,1,0.0635830219835043,cpu
5ce2f396fc40a5de,keyword_template_aware,full,0.0,,1,0.04537496715784073,cpu
2e917c8cfe8994ad,keyword_template_aware,full,0.0,,1,0.025875051505863667,cpu
a0d396c1fcc650c9,keyword_template_aware,full,0.0,,1,0.039207981899380684,cpu
da316399265bf9a7,keyword_template_aware,full,0.0,,1,0.03495893906801939,cpu
697d3287e4417f1a,keyword_template_aware,full,0.0,,1,0.032667070627212524,cpu
2b7e1ff523050266,keyword_template_aware,full,0.0,,1,0.04112499300390482,cpu
305a979a2e7e986f,keyword_template_aware,full,0.0,,1,0.0322909327223897,cpu
1f92d4f1e6773035,keyword_template_aware,full,0.0,,1,0.018459046259522438,cpu
975a747cad16d2b9,keyword_template_aware,full,0.0,,1,0.05312496796250343,cpu
658d7e4160f4a8b4,keyword_template_aware,full,0.0,,1,0.026582973077893257,cpu
eeb54662ac8f35cd,keyword_template_aware,full,0.0,,1,0.07499998901039362,cpu
fc13f381b446a1c4,keyword_template_aware,full,0.0,,1,0.03566697705537081,cpu
0189f177abd1c67c,keyword_template_aware,full,0.0,,1,0.04120811354368925,cpu
8b0c8e3a7f9e6410,keyword_template_aware,full,0.0,,1,0.05220796447247267,cpu
b8dfd54aa9a4e0f4,keyword_template_aware,full,0.0,,1,0.043874955736100674,cpu
64d618620fb97f7c,keyword_template_aware,full,0.0,,1,0.029415939934551716,cpu
6d7d54dbf34fe5ee,keyword_template_aware,full,0.0,,1,0.061290920712053776,cpu
332fbf19e1d21658,keyword_template_aware,full,0.0,,1,0.03954197745770216,cpu
66f3f085735b3cbc,keyword_template_aware,full,0.0,,1,0.02279097680002451,cpu
a2a07bf28cc2c885,keyword_template_aware,full,0.0,,1,0.03883300814777613,cpu
1a3b8765161b2c44,keyword_template_aware,full,0.0,,1,0.032125040888786316,cpu
2282b2415a6a036c,keyword_template_aware,full,0.0,,1,0.02958404365926981,cpu
b8332b0698c64c46,keyword_template_aware,full,0.0,,1,0.03529200330376625,cpu
3fa6166c2898e146,keyword_template_aware,full,0.0,,1,0.02970895729959011,cpu
2e3cf5cc98ea1cbd,keyword_template_aware,full,0.0,,1,0.015374971553683281,cpu
61405cdda20e3068,keyword_template_aware,full,0.0,,1,0.05729100666940212,cpu
b83255370227bf23,keyword_template_aware,full,0.0,,1,0.032708048820495605,cpu
d050af5af0b0f9a2,keyword_template_aware,full,0.0,,1,0.06216694600880146,cpu
ebef3f0e76867fc6,keyword_template_aware,full,0.0,,1,0.04016701132059097,cpu
8dde528cf4ed0a27,keyword_template_aware,full,0.0,,1,0.0463749747723341,cpu
4dcfe847a901ec17,keyword_template_aware,full,0.0,,1,0.058458070270717144,cpu
d5894b516e8197c7,keyword_template_aware,full,0.0,,1,0.05054101347923279,cpu
1fd3d65425031132,keyword_template_aware,full,0.0,,1,0.03583298530429602,cpu
5bd16268212e1c46,keyword_template_aware,full,0.0,,1,0.06920902524143457,cpu
f666aa512de2721f,keyword_template_aware,full,0.0,,1,0.04541594535112381,cpu
836a36984891c134,keyword_template_aware,full,0.0,,1,0.028916983865201473,cpu
1965243f0d023361,keyword_template_aware,full,0.0,,1,0.04291697405278683,cpu
1c2efa9170df5a72,keyword_template_aware,full,0.0,,1,0.04029099363833666,cpu
a125e7a51fec39de,keyword_template_aware,full,0.0,,1,0.03616604954004288,cpu
f26d8b26fc86d015,keyword_template_aware,full,0.0,,1,0.05208398215472698,cpu
36a1dd75e0dc12b4,keyword_template_aware,full,0.0,,1,0.03587501123547554,cpu
9a101058f5949054,keyword_template_aware,full,0.0,,1,0.02320797648280859,cpu
57e4863861b4b269,keyword_template_aware,full,0.0,,1,0.06441597361117601,cpu
43282092db539762,keyword_template_aware,full,0.0,,1,0.03841693978756666,cpu
96aff1e71e57308a,keyword_template_aware,full,0.0,,1,0.07087504491209984,cpu
999bdf1433887bf8,keyword_template_aware,full,0.0,,1,0.04320894367992878,cpu
6b50b92f16ee9e89,keyword_template_aware,full,0.0,,1,0.05183299072086811,cpu
699a3fd4b581afec,keyword_template_aware,full,0.0,,1,0.06674998439848423,cpu
4e5fbf297e667af0,keyword_template_aware,full,0.0,,1,0.05554209928959608,cpu
0376640aa36c0098,keyword_template_aware,full,0.0,,1,0.043708947487175465,cpu
32da370a3709df33,keyword_template_aware,full,0.0,,1,0.07270800415426493,cpu
8f3587c7b7225255,keyword_template_aware,full,0.0,,1,0.05095801316201687,cpu
c476a95d3ba5748e,keyword_template_aware,full,0.0,,1,0.03687501884996891,cpu
6e5b21f96c5176ca,keyword_template_aware,full,0.0,,1,0.048042042180895805,cpu
78c922ee8e0491e3,keyword_template_aware,full,0.0,,1,0.04379195161163807,cpu
cee0301cfb2f7507,keyword_template_aware,full,0.0,,1,0.044042011722922325,cpu
b3910c0ecb20e4e3,keyword_template_aware,full,0.0,,1,0.05058397073298693,cpu
8300b2753a3b3fbc,keyword_template_aware,full,0.0,,1,0.04112499300390482,cpu
bad98dbf4247dbc4,keyword_template_aware,full,0.0,,1,0.026916037313640118,cpu
7065f61eb0d7352f,keyword_template_aware,full,1.0,4,1,0.04962494131177664,cpu
298ca1f4ee3c0944,keyword_template_aware,full,1.0,4,1,0.027542002499103546,cpu
ee6f799b886161cc,keyword_template_aware,full,1.0,4,1,0.0517918961122632,cpu
607dd3b66cc8d414,keyword_template_aware,full,1.0,4,1,0.028665992431342602,cpu
703b6c86ea25230c,keyword_template_aware,full,1.0,4,1,0.037209014408290386,cpu
fc5f6f9705a97103,keyword_template_aware,full,1.0,4,1,0.05929195322096348,cpu
90cc0753145b6290,keyword_template_aware,full,1.0,4,1,0.053292023949325085,cpu
b2ec418c7650bfd8,keyword_template_aware,full,1.0,4,1,0.02916704397648573,cpu
bfe4649bc925d068,keyword_template_aware,full,1.0,4,1,0.05804200191050768,cpu
0a0b584f755c45cf,keyword_template_aware,full,1.0,4,1,0.03854196984320879,cpu
965027e953c00976,keyword_template_aware,full,1.0,4,1,0.021875021047890186,cpu
02fc104e86925a01,keyword_template_aware,full,1.0,4,1,0.03445800393819809,cpu
1637e7c4deb24b95,keyword_template_aware,full,1.0,4,1,0.030125025659799576,cpu
ca1a2f27ef813f6d,keyword_template_aware,full,1.0,4,1,0.028333044610917568,cpu
3bc1d7cdfec679bb,keyword_template_aware,full,1.0,4,1,0.0339999096468091,cpu
7ff9f6bf03942436,keyword_template_aware,full,1.0,4,1,0.027499976567924023,cpu
7d98f86e45433c2d,keyword_template_aware,full,1.0,4,1,0.013917102478444576,cpu
d1d53986eebcf8e9,keyword_template_aware,full,4.0,0;5;10;11,1,0.06600003689527512,cpu
7d1aecc1011f0265,keyword_template_aware,full,4.0,0;5;10;11,1,0.039083999581635,cpu
b534a69065710714,keyword_template_aware,full,4.0,0;5;10;11,1,0.06999995093792677,cpu
881bf9ecf87196cd,keyword_template_aware,full,4.0,0;5;10;11,1,0.04445808008313179,cpu
d172d73d114eb390,keyword_template_aware,full,4.0,0;5;10;11,1,0.05512498319149017,cpu
1646bb486fd95c0d,keyword_template_aware,full,4.0,0;5;10;11,1,0.06070802919566631,cpu
fae9cdb4c889adfb,keyword_template_aware,full,4.0,0;5;10;11,1,0.07054198067635298,cpu
ddb5bddb58c6ddce,keyword_template_aware,full,4.0,0;5;10;11,1,0.03933301195502281,cpu
6a15ec7edce4621f,keyword_template_aware,full,4.0,0;5;10;11,1,0.06645801477134228,cpu
dc780f51f8310214,keyword_template_aware,full,4.0,0;5;10;11,1,0.04720897413790226,cpu
98185f34571f711e,keyword_template_aware,full,4.0,0;5;10;11,1,0.034665921702980995,cpu
0496c9f5dc8698d6,keyword_template_aware,full,4.0,0;5;10;11,1,0.045874970965087414,cpu
ed322d123dae10aa,keyword_template_aware,full,4.0,0;5;10;11,1,0.042665982618927956,cpu
a46ea56236be9a24,keyword_template_aware,full,4.0,0;5;10;11,1,0.04141696263104677,cpu
c85624027c700054,keyword_template_aware,full,4.0,0;5;10;11,1,0.0512079568579793,cpu
84c1ddd937d7ef60,keyword_template_aware,full,4.0,0;5;10;11,1,0.04204094875603914,cpu
a4664a9ddd38d1c5,keyword_template_aware,full,4.0,0;5;10;11,1,0.027125002816319466,cpu
496b462ed46e5cad,keyword_template_aware,full,3.0,0;10;11,1,0.05383300594985485,cpu
4565b1bad02fc26a,keyword_template_aware,full,3.0,0;10;11,1,0.029333052225410938,cpu
c6c53967688b6914,keyword_template_aware,full,3.0,0;10;11,1,0.05429098382592201,cpu
77dd953e441d79a3,keyword_template_aware,full,3.0,0;10;11,1,0.03508396912366152,cpu
3589dd20de744097,keyword_template_aware,full,3.0,0;10;11,1,0.042041996493935585,cpu
554111eb241efa54,keyword_template_aware,full,3.0,0;10;11,1,0.06141606718301773,cpu
deb7c5f264ac97fe,keyword_template_aware,full,3.0,0;10;11,1,0.05095801316201687,cpu
4cdbdd8b925144c0,keyword_template_aware,full,3.0,0;10;11,1,0.03420806024223566,cpu
69f2e029f57ab6cf,keyword_template_aware,full,3.0,0;10;11,1,0.05862500984221697,cpu
5ddef1d74a07f1a1,keyword_template_aware,full,3.0,0;10;11,1,0.03925000783056021,cpu
39148bd861cb0daf,keyword_template_aware,full,3.0,0;10;11,1,0.026082969270646572,cpu
f05b4c3d8616becd,keyword_template_aware,full,3.0,0;10;11,1,0.03791693598031998,cpu
f0fb7b768a19e4dd,keyword_template_aware,full,3.0,0;10;11,1,0.034041935577988625,cpu
653770b6040d2831,keyword_template_aware,full,3.0,0;10;11,1,0.032499898225069046,cpu
67bedfb12396ee3f,keyword_template_aware,full,3.0,0;10;11,1,0.0374580267816782,cpu
790198b4ee297d5c,keyword_template_aware,full,3.0,0;10;11,1,0.031624920666217804,cpu
06e6d84cecc1ac9b,keyword_template_aware,full,3.0,0;10;11,1,0.018249964341521263,cpu
ab0afe670b3e9c10,keyword_template_aware,full,3.0,0;10;11,1,0.07237493991851807,cpu
80e1afcf3b6026d6,keyword_template_aware,full,3.0,0;10;11,1,0.0479590380564332,cpu
10094ae39e10190c,keyword_template_aware,full,3.0,0;10;11,1,0.07187505252659321,cpu
7b331878cc9db97d,keyword_template_aware,full,3.0,0;10;11,1,0.052709016017615795,cpu
446c80fe81b37f75,keyword_template_aware,full,3.0,0;10;11,1,0.06004096940159798,cpu
7917f92f4ea88b90,keyword_template_aware,full,3.0,0;10;11,1,0.07087492849677801,cpu
65cc8b482fbe367c,keyword_template_aware,full,3.0,0;10;11,1,0.06554205901920795,cpu
6b3244648a2714ab,keyword_template_aware,full,3.0,0;10;11,1,0.04854204598814249,cpu
b6d14c3900eb0a05,keyword_template_aware,full,3.0,0;10;11,1,0.07629103492945433,cpu
146cb018e4ad5885,keyword_template_aware,full,3.0,0;10;11,1,0.05754106678068638,cpu
727bb5202b2891eb,keyword_template_aware,full,3.0,0;10;11,1,0.04383304622024298,cpu
9af405babf3b6571,keyword_template_aware,full,3.0,0;10;11,1,0.05591695662587881,cpu
1a314d97a8257469,keyword_template_aware,full,3.0,0;10;11,1,0.05216698627918959,cpu
05a923ce73a9b1e8,keyword_template_aware,full,3.0,0;10;11,1,0.051167095080018044,cpu
c60a6eacb7743b82,keyword_template_aware,full,3.0,0;10;11,1,0.057292054407298565,cpu
840021a8b8931807,keyword_template_aware,full,3.0,0;10;11,1,0.049584079533815384,cpu
f6d3143ab6ab1abe,keyword_template_aware,full,3.0,0;10;11,1,0.0362080754712224,cpu
5ecdf6c74ad26e80,keyword_template_aware,full,4.0,0;4;10;11,1,0.06366707384586334,cpu
11ff95a93ef7adc1,keyword_template_aware,full,4.0,0;4;10;11,1,0.03666605334728956,cpu
ae7c4a9bbc50886a,keyword_template_aware,full,4.0,0;4;10;11,1,0.056999968364834785,cpu
2ad833b31a7b994b,keyword_template_aware,full,4.0,0;4;10;11,1,0.04137493669986725,cpu
a76ef213354c637c,keyword_template_aware,full,4.0,0;4;10;11,1,0.048874993808567524,cpu
731cfb5cd3c2fbf8,keyword_template_aware,full,4.0,0;4;10;11,1,0.06237498018890619,cpu
aa2c3d7c0267a475,keyword_template_aware,full,4.0,0;4;10;11,1,0.05533406510949135,cpu
73e8604741f66fc7,keyword_template_aware,full,4.0,0;4;10;11,1,0.03774999640882015,cpu
919c36caf159111e,keyword_template_aware,full,4.0,0;4;10;11,1,0.062125036492943764,cpu
4de16110bcb0aa9a,keyword_template_aware,full,4.0,0;4;10;11,1,0.044042011722922325,cpu
699443d1a236b299,keyword_template_aware,full,4.0,0;4;10;11,1,0.032624928280711174,cpu
216b775b73d1a131,keyword_template_aware,full,4.0,0;4;10;11,1,0.04620896652340889,cpu
a01e974c4a090c16,keyword_template_aware,full,4.0,0;4;10;11,1,0.04012498538941145,cpu
e99833f9b99dcefb,keyword_template_aware,full,4.0,0;4;10;11,1,0.03975001163780689,cpu
cecf3df6f6cd5bd3,keyword_template_aware,full,4.0,0;4;10;11,1,0.04362489562481642,cpu
0111782af90bfe47,keyword_template_aware,full,4.0,0;4;10;11,1,0.040207989513874054,cpu
7e8b146ce4a8651a,keyword_template_aware,full,4.0,0;4;10;11,1,0.024125096388161182,cpu
25622b5a6db50395,keyword_template_aware,full,3.0,0;10;11,1,0.057416968047618866,cpu
46a04c70f427b36f,keyword_template_aware,full,3.0,0;10;11,1,0.03416696563363075,cpu
b0dc9e534ade2727,keyword_template_aware,full,3.0,0;10;11,1,0.05970802158117294,cpu
4c7f5d54b6639b62,keyword_template_aware,full,3.0,0;10;11,1,0.04108401481062174,cpu
202dcb1dc4983091,keyword_template_aware,full,3.0,0;10;11,1,0.04829210229218006,cpu
645423cf61566c91,keyword_template_aware,full,3.0,0;10;11,1,0.05862500984221697,cpu
588b78798c077cae,keyword_template_aware,full,3.0,0;10;11,1,0.05341588985174894,cpu
0c713c8799b98ac6,keyword_template_aware,full,3.0,0;10;11,1,0.035415985621511936,cpu
2a9d30486cfb0813,keyword_template_aware,full,3.0,0;10;11,1,0.06312504410743713,cpu
6fa9ce230546729b,keyword_template_aware,full,3.0,0;10;11,1,0.04566705320030451,cpu
bf704cdace898e66,keyword_template_aware,full,3.0,0;10;11,1,0.03045797348022461,cpu
7729afec28e56e96,keyword_template_aware,full,3.0,0;10;11,1,0.04612491466104984,cpu
b213114078949531,keyword_template_aware,full,3.0,0;10;11,1,0.03850006032735109,cpu
0ab90ff593d0ae38,keyword_template_aware,full,3.0,0;10;11,1,0.03737490624189377,cpu
a83a3ab6ce9c329e,keyword_template_aware,full,3.0,0;10;11,1,0.0463749747723341,cpu
280aa16f1112d680,keyword_template_aware,full,3.0,0;10;11,1,0.0363329891115427,cpu
cca3586ecf70b102,keyword_template_aware,full,3.0,0;10;11,1,0.023374916054308414,cpu
3a12ac1fc32808de,keyword_template_aware,full,3.0,0;10;11,1,0.057832919992506504,cpu
5f951abae3c40628,keyword_template_aware,full,3.0,0;10;11,1,0.031667063012719154,cpu
f24b6e48785faa60,keyword_template_aware,full,3.0,0;10;11,1,0.05504104774445295,cpu
fd90c4db7692eed6,keyword_template_aware,full,3.0,0;10;11,1,0.036958022974431515,cpu
7f1e86af646d35ae,keyword_template_aware,full,3.0,0;10;11,1,0.043042004108428955,cpu
3bb9fe0d510f11af,keyword_template_aware,full,3.0,0;10;11,1,0.05791592411696911,cpu
0091617cfab087ac,keyword_template_aware,full,3.0,0;10;11,1,0.049291993491351604,cpu
b9f4b9ddbd58f27a,keyword_template_aware,full,3.0,0;10;11,1,0.03308302257210016,cpu
a05330dd9715ec0b,keyword_template_aware,full,3.0,0;10;11,1,0.06441597361117601,cpu
fefd98ebd1b661cc,keyword_template_aware,full,3.0,0;10;11,1,0.041207997128367424,cpu
e29c005f510be8c8,keyword_template_aware,full,3.0,0;10;11,1,0.028082984499633312,cpu
44a5cefbd51ae96e,keyword_template_aware,full,3.0,0;10;11,1,0.04237494431436062,cpu
222c3fb9f3613cbd,keyword_template_aware,full,3.0,0;10;11,1,0.041665975004434586,cpu
0f9e73795263d15b,keyword_template_aware,full,3.0,0;10;11,1,0.04087504930794239,cpu
5ccc6871b76f4ae7,keyword_template_aware,full,3.0,0;10;11,1,0.039291917346417904,cpu
8945f69a38eb800b,keyword_template_aware,full,3.0,0;10;11,1,0.033667078241705894,cpu
b344d9abb3898232,keyword_template_aware,full,3.0,0;10;11,1,0.022709020413458347,cpu
f010c4c2a38d8355,keyword_template_aware,full,3.0,0;10;11,1,0.05712499842047691,cpu
7175b8f3f8b76f33,keyword_template_aware,full,3.0,0;10;11,1,0.0315000070258975,cpu
6d649221e3fc94d8,keyword_template_aware,full,3.0,0;10;11,1,0.054582953453063965,cpu
439530cfce6c4d2d,keyword_template_aware,full,3.0,0;10;11,1,0.04091695882380009,cpu
cbdd068220367a20,keyword_template_aware,full,3.0,0;10;11,1,0.04287506453692913,cpu
d8df64cef03a8847,keyword_template_aware,full,3.0,0;10;11,1,0.05600007716566324,cpu
c17616310517dd76,keyword_template_aware,full,3.0,0;10;11,1,0.048332964070141315,cpu
0b0b95d7aedf219f,keyword_template_aware,full,3.0,0;10;11,1,0.03250001464039087,cpu
7644b5baf80a1086,keyword_template_aware,full,3.0,0;10;11,1,0.061416998505592346,cpu
0e2a3a5a8b14bf19,keyword_template_aware,full,3.0,0;10;11,1,0.040624989196658134,cpu
8492c8ca38dfdb13,keyword_template_aware,full,3.0,0;10;11,1,0.03241701051592827,cpu
0d25c2e236f7dfea,keyword_template_aware,full,3.0,0;10;11,1,0.03916607238352299,cpu
d21816319f5493e6,keyword_template_aware,full,3.0,0;10;11,1,0.03950006794184446,cpu
8e2d66a3f26e4b0f,keyword_template_aware,full,3.0,0;10;11,1,0.12270803563296795,cpu
a90a0c8eea965f6e,keyword_template_aware,full,3.0,0;10;11,1,0.038624973967671394,cpu
8cf68b06234c4e25,keyword_template_aware,full,3.0,0;10;11,1,0.03220804501324892,cpu
fe63b862c4bf86c8,keyword_template_aware,full,3.0,0;10;11,1,0.019666971638798714,cpu
993113824715fcd9,keyword_template_aware,full,3.0,0;10;11,1,0.07816602010279894,cpu
a366739a2f4b5728,keyword_template_aware,full,3.0,0;10;11,1,0.05620799493044615,cpu
78f6af43dd11cdbf,keyword_template_aware,full,3.0,0;10;11,1,0.07833307608962059,cpu
eccf02903f362bb5,keyword_template_aware,full,3.0,0;10;11,1,0.06104202475398779,cpu
f9b16f4b9a047b66,keyword_template_aware,full,3.0,0;10;11,1,0.06762496195733547,cpu
1352995917bdfe37,keyword_template_aware,full,3.0,0;10;11,1,0.07695902604609728,cpu
41e901f86995aad4,keyword_template_aware,full,3.0,0;10;11,1,0.07191591430455446,cpu
363d680551f46e42,keyword_template_aware,full,3.0,0;10;11,1,0.056832912378013134,cpu
2127d0f19d5b1dfa,keyword_template_aware,full,3.0,0;10;11,1,0.08174998220056295,cpu
63e4cb714437d964,keyword_template_aware,full,3.0,0;10;11,1,0.06491702515631914,cpu
1e0190e313073862,keyword_template_aware,full,3.0,0;10;11,1,0.05216698627918959,cpu
ba31c547f85466d4,keyword_template_aware,full,3.0,0;10;11,1,0.06291596218943596,cpu
af3de2c843eb1000,keyword_template_aware,full,3.0,0;10;11,1,0.06004201713949442,cpu
4d9f91df8ffb33a9,keyword_template_aware,full,3.0,0;10;11,1,0.05866703577339649,cpu
b637f2abc96c1db2,keyword_template_aware,full,3.0,0;10;11,1,0.06320909596979618,cpu
6d027c6422534efb,keyword_template_aware,full,3.0,0;10;11,1,0.05787494592368603,cpu
14222baf338a3c45,keyword_template_aware,full,3.0,0;10;11,1,0.045625027269124985,cpu
27405f8ad3a5c0b0,keyword_template_aware,full,3.0,0;10;11,1,0.06395892705768347,cpu
2e45a002f99e0d3f,keyword_template_aware,full,3.0,0;10;11,1,0.04179088864475489,cpu
ef0244f113b7e0b0,keyword_template_aware,full,3.0,0;10;11,1,0.06379210390150547,cpu
40be93245669f5de,keyword_template_aware,full,3.0,0;10;11,1,0.04675006493926048,cpu
230fa84f5d4cf7bb,keyword_template_aware,full,3.0,0;10;11,1,0.052875024266541004,cpu
5cee851f3238d875,keyword_template_aware,full,3.0,0;10;11,1,0.06237498018890619,cpu
54419d0e9e17182b,keyword_template_aware,full,3.0,0;10;11,1,0.05749997217208147,cpu
296aae6605a63d0c,keyword_template_aware,full,3.0,0;10;11,1,0.04283396992832422,cpu
513cb3218617265f,keyword_template_aware,full,3.0,0;10;11,1,0.06787502206861973,cpu
2ab1d74d67e2c64a,keyword_template_aware,full,3.0,0;10;11,1,0.050875009037554264,cpu
840ac20a88fdcd7a,keyword_template_aware,full,3.0,0;10;11,1,0.03845791798084974,cpu
9dd7f69683396d01,keyword_template_aware,full,3.0,0;10;11,1,0.049458001740276814,cpu
0593af6f85ee062d,keyword_template_aware,full,3.0,0;10;11,1,0.046332948841154575,cpu
85095807c6865f4b,keyword_template_aware,full,3.0,0;10;11,1,0.04466692917048931,cpu
212cb9894a12b5e1,keyword_template_aware,full,3.0,0;10;11,1,0.04900002386420965,cpu
d9bd02fda0892831,keyword_template_aware,full,3.0,0;10;11,1,0.04412501584738493,cpu
e2b6636a5c5f7e6f,keyword_template_aware,full,3.0,0;10;11,1,0.03175006713718176,cpu
bca24534f2d711b8,keyword_template_aware,full,3.0,0;10;11,1,0.05587493069469929,cpu
d3d6904ffad120ed,keyword_template_aware,full,3.0,0;10;11,1,0.03420806024223566,cpu
b692f2f71dd7f1d6,keyword_template_aware,full,3.0,0;10;11,1,0.0629170099273324,cpu
d43cb0f2d1113abb,keyword_template_aware,full,3.0,0;10;11,1,0.0391670037060976,cpu
0ab220e700aa4ef4,keyword_template_aware,full,3.0,0;10;11,1,0.04454096779227257,cpu
18679c356192eb43,keyword_template_aware,full,3.0,0;10;11,1,0.05420902743935585,cpu
8d3a10daac669e77,keyword_template_aware,full,3.0,0;10;11,1,0.049958936870098114,cpu
30293ea1ccfa94f1,keyword_template_aware,full,3.0,0;10;11,1,0.03529200330376625,cpu
dd571349b71e3c2a,keyword_template_aware,full,3.0,0;10;11,1,0.05949998740106821,cpu
78b03cf100f5a8b4,keyword_template_aware,full,3.0,0;10;11,1,0.04924996756017208,cpu
eceab4a94deda9a8,keyword_template_aware,full,3.0,0;10;11,1,0.030666938982903957,cpu
ef6f53baf7ddeafb,keyword_template_aware,full,3.0,0;10;11,1,0.041416031308472157,cpu
d68f3ad12b49fb10,keyword_template_aware,full,3.0,0;10;11,1,0.038209022022783756,cpu
9dddf56f689a0139,keyword_template_aware,full,3.0,0;10;11,1,0.03683404065668583,cpu
d7394910432b6136,keyword_template_aware,full,3.0,0;10;11,1,0.041209044866263866,cpu
c49233e62c3d1750,keyword_template_aware,full,3.0,0;10;11,1,0.03629201091825962,cpu
b6b0fcfa1a33efbc,keyword_template_aware,full,3.0,0;10;11,1,0.024209031835198402,cpu
3365d367852a32ad,keyword_template_aware,full,3.0,0;10;11,1,0.061666942201554775,cpu
6a35a73bad196f24,keyword_template_aware,full,3.0,0;10;11,1,0.03987504169344902,cpu
e9a2f8c18d673c36,keyword_template_aware,full,3.0,0;10;11,1,0.061333063058555126,cpu
3a66ae648453e40a,keyword_template_aware,full,3.0,0;10;11,1,0.04850002005696297,cpu
cd910272aeb982a4,keyword_template_aware,full,3.0,0;10;11,1,0.05249993409961462,cpu
aedad81a9e212c74,keyword_template_aware,full,3.0,0;10;11,1,0.06383401341736317,cpu
f4a6ef0e01a6322c,keyword_template_aware,full,3.0,0;10;11,1,0.05608296487480402,cpu
6b291c86d16d74eb,keyword_template_aware,full,3.0,0;10;11,1,0.04070904105901718,cpu
c5d7364914bfbabb,keyword_template_aware,full,3.0,0;10;11,1,0.06645801477134228,cpu
89dcc5d2d89614f9,keyword_template_aware,full,3.0,0;10;11,1,0.04908395931124687,cpu
8b4bdc34568c0afd,keyword_template_aware,full,3.0,0;10;11,1,0.036415993236005306,cpu
b044549e5dbcdf16,keyword_template_aware,full,3.0,0;10;11,1,0.047749956138432026,cpu
9bd16cc3ec5dda78,keyword_template_aware,full,3.0,0;10;11,1,0.04424992948770523,cpu
4d23c99b32e1596b,keyword_template_aware,full,3.0,0;10;11,1,0.04287506453692913,cpu
8925c81df7f793f8,keyword_template_aware,full,3.0,0;10;11,1,0.04733307287096977,cpu
f59e5aa10e541efd,keyword_template_aware,full,3.0,0;10;11,1,0.04195794463157654,cpu
e21a8fa6b9e3771e,keyword_template_aware,full,3.0,0;10;11,1,0.029540969990193844,cpu
bdcf7070c1f40390,keyword_template_aware,full,3.0,0;10;11,1,0.05679100286215544,cpu
ef2228f195b79b2b,keyword_template_aware,full,3.0,0;10;11,1,0.03441702574491501,cpu
adc2414ecac69631,keyword_template_aware,full,3.0,0;10;11,1,0.056292046792805195,cpu
543403a5adb49681,keyword_template_aware,full,3.0,0;10;11,1,0.0391670037060976,cpu
19b77efbafd37971,keyword_template_aware,full,3.0,0;10;11,1,0.04570803139358759,cpu
3c0ca03db4bf7237,keyword_template_aware,full,3.0,0;10;11,1,0.05512498319149017,cpu
b5ce7a035184dbca,keyword_template_aware,full,3.0,0;10;11,1,0.05054101347923279,cpu
bed44aeeb8e8db4e,keyword_template_aware,full,3.0,0;10;11,1,0.0682090176269412,cpu
5bc21e2ee554bf6e,keyword_template_aware,full,3.0,0;10;11,1,0.07204199209809303,cpu
8fe6392bbad65100,keyword_template_aware,full,3.0,0;10;11,1,0.04754203837364912,cpu
8fd67fcfb503500a,keyword_template_aware,full,3.0,0;10;11,1,0.034041935577988625,cpu
0c03f1efc773b0ef,keyword_template_aware,full,3.0,0;10;11,1,0.045082997530698776,cpu
b2e105e6e8d1b430,keyword_template_aware,full,3.0,0;10;11,1,0.044291955418884754,cpu
bb40a1f3bd541080,keyword_template_aware,full,3.0,0;10;11,1,0.04008400719612837,cpu
5a6ad846befd10b5,keyword_template_aware,full,3.0,0;10;11,1,0.04433305002748966,cpu
d7a07249fdcd984e,keyword_template_aware,full,3.0,0;10;11,1,0.03958307206630707,cpu
8d0cacbe349e23c3,keyword_template_aware,full,3.0,0;10;11,1,0.031208968721330166,cpu
fd558fade65a403c,keyword_template_aware,full,4.0,0;6;10;11,1,0.07349997758865356,cpu
b79f70278a1509f1,keyword_template_aware,full,4.0,0;6;10;11,1,0.04462490323930979,cpu
57b3d6a82eff97a0,keyword_template_aware,full,4.0,0;6;10;11,1,0.0677499920129776,cpu
34688db6083ff531,keyword_template_aware,full,4.0,0;6;10;11,1,0.05208293441683054,cpu
035c8ae71f01941c,keyword_template_aware,full,4.0,0;6;10;11,1,0.057999975979328156,cpu
440e9acf16aeb868,keyword_template_aware,full,4.0,0;6;10;11,1,0.06750004831701517,cpu
f1bc253429a66651,keyword_template_aware,full,4.0,0;6;10;11,1,0.06462493911385536,cpu
af822595a66a3d58,keyword_template_aware,full,4.0,0;6;10;11,1,0.05058303941041231,cpu
c717a0b8a6a77117,keyword_template_aware,full,4.0,0;6;10;11,1,0.07116596680134535,cpu
0f992352c9ca268a,keyword_template_aware,full,4.0,0;6;10;11,1,0.054582953453063965,cpu
2669a6d001dd6610,keyword_template_aware,full,4.0,0;6;10;11,1,0.0398330157622695,cpu
51b62e0a00dbae10,keyword_template_aware,full,4.0,0;6;10;11,1,0.0564999645575881,cpu
f278bfe1977eb8b4,keyword_template_aware,full,4.0,0;6;10;11,1,0.04875008016824722,cpu
77f1ff8b24a68f18,keyword_template_aware,full,4.0,0;6;10;11,1,0.04912493750452995,cpu
527c6b2c19abb9ea,keyword_template_aware,full,4.0,0;6;10;11,1,0.05095789674669504,cpu
ba4fc0e634e158a6,keyword_template_aware,full,4.0,0;6;10;11,1,0.04533305764198303,cpu
e9cedf50312d033f,keyword_template_aware,full,4.0,0;6;10;11,1,0.03595906309783459,cpu
f1d22b5556571b8a,keyword_template_aware,full,3.0,0;10;11,1,0.06883300375193357,cpu
b868b882e5970900,keyword_template_aware,full,3.0,0;10;11,1,0.04116701893508434,cpu
53f455c0b89e255f,keyword_template_aware,full,3.0,0;10;11,1,0.06683403626084328,cpu
b23487e5ed751be4,keyword_template_aware,full,3.0,0;10;11,1,0.04979199729859829,cpu
34eec54813d341f4,keyword_template_aware,full,3.0,0;10;11,1,0.05308294203132391,cpu
ce0d6a3bc89e3b3e,keyword_template_aware,full,3.0,0;10;11,1,0.0652919989079237,cpu
ef1c2d9f8c91b2f9,keyword_template_aware,full,3.0,0;10;11,1,0.057832919992506504,cpu
9b05de1179ff25db,keyword_template_aware,full,3.0,0;10;11,1,0.04208402242511511,cpu
5baa7044ab251775,keyword_template_aware,full,3.0,0;10;11,1,0.07099995855242014,cpu
e500a02bd39f56e5,keyword_template_aware,full,3.0,0;10;11,1,0.051582930609583855,cpu
bdf4a8a2777d56a4,keyword_template_aware,full,3.0,0;10;11,1,0.03825000021606684,cpu
c9f1cddb62e252e4,keyword_template_aware,full,3.0,0;10;11,1,0.051875016652047634,cpu
090cd10bb440039b,keyword_template_aware,full,3.0,0;10;11,1,0.048625050112605095,cpu
84949aa397bfcca0,keyword_template_aware,full,3.0,0;10;11,1,0.04437495954334736,cpu
7bd8f7060a0f9315,keyword_template_aware,full,3.0,0;10;11,1,0.05079200491309166,cpu
cf5de4cb954f26ea,keyword_template_aware,full,3.0,0;10;11,1,0.042500090785324574,cpu
cb84a49967943ae2,keyword_template_aware,full,3.0,0;10;11,1,0.030125025659799576,cpu
4fbbc31b741eea7d,keyword_template_aware,full,3.0,0;10;11,1,0.07037504110485315,cpu
5a45397bfd32b631,keyword_template_aware,full,3.0,0;10;11,1,0.044708955101668835,cpu
f2ee7a74a062ba23,keyword_template_aware,full,3.0,0;10;11,1,0.0778749817982316,cpu
d483b27bc68aecbe,keyword_template_aware,full,3.0,0;10;11,1,0.050458009354770184,cpu
30da8865008ff7a9,keyword_template_aware,full,3.0,0;10;11,1,0.06062490865588188,cpu
4fe8f7da161cfcb3,keyword_template_aware,full,3.0,0;10;11,1,0.0664170365780592,cpu
ea0eae12144c9ee8,keyword_template_aware,full,3.0,0;10;11,1,0.06541702896356583,cpu
aa328fffb89e572a,keyword_template_aware,full,3.0,0;10;11,1,0.047332956455647945,cpu
2586e95498d27bbc,keyword_template_aware,full,3.0,0;10;11,1,0.07458403706550598,cpu
f57db9d83ffba068,keyword_template_aware,full,3.0,0;10;11,1,0.05395791959017515,cpu
54e0d86a3fc42fad,keyword_template_aware,full,3.0,0;10;11,1,0.04312500823289156,cpu
2978c234a588f647,keyword_template_aware,full,3.0,0;10;11,1,0.05754095036536455,cpu
b04d6b1bc8cd1e2f,keyword_template_aware,full,3.0,0;10;11,1,0.04983297549188137,cpu
38a8e0be3e063b03,keyword_template_aware,full,3.0,0;10;11,1,0.0490840757265687,cpu
ce75db0ff13ccbf2,keyword_template_aware,full,3.0,0;10;11,1,0.06400002166628838,cpu
a48e4f7215231dd0,keyword_template_aware,full,3.0,0;10;11,1,0.051332986913621426,cpu
4b61f93a7e855c07,keyword_template_aware,full,3.0,0;10;11,1,0.033458927646279335,cpu
7fdb6a5e588f7805,keyword_template_aware,full,4.0,0;4;10;11,1,0.059999991208314896,cpu
8c7f7c28d16281e3,keyword_template_aware,full,4.0,0;4;10;11,1,0.03645801916718483,cpu
08888d4eb45b8893,keyword_template_aware,full,4.0,0;4;10;11,1,0.055459095165133476,cpu
4c7c0fd329cbb0e5,keyword_template_aware,full,4.0,0;4;10;11,1,0.040624989196658134,cpu
3071095f22969b7c,keyword_template_aware,full,4.0,0;4;10;11,1,0.046999892219901085,cpu
1d34d9bc4e28202a,keyword_template_aware,full,4.0,0;4;10;11,1,0.05520903505384922,cpu
162ca106bd62d298,keyword_template_aware,full,4.0,0;4;10;11,1,0.051625072956085205,cpu
070e60a214b6afac,keyword_template_aware,full,4.0,0;4;10;11,1,0.03583403304219246,cpu
b89b6a4f9cfff08f,keyword_template_aware,full,4.0,0;4;10;11,1,0.058542005717754364,cpu
d326759686f538f5,keyword_template_aware,full,4.0,0;4;10;11,1,0.0426670303568244,cpu
c1d2256098f4e226,keyword_template_aware,full,4.0,0;4;10;11,1,0.032125040888786316,cpu
ded5280f34c84077,keyword_template_aware,full,4.0,0;4;10;11,1,0.042208004742860794,cpu
e1de51040027faed,keyword_template_aware,full,4.0,0;4;10;11,1,0.03887503407895565,cpu
35eb5caf04285715,keyword_template_aware,full,4.0,0;4;10;11,1,0.04445808008313179,cpu
c72b7dc29d2b8feb,keyword_template_aware,full,4.0,0;4;10;11,1,0.04166702274233103,cpu
afe7c34f17be311a,keyword_template_aware,full,4.0,0;4;10;11,1,0.0363329891115427,cpu
44a5300fe61f460d,keyword_template_aware,full,4.0,0;4;10;11,1,0.024999957531690598,cpu
124667c84137dbcf,keyword_template_aware,full,3.0,0;10;11,1,0.05629099905490875,cpu
9cd5b1f1c10f99e7,keyword_template_aware,full,3.0,0;10;11,1,0.034708064049482346,cpu
ef5b08e4f6c526fe,keyword_template_aware,full,3.0,0;10;11,1,0.05616701673716307,cpu
5ca3c1d82360f003,keyword_template_aware,full,3.0,0;10;11,1,0.03925000783056021,cpu
1e208928b008c7f5,keyword_template_aware,full,3.0,0;10;11,1,0.04516704939305782,cpu
b5161a85c0f6fa85,keyword_template_aware,full,3.0,0;10;11,1,0.054541975259780884,cpu
bc36804eceab2179,keyword_template_aware,full,3.0,0;10;11,1,0.04979094956070185,cpu
ac10bffe671842e0,keyword_template_aware,full,3.0,0;10;11,1,0.03516604192554951,cpu
3c6f09b38d3a55b8,keyword_template_aware,full,3.0,0;10;11,1,0.05962501745671034,cpu
0b1fb6e06e019bc6,keyword_template_aware,full,3.0,0;10;11,1,0.0427919439971447,cpu
42efadbccc37fb45,keyword_template_aware,full,3.0,0;10;11,1,0.030749943107366562,cpu
3d39c9aae87653fd,keyword_template_aware,full,3.0,0;10;11,1,0.041792052797973156,cpu
10c83fdab3d61172,keyword_template_aware,full,3.0,0;10;11,1,0.038499943912029266,cpu
3140cacbc5ae31ee,keyword_template_aware,full,3.0,0;10;11,1,0.03700004890561104,cpu
6d9e3a40870fa4e5,keyword_template_aware,full,3.0,0;10;11,1,0.048915972001850605,cpu
e6275148e1a10f69,keyword_template_aware,full,3.0,0;10;11,1,0.03641692455857992,cpu
a8a5e78500d72932,keyword_template_aware,full,3.0,0;10;11,1,0.02420798409730196,cpu
42fb3ecdfe7481ed,keyword_template_aware,full,3.0,0;10;11,1,0.05349994171410799,cpu
8c75b55df0bc08fa,keyword_template_aware,full,3.0,0;10;11,1,0.031832954846322536,cpu
d4ff2cd8ba8bd794,keyword_template_aware,full,3.0,0;10;11,1,0.052749994210898876,cpu
4ff7576781b4762f,keyword_template_aware,full,3.0,0;10;11,1,0.036041950806975365,cpu
73889116c486ad61,keyword_template_aware,full,3.0,0;10;11,1,0.04208309110254049,cpu
d83d4660e91f190e,keyword_template_aware,full,3.0,0;10;11,1,0.05141703877598047,cpu
bfc106a9eb32a943,keyword_template_aware,full,3.0,0;10;11,1,0.04720792640000582,cpu
c3a26bac27711bdb,keyword_template_aware,full,3.0,0;10;11,1,0.03279210068285465,cpu
75f798dbf157a8aa,keyword_template_aware,full,3.0,0;10;11,1,0.056833960115909576,cpu
90c89a325a2599bd,keyword_template_aware,full,3.0,0;10;11,1,0.04025001544505358,cpu
3bffce71fe678e9f,keyword_template_aware,full,3.0,0;10;11,1,0.028374954126775265,cpu
3bd4d196a6ca0981,keyword_template_aware,full,3.0,0;10;11,1,0.0390420900657773,cpu
f2dc85fcc1454745,keyword_template_aware,full,3.0,0;10;11,1,0.03574998117983341,cpu
19fc6952015078bc,keyword_template_aware,full,3.0,0;10;11,1,0.03458291757851839,cpu
d539eb2200bcad73,keyword_template_aware,full,3.0,0;10;11,1,0.04395900759845972,cpu
1fb733133fa39ebf,keyword_template_aware,full,3.0,0;10;11,1,0.033708056434988976,cpu
6c1b0bd1432d2bd1,keyword_template_aware,full,3.0,0;10;11,1,0.021708081476390362,cpu
b7bfd89a2516a61f,keyword_template_aware,full,3.0,0;10;11,1,0.057416968047618866,cpu
6d16f706f7ef2ec7,keyword_template_aware,full,3.0,0;10;11,1,0.04325003828853369,cpu
1a700b0b060b750b,keyword_template_aware,full,3.0,0;10;11,1,0.05737494211643934,cpu
fda1d739e6022ef8,keyword_template_aware,full,3.0,0;10;11,1,0.040375045500695705,cpu
fe7a616af6676300,keyword_template_aware,full,3.0,0;10;11,1,0.04641606938093901,cpu
b9cf5d46e2209e53,keyword_template_aware,full,3.0,0;10;11,1,0.05579192657023668,cpu
712325c577664f7b,keyword_template_aware,full,3.0,0;10;11,1,0.051292008720338345,cpu
546c6e1c1ee03eb0,keyword_template_aware,full,3.0,0;10;11,1,0.03704091068357229,cpu
a16573dcc6892898,keyword_template_aware,full,3.0,0;10;11,1,0.06062502507120371,cpu
4aa87bbe8a06d6bf,keyword_template_aware,full,3.0,0;10;11,1,0.04420790355652571,cpu
5591f99dfba02ec0,keyword_template_aware,full,3.0,0;10;11,1,0.03258301876485348,cpu
9ba32bfc6ddb9845,keyword_template_aware,full,3.0,0;10;11,1,0.04299997817724943,cpu
adf2050b9f732ce4,keyword_template_aware,full,3.0,0;10;11,1,0.04541699308902025,cpu
c1a27b609d1e32e8,keyword_template_aware,full,3.0,0;10;11,1,0.038917060010135174,cpu
77f5081f7cc45662,keyword_template_aware,full,3.0,0;10;11,1,0.042874948121607304,cpu
d5d949b8ec317085,keyword_template_aware,full,3.0,0;10;11,1,0.0375829404219985,cpu
1c0daf7376300750,keyword_template_aware,full,3.0,0;10;11,1,0.026000081561505795,cpu
006a3b579a31fae1,keyword_template_aware,full,3.0,0;10;11,1,0.052332994528114796,cpu
6c0c8d3168b11e7b,keyword_template_aware,full,3.0,0;10;11,1,0.03099988680332899,cpu
f7f1fde488573f43,keyword_template_aware,full,3.0,0;10;11,1,0.05237502045929432,cpu
e19d85eeded8b64e,keyword_template_aware,full,3.0,0;10;11,1,0.03570900298655033,cpu
2560a554987e7b09,keyword_template_aware,full,3.0,0;10;11,1,0.041166902519762516,cpu
472064b450812081,keyword_template_aware,full,3.0,0;10;11,1,0.051042065024375916,cpu
7a47d8974158a4cc,keyword_template_aware,full,3.0,0;10;11,1,0.05183299072086811,cpu
a2a8d172b846adaa,keyword_template_aware,full,3.0,0;10;11,1,0.03191700670868158,cpu
9f814b8bd0c8fcc3,keyword_template_aware,full,3.0,0;10;11,1,0.05604198668152094,cpu
3e018a30578dc921,keyword_template_aware,full,3.0,0;10;11,1,0.0391670037060976,cpu
97eface20bc9cbc2,keyword_template_aware,full,3.0,0;10;11,1,0.02762500662356615,cpu
449fa79ce1c00bd1,keyword_template_aware,full,3.0,0;10;11,1,0.03808399196714163,cpu
b1647cb55e98a701,keyword_template_aware,full,3.0,0;10;11,1,0.0350830378010869,cpu
ab454273c5122e72,keyword_template_aware,full,3.0,0;10;11,1,0.03416696563363075,cpu
6d3b9453ef4626f8,keyword_template_aware,full,3.0,0;10;11,1,0.03825000021606684,cpu
e16de0265c49ee62,keyword_template_aware,full,3.0,0;10;11,1,0.032625044696033,cpu
fe1d8439e4748c14,keyword_template_aware,full,3.0,0;10;11,1,0.021166051737964153,cpu
40d77261f24414fb,keyword_template_aware,full,3.0,0;10;11,1,0.058165984228253365,cpu
23d72b2e97cdb44e,keyword_template_aware,full,3.0,0;10;11,1,0.036541023291647434,cpu
af44de3998076d71,keyword_template_aware,full,3.0,0;10;11,1,0.05791697185486555,cpu
a02af55985fc4dd9,keyword_template_aware,full,3.0,0;10;11,1,0.04095793701708317,cpu
48cc6c61ceeb93a9,keyword_template_aware,full,3.0,0;10;11,1,0.04670803900808096,cpu
cd718a8c6f616d3c,keyword_template_aware,full,3.0,0;10;11,1,0.05662499461323023,cpu
2de0f2a76c8b7aa6,keyword_template_aware,full,3.0,0;10;11,1,0.051999930292367935,cpu
81513b38c46378fb,keyword_template_aware,full,3.0,0;10;11,1,0.04316703416407108,cpu
42e21954821628ff,keyword_template_aware,full,3.0,0;10;11,1,0.06191700231283903,cpu
4351aa86c4a89b3b,keyword_template_aware,full,3.0,0;10;11,1,0.04499999340623617,cpu
950dde9b8f863e51,keyword_template_aware,full,3.0,0;10;11,1,0.033041927963495255,cpu
83decfda48ed3e38,keyword_template_aware,full,3.0,0;10;11,1,0.04345795605331659,cpu
970549b04c284203,keyword_template_aware,full,3.0,0;10;11,1,0.040458980947732925,cpu
f0bf296fff67fb40,keyword_template_aware,full,3.0,0;10;11,1,0.03933394327759743,cpu
47307cbfbe122a7c,keyword_template_aware,full,3.0,0;10;11,1,0.05166709888726473,cpu
aebdbc0500c39c58,keyword_template_aware,full,3.0,0;10;11,1,0.03816606476902962,cpu
1710f1f0ec2ab4c9,keyword_template_aware,full,3.0,0;10;11,1,0.026458059437572956,cpu
28300f61dd1ca5cb,keyword_template_aware,full,3.0,0;10;11,1,0.051709008403122425,cpu
f05ee848697bdeaf,keyword_template_aware,full,3.0,0;10;11,1,0.030666938982903957,cpu
9c8de8a057bbfe8e,keyword_template_aware,full,3.0,0;10;11,1,0.05191704258322716,cpu
45716cd41951e6e8,keyword_template_aware,full,3.0,0;10;11,1,0.035375007428228855,cpu
de2fe2155496bad5,keyword_template_aware,full,3.0,0;10;11,1,0.040790997445583344,cpu
d192a36d649420d4,keyword_template_aware,full,3.0,0;10;11,1,0.0504170311614871,cpu
e21a5627b97f0cd5,keyword_template_aware,full,3.0,0;10;11,1,0.04604191053658724,cpu
860477970deccb5c,keyword_template_aware,full,3.0,0;10;11,1,0.0315419165417552,cpu
6a67c82166a50ac5,keyword_template_aware,full,3.0,0;10;11,1,0.05604198668152094,cpu
4cd16651fb05efbc,keyword_template_aware,full,3.0,0;10;11,1,0.0391670037060976,cpu
cd36f10561c489a2,keyword_template_aware,full,3.0,0;10;11,1,0.02762500662356615,cpu
7f45f4bd3a9bcf4b,keyword_template_aware,full,3.0,0;10;11,1,0.038207974284887314,cpu
bc7e2d683c63a808,keyword_template_aware,full,3.0,0;10;11,1,0.034917029552161694,cpu
922bbd68748de4ef,keyword_template_aware,full,3.0,0;10;11,1,0.03374996595084667,cpu
6a6022f29c272d95,keyword_template_aware,full,3.0,0;10;11,1,0.03883300814777613,cpu
a95745dc93e0d069,keyword_template_aware,full,3.0,0;10;11,1,0.03291701432317495,cpu
d9d0f510f9da7b14,keyword_template_aware,full,3.0,0;10;11,1,0.021083978936076164,cpu
6650a31aa50b6de2,keyword_template_aware,full,4.0,0;7;10;11,1,0.06091699469834566,cpu
0c0184e7a5137294,keyword_template_aware,full,4.0,0;7;10;11,1,0.0392089132219553,cpu
249f33e76c0841ee,keyword_template_aware,full,4.0,0;7;10;11,1,0.058165984228253365,cpu
ef1f23ace7c891ee,keyword_template_aware,full,4.0,0;7;10;11,1,0.04341697786003351,cpu
fac34eaa1d366aac,keyword_template_aware,full,4.0,0;7;10;11,1,0.048625050112605095,cpu
ac834bd58ae0d68c,keyword_template_aware,full,4.0,0;7;10;11,1,0.058125006034970284,cpu
a9af6a4599d46347,keyword_template_aware,full,4.0,0;7;10;11,1,0.05454104393720627,cpu
90d35bb388363151,keyword_template_aware,full,4.0,0;7;10;11,1,0.03900006413459778,cpu
9a3425d7aa31c3bd,keyword_template_aware,full,4.0,0;7;10;11,1,0.061666942201554775,cpu
8a031aa60d58c466,keyword_template_aware,full,4.0,0;7;10;11,1,0.045792083255946636,cpu
05ca6d461f79e6aa,keyword_template_aware,full,4.0,0;7;10;11,1,0.03529200330376625,cpu
302ddb87acc4c920,keyword_template_aware,full,4.0,0;7;10;11,1,0.04545797128230333,cpu
0bff5205dadeefbf,keyword_template_aware,full,4.0,0;7;10;11,1,0.04229205660521984,cpu
e9c41333b313c5f5,keyword_template_aware,full,4.0,0;7;10;11,1,0.04133395850658417,cpu
ef8abe12a6fc37e9,keyword_template_aware,full,4.0,0;7;10;11,1,0.05620799493044615,cpu
5aff59fc4e845dc7,keyword_template_aware,full,4.0,0;7;10;11,1,0.04000007174909115,cpu
896a878fb34b87b9,keyword_template_aware,full,4.0,0;7;10;11,1,0.028667040169239044,cpu
6152db23714162f9,keyword_template_aware,full,3.0,0;10;11,1,0.06054097320884466,cpu
564bb1e22db5c7dd,keyword_template_aware,full,3.0,0;10;11,1,0.038624973967671394,cpu
0e3bd322f0052b65,keyword_template_aware,full,3.0,0;10;11,1,0.053958967328071594,cpu
590f805a5c8be2db,keyword_template_aware,full,3.0,0;10;11,1,0.03699993249028921,cpu
d90c2e50ef884e99,keyword_template_aware,full,3.0,0;10;11,1,0.04287506453692913,cpu
e08d9e80f5d8a549,keyword_template_aware,full,3.0,0;10;11,1,0.05258305463939905,cpu
e9df62690b89d742,keyword_template_aware,full,3.0,0;10;11,1,0.047874986194074154,cpu
04be07a5337feac5,keyword_template_aware,full,3.0,0;10;11,1,0.042874948121607304,cpu
699754f465a82ad4,keyword_template_aware,full,3.0,0;10;11,1,0.057833967730402946,cpu
a4767e765da45b89,keyword_template_aware,full,3.0,0;10;11,1,0.040958053432404995,cpu
b2a0db7bd8dce8b2,keyword_template_aware,full,3.0,0;10;11,1,0.029166927561163902,cpu
a34b6dc69a4bd472,keyword_template_aware,full,3.0,0;10;11,1,0.03966700751334429,cpu
ecd368ab6f620a90,keyword_template_aware,full,3.0,0;10;11,1,0.03658304922282696,cpu
35bc9b5470067595,keyword_template_aware,full,3.0,0;10;11,1,0.03516697324812412,cpu
647ab22efae3210d,keyword_template_aware,full,3.0,0;10;11,1,0.03954197745770216,cpu
98d656d9149c26c7,keyword_template_aware,full,3.0,0;10;11,1,0.03450002986937761,cpu
a7123a3e3b7f24e6,keyword_template_aware,full,3.0,0;10;11,1,0.05420797970145941,cpu
4281a5d0b70d39f4,keyword_template_aware,full,3.0,0;10;11,1,0.058416975662112236,cpu
3a507c778fa5705f,keyword_template_aware,full,3.0,0;10;11,1,0.03441690932959318,cpu
16b5bd37c29c292f,keyword_template_aware,full,3.0,0;10;11,1,0.061290920712053776,cpu
32ec333d2bf0ca29,keyword_template_aware,full,3.0,0;10;11,1,0.05579099524766207,cpu
81a9c077b3ae2e28,keyword_template_aware,full,3.0,0;10;11,1,0.05058397073298693,cpu
49ad8a8730de6b59,keyword_template_aware,full,3.0,0;10;11,1,0.05566701292991638,cpu
2b034622f2ad268c,keyword_template_aware,full,3.0,0;10;11,1,0.05249993409961462,cpu
745061b617e8c2fe,keyword_template_aware,full,3.0,0;10;11,1,0.0363329891115427,cpu
49812b8d3c5b3c2f,keyword_template_aware,full,3.0,0;10;11,1,0.06512505933642387,cpu
53f544ae55454af3,keyword_template_aware,full,3.0,0;10;11,1,0.04254200030118227,cpu
a21b4d40ac76a1af,keyword_template_aware,full,3.0,0;10;11,1,0.030166935175657272,cpu
02d15e591e197259,keyword_template_aware,full,3.0,0;10;11,1,0.04437495954334736,cpu
64d120dfddce09e9,keyword_template_aware,full,3.0,0;10;11,1,0.0427919439971447,cpu
f4724062a1ee6edd,keyword_template_aware,full,3.0,0;10;11,1,0.038707978092134,cpu
15ace2987905d23e,keyword_template_aware,full,3.0,0;10;11,1,0.04329101648181677,cpu
1a4baf71f9392beb,keyword_template_aware,full,3.0,0;10;11,1,0.060875085182487965,cpu
63d6797dabbbd25f,keyword_template_aware,full,3.0,0;10;11,1,0.02458400558680296,cpu
f8cd1351c283454a,keyword_template_aware,full,3.0,0;10;11,1,0.06004201713949442,cpu
a2c64cf7878e883a,keyword_template_aware,full,3.0,0;10;11,1,0.03654195461422205,cpu
bdd9fa38b202ee8a,keyword_template_aware,full,3.0,0;10;11,1,0.05791697185486555,cpu
acb7355e5ea6c053,keyword_template_aware,full,3.0,0;10;11,1,0.041125109419226646,cpu
bbaf99e70e1247f7,keyword_template_aware,full,3.0,0;10;11,1,0.047625042498111725,cpu
e4d99ec9d92404da,keyword_template_aware,full,3.0,0;10;11,1,0.05679205060005188,cpu
c5a310113faa63c0,keyword_template_aware,full,3.0,0;10;11,1,0.0516669824719429,cpu
c9501eb22c79d80d,keyword_template_aware,full,3.0,0;10;11,1,0.03654195461422205,cpu
629c04847a104694,keyword_template_aware,full,3.0,0;10;11,1,0.061125028878450394,cpu
426011c0fc6fb2e6,keyword_template_aware,full,3.0,0;10;11,1,0.044625019654631615,cpu
2b8882692f2a762b,keyword_template_aware,full,3.0,0;10;11,1,0.03220909275114536,cpu
b6ebcda054294aa6,keyword_template_aware,full,3.0,0;10;11,1,0.04295899998396635,cpu
7326059354046c9c,keyword_template_aware,full,3.0,0;10;11,1,0.047666020691394806,cpu
05541227faf2fdc7,keyword_template_aware,full,3.0,0;10;11,1,0.03850006032735109,cpu
80d7122560c728a4,keyword_template_aware,full,3.0,0;10;11,1,0.04270800855010748,cpu
bff05a293c1ad54f,keyword_template_aware,full,3.0,0;10;11,1,0.03729201853275299,cpu
c9189930da8a1b99,keyword_template_aware,full,3.0,0;10;11,1,0.025541987270116806,cpu
df606887cae94d23,keyword_template_aware,full,3.0,0;10;11,1,0.05449994932860136,cpu
050566caf9ece120,keyword_template_aware,full,3.0,0;10;11,1,0.03291701432317495,cpu
29f783be1549cc90,keyword_template_aware,full,3.0,0;10;11,1,0.05441601388156414,cpu
404974e5df7e3917,keyword_template_aware,full,3.0,0;10;11,1,0.037458958104252815,cpu
c068426e8b92bb62,keyword_template_aware,full,3.0,0;10;11,1,0.043625012040138245,cpu
018f40ae3eb6f81c,keyword_template_aware,full,3.0,0;10;11,1,0.05308294203132391,cpu
a9e065115c57e457,keyword_template_aware,full,3.0,0;10;11,1,0.04837499000132084,cpu
82d726b6b207aa31,keyword_template_aware,full,3.0,0;10;11,1,0.03374996595084667,cpu
60ea83c6df4574ba,keyword_template_aware,full,3.0,0;10;11,1,0.05829194560647011,cpu
0afdd4a85902af25,keyword_template_aware,full,3.0,0;10;11,1,0.041375053115189075,cpu
8efd558b761d67ef,keyword_template_aware,full,3.0,0;10;11,1,0.029249931685626507,cpu
fa224ef0b27e2881,keyword_template_aware,full,3.0,0;10;11,1,0.045042019337415695,cpu
18371382a9e2007a,keyword_template_aware,full,3.0,0;10;11,1,0.03695790655910969,cpu
0118818db42bb27b,keyword_template_aware,full,3.0,0;10;11,1,0.035415985621511936,cpu
535db4e97f5ee952,keyword_template_aware,full,3.0,0;10;11,1,0.039624981582164764,cpu
4b6142e7dff345f8,keyword_template_aware,full,3.0,0;10;11,1,0.034334021620452404,cpu
bfbe8240dfa37fac,keyword_template_aware,full,3.0,0;10;11,1,0.022709020413458347,cpu
26a3f4106b2c228f,keyword_template_aware,full,3.0,0;10;11,1,0.059666926972568035,cpu
bac19fcedcc9d18b,keyword_template_aware,full,3.0,0;10;11,1,0.037665944546461105,cpu
5e5bbc1c43bff217,keyword_template_aware,full,3.0,0;10;11,1,0.05908298771828413,cpu
027cb1f5bec107c2,keyword_template_aware,full,3.0,0;10;11,1,0.04245794843882322,cpu
8345e3e26c79a28b,keyword_template_aware,full,3.0,0;10;11,1,0.04862493369728327,cpu
04d9fcd709bbc599,keyword_template_aware,full,3.0,0;10;11,1,0.057833967730402946,cpu
ee735c9feb89bb2a,keyword_template_aware,full,3.0,0;10;11,1,0.05362497176975012,cpu
9d32518e5ec194e8,keyword_template_aware,full,3.0,0;10;11,1,0.03891601227223873,cpu
dd4fe43a071f59eb,keyword_template_aware,full,3.0,0;10;11,1,0.06291689351201057,cpu
89edead05a7bbeb5,keyword_template_aware,full,3.0,0;10;11,1,0.04616600926965475,cpu
e8b41b278d2586db,keyword_template_aware,full,3.0,0;10;11,1,0.03424996975809336,cpu
eadc82764c59af85,keyword_template_aware,full,3.0,0;10;11,1,0.04470802377909422,cpu
cfb1c8b8298e5fb3,keyword_template_aware,full,3.0,0;10;11,1,0.04187505692243576,cpu
a50bebc48817a399,keyword_template_aware,full,3.0,0;10;11,1,0.04058296326547861,cpu
6bde1b7650cb52ee,keyword_template_aware,full,3.0,0;10;11,1,0.04454201553016901,cpu
a7ccac39a487d75e,keyword_template_aware,full,3.0,0;10;11,1,0.03954092971980572,cpu
5fda87947d214509,keyword_template_aware,full,3.0,0;10;11,1,0.027708010748028755,cpu
16a78799f5087c24,keyword_template_aware,full,3.0,0;10;11,1,0.06374996155500412,cpu
33990f1b8371e0ed,keyword_template_aware,full,3.0,0;10;11,1,0.04199997056275606,cpu
3533e68759450be4,keyword_template_aware,full,3.0,0;10;11,1,0.06337498780339956,cpu
cecef7202c5f031c,keyword_template_aware,full,3.0,0;10;11,1,0.04620896652340889,cpu
7e408a2d285b2b1c,keyword_template_aware,full,3.0,0;10;11,1,0.05237502045929432,cpu
b7ddd60f24b821db,keyword_template_aware,full,3.0,0;10;11,1,0.06754195783287287,cpu
69d0847b776d319b,keyword_template_aware,full,3.0,0;10;11,1,0.05745794624090195,cpu
3bd02b5c3fb25d63,keyword_template_aware,full,3.0,0;10;11,1,0.04258297849446535,cpu
d3645d4df678649a,keyword_template_aware,full,3.0,0;10;11,1,0.06741599645465612,cpu
0d6364d594245f95,keyword_template_aware,full,3.0,0;10;11,1,0.05020899698138237,cpu
a8b643bec3705152,keyword_template_aware,full,3.0,0;10;11,1,0.03825000021606684,cpu
3345ec4ee98a2060,keyword_template_aware,full,3.0,0;10;11,1,0.04866695962846279,cpu
c6baa9f22c40e96c,keyword_template_aware,full,3.0,0;10;11,1,0.045791035518050194,cpu
d88c548aaebeaa49,keyword_template_aware,full,3.0,0;10;11,1,0.044375075958669186,cpu
df9d0d792636c21c,keyword_template_aware,full,3.0,0;10;11,1,0.04845799412578344,cpu
c04e0f77e4019eda,keyword_template_aware,full,3.0,0;10;11,1,0.043541076593101025,cpu
1bcc4f69016fca69,keyword_template_aware,full,3.0,0;10;11,1,0.03158405888825655,cpu
fe39563fd161039a,keyword_template_aware,full,4.0,0;4;10;11,1,0.05391694139689207,cpu
aa9e695a5711033e,keyword_template_aware,full,4.0,0;4;10;11,1,0.03179209306836128,cpu
a1e5300f06dfe35b,keyword_template_aware,full,4.0,0;4;10;11,1,0.05079200491309166,cpu
eec09d64993876a4,keyword_template_aware,full,4.0,0;4;10;11,1,0.043625012040138245,cpu
0bd877a827edca75,keyword_template_aware,full,4.0,0;4;10;11,1,0.041291932575404644,cpu
043687e734c93cdb,keyword_template_aware,full,4.0,0;4;10;11,1,0.05095906089991331,cpu
6a2881384345c43a,keyword_template_aware,full,4.0,0;4;10;11,1,0.0475000124424696,cpu
d1265da61d97e1d5,keyword_template_aware,full,4.0,0;4;10;11,1,0.03162503708153963,cpu
c1a23531caa6fd41,keyword_template_aware,full,4.0,0;4;10;11,1,0.053916010074317455,cpu
1800543595282703,keyword_template_aware,full,4.0,0;4;10;11,1,0.038624973967671394,cpu
1942a6417d2ef2c3,keyword_template_aware,full,4.0,0;4;10;11,1,0.028416980057954788,cpu
acb8b597809daac6,keyword_template_aware,full,4.0,0;4;10;11,1,0.03825000021606684,cpu
d8bb8f970de3f5f7,keyword_template_aware,full,4.0,0;4;10;11,1,0.03529200330376625,cpu
9bcad984bcfd9174,keyword_template_aware,full,4.0,0;4;10;11,1,0.03479095175862312,cpu
82b602d9c91dc5a0,keyword_template_aware,full,4.0,0;4;10;11,1,0.03845803439617157,cpu
3947c50783031842,keyword_template_aware,full,4.0,0;4;10;11,1,0.032957992516458035,cpu
3ea17bc2ed55c041,keyword_template_aware,full,4.0,0;4;10;11,1,0.02174999099224806,cpu
76f4951b8df14efa,keyword_template_aware,full,1.0,4,1,0.052040908485651016,cpu
3843117aab01a0e8,keyword_template_aware,full,1.0,4,1,0.0297910301014781,cpu
4451a4ea2d9a10ec,keyword_template_aware,full,1.0,4,1,0.053833937272429466,cpu
0e178a4b1ff87aad,keyword_template_aware,full,1.0,4,1,0.03424996975809336,cpu
f22bdbd44afc1e6f,keyword_template_aware,full,1.0,4,1,0.046625034883618355,cpu
838710a680c61066,keyword_template_aware,full,1.0,4,1,0.051167095080018044,cpu
d46ddd1a34efbebb,keyword_template_aware,full,1.0,4,1,0.04520895890891552,cpu
8561c650b3f718ec,keyword_template_aware,full,1.0,4,1,0.031291041523218155,cpu
d5e21ad3ab31c6bb,keyword_template_aware,full,1.0,4,1,0.05712499842047691,cpu
a0f9cd0a95d17776,keyword_template_aware,full,1.0,4,1,0.039624981582164764,cpu
7ad53180de6aaf2b,keyword_template_aware,full,1.0,4,1,0.026125111617147923,cpu
5e08fd6479a2a398,keyword_template_aware,full,1.0,4,1,0.03750005271285772,cpu
292378527c1cf597,keyword_template_aware,full,1.0,4,1,0.0337500823661685,cpu
49814aa429e45074,keyword_template_aware,full,1.0,4,1,0.03233295865356922,cpu
540c1aba397b6f6a,keyword_template_aware,full,1.0,4,1,0.03658304922282696,cpu
9401f826e5e2340b,keyword_template_aware,full,1.0,4,1,0.03170792479068041,cpu
ae851bf12a08b11b,keyword_template_aware,full,1.0,4,1,0.01958396751433611,cpu
2d003d1df2176a67,keyword_template_aware,full,1.0,4,1,0.049708993174135685,cpu
c0d882e5575f7dea,keyword_template_aware,full,1.0,4,1,0.028166919946670532,cpu
ee07a713cdc52c9f,keyword_template_aware,full,1.0,4,1,0.052208080887794495,cpu
ff95c4f65903cf15,keyword_template_aware,full,1.0,4,1,0.03316695801913738,cpu
5fe1db48c18eb2c5,keyword_template_aware,full,1.0,4,1,0.04499999340623617,cpu
474057d3bc6b9401,keyword_template_aware,full,1.0,4,1,0.0504170311614871,cpu
a8dcc8db0b68e973,keyword_template_aware,full,1.0,4,1,0.05758402403444052,cpu
5c5ba4d1eb0a7c57,keyword_template_aware,full,1.0,4,1,0.03212492447346449,cpu
2b7299d1e5310b3b,keyword_template_aware,full,1.0,4,1,0.056582968682050705,cpu
c66060efea7be9fd,keyword_template_aware,full,1.0,4,1,0.038707978092134,cpu
5fd54f98b4b0e1df,keyword_template_aware,full,1.0,4,1,0.025292043574154377,cpu
1b0306caaefc1b6a,keyword_template_aware,full,1.0,4,1,0.03687501884996891,cpu
c447beac713f3785,keyword_template_aware,full,1.0,4,1,0.03287498839199543,cpu
5ac26dbe2ce4408c,keyword_template_aware,full,1.0,4,1,0.031542032957077026,cpu
5543da93ee13fac2,keyword_template_aware,full,1.0,4,1,0.03558304160833359,cpu
36631bae8fed2b62,keyword_template_aware,full,1.0,4,1,0.030832947231829166,cpu
869a59aee96954a7,keyword_template_aware,full,1.0,4,1,0.01862493809312582,cpu
1e2a9b8a7a9d282b,keyword_template_aware,full,1.0,4,1,0.048416899517178535,cpu
8c5ee201ff8e9f2d,keyword_template_aware,full,1.0,4,1,0.026791938580572605,cpu
6be95478b569799a,keyword_template_aware,full,1.0,4,1,0.05112495273351669,cpu
a2bed8afb923956e,keyword_template_aware,full,1.0,4,1,0.031333998776972294,cpu
aa5ffa5e7d8d9076,keyword_template_aware,full,1.0,4,1,0.038499943912029266,cpu
d8c8149280ef2337,keyword_template_aware,full,1.0,4,1,0.04854204598814249,cpu
348b669e787db181,keyword_template_aware,full,1.0,4,1,0.04225003067404032,cpu
98e86713c65255da,keyword_template_aware,full,1.0,4,1,0.02862501423805952,cpu
fdead785a62bbbef,keyword_template_aware,full,1.0,4,1,0.05454209167510271,cpu
596348d4dbe5b30d,keyword_template_aware,full,1.0,4,1,0.03712496254593134,cpu
da13bd8980074069,keyword_template_aware,full,1.0,4,1,0.023582950234413147,cpu
816c52e74b90b5e1,keyword_template_aware,full,1.0,4,1,0.03520806785672903,cpu
bde9a8583850b96c,keyword_template_aware,full,1.0,4,1,0.03158301115036011,cpu
bd36d48edce22403,keyword_template_aware,full,1.0,4,1,0.029957969672977924,cpu
4bb838bd5dd2500f,keyword_template_aware,full,1.0,4,1,0.03408303018659353,cpu
2f9f3352280f1f7b,keyword_template_aware,full,1.0,4,1,0.02920802216976881,cpu
2f306cfa43344188,keyword_template_aware,full,1.0,4,1,0.016874982975423336,cpu
b164634434c82b85,keyword_template_aware,full,1.0,4,1,0.0476249260827899,cpu
330ab5263a0f38ee,keyword_template_aware,full,1.0,4,1,0.02616702113300562,cpu
6b62011a98b821e7,keyword_template_aware,full,1.0,4,1,0.04966696724295616,cpu
ebefb16826db9bd8,keyword_template_aware,full,1.0,4,1,0.030374969355762005,cpu
abc631991685bc93,keyword_template_aware,full,1.0,4,1,0.037416000850498676,cpu
45ab757788fdc620,keyword_template_aware,full,1.0,4,1,0.04733400419354439,cpu
b5bc053abea7171d,keyword_template_aware,full,1.0,4,1,0.041291932575404644,cpu
4b8ec97cdff200c8,keyword_template_aware,full,1.0,4,1,0.02733292058110237,cpu
3cb301792a292756,keyword_template_aware,full,1.0,4,1,0.05350005812942982,cpu
369d82a94e2fbc82,keyword_template_aware,full,1.0,4,1,0.03574998117983341,cpu
6083051668184f86,keyword_template_aware,full,1.0,4,1,0.02237502485513687,cpu
888bbcfb22717d54,keyword_template_aware,full,1.0,4,1,0.03408303018659353,cpu
79ecc14f72184945,keyword_template_aware,full,1.0,4,1,0.029832939617335796,cpu
9e43219dabc65299,keyword_template_aware,full,1.0,4,1,0.028582988306879997,cpu
8b947e17d734c5ca,keyword_template_aware,full,1.0,4,1,0.03304204437881708,cpu
bd8b14b947e21ff7,keyword_template_aware,full,1.0,4,1,0.02804095856845379,cpu
ec33618e65246ff3,keyword_template_aware,full,1.0,4,1,0.015959027223289013,cpu
994e4ba559216d82,keyword_template_aware,full,1.0,4,1,0.06345799192786217,cpu
aeb0ae00fe537203,keyword_template_aware,full,1.0,4,1,0.040917075239121914,cpu
2cdde4cab754dfcd,keyword_template_aware,full,1.0,4,1,0.06400002166628838,cpu
fb4e95ce1dba7964,keyword_template_aware,full,1.0,4,1,0.04691700451076031,cpu
0dffdd80c18eb796,keyword_template_aware,full,1.0,4,1,0.051875016652047634,cpu
b6bac03793365018,keyword_template_aware,full,1.0,4,1,0.06883300375193357,cpu
291cd461ba2ff46e,keyword_template_aware,full,1.0,4,1,0.05583302117884159,cpu
c82fe2975fed9ac7,keyword_template_aware,full,1.0,4,1,0.05212496034801006,cpu
7c40ecc763aca33c,keyword_template_aware,full,1.0,4,1,0.067666987888515,cpu
b649053f9e961b39,keyword_template_aware,full,1.0,4,1,0.05037500523030758,cpu
7d8a37121a82cfb8,keyword_template_aware,full,1.0,4,1,0.04650000482797623,cpu
0e01e8c5ef08755d,keyword_template_aware,full,1.0,4,1,0.04854192957282066,cpu
f1b6f2789c31a86c,keyword_template_aware,full,1.0,4,1,0.05433289334177971,cpu
d99f9f73aefcc8d3,keyword_template_aware,full,1.0,4,1,0.04345807246863842,cpu
ce5d5861b3ef09ec,keyword_template_aware,full,1.0,4,1,0.04745891783386469,cpu
6e07f330b8181237,keyword_template_aware,full,1.0,4,1,0.04241603892296553,cpu
89d9bc3d4669f9ef,keyword_template_aware,full,1.0,4,1,0.030125025659799576,cpu
a5ddc3a55d1dc297,keyword_template_aware,full,1.0,4,1,0.05391694139689207,cpu
7b7625bc591e6f3d,keyword_template_aware,full,1.0,4,1,0.031041912734508514,cpu
b4fe926891ba1ad9,keyword_template_aware,full,1.0,4,1,0.06437499541789293,cpu
1d449624e9a7fb38,keyword_template_aware,full,1.0,4,1,0.03575009759515524,cpu
20a04aec79408336,keyword_template_aware,full,1.0,4,1,0.0427919439971447,cpu
9a54a2dd3d56f22e,keyword_template_aware,full,1.0,4,1,0.0527920201420784,cpu
813c895b63c7df88,keyword_template_aware,full,1.0,4,1,0.04691700451076031,cpu
a36b545ede7d25db,keyword_template_aware,full,1.0,4,1,0.0327499583363533,cpu
6b3da20e29fc9082,keyword_template_aware,full,1.0,4,1,0.058959005400538445,cpu
59c9366a4c9eabff,keyword_template_aware,full,1.0,4,1,0.04141696263104677,cpu
806e247b14bec7bf,keyword_template_aware,full,1.0,4,1,0.027959002181887627,cpu
1c37aeff62043721,keyword_template_aware,full,1.0,4,1,0.0391670037060976,cpu
19d15926c7af388f,keyword_template_aware,full,1.0,4,1,0.035624951124191284,cpu
bf1ec8a882022d39,keyword_template_aware,full,1.0,4,1,0.034374999813735485,cpu
1cb44255aec82892,keyword_template_aware,full,1.0,4,1,0.03816594835370779,cpu
246ba0b9f459000d,keyword_template_aware,full,1.0,4,1,0.03329094033688307,cpu
f93e98bb00df8904,keyword_template_aware,full,1.0,4,1,0.02095801755785942,cpu
6d2fc584d8a99575,keyword_template_aware,full,1.0,4,1,0.05112506914883852,cpu
24a3919a796638a0,keyword_template_aware,full,1.0,4,1,0.028499984182417393,cpu
04dc8d0377f0f09d,keyword_template_aware,full,1.0,4,1,0.05237490404397249,cpu
c716ce56bf5047d3,keyword_template_aware,full,1.0,4,1,0.03291701432317495,cpu
237eb82fb49c0ce7,keyword_template_aware,full,1.0,4,1,0.04025001544505358,cpu
64765eddf417c067,keyword_template_aware,full,1.0,4,1,0.05591695662587881,cpu
0408d2e96b722308,keyword_template_aware,full,1.0,4,1,0.04404096398502588,cpu
f0938bfa398aa858,keyword_template_aware,full,1.0,4,1,0.03004097379744053,cpu
b18a27332dbb68c0,keyword_template_aware,full,1.0,4,1,0.055875047110021114,cpu
9b58fca919b8de84,keyword_template_aware,full,1.0,4,1,0.038375030271708965,cpu
9930ace5c181bc87,keyword_template_aware,full,1.0,4,1,0.024957931600511074,cpu
d5c9e3141a7716ef,keyword_template_aware,full,1.0,4,1,0.03658398054540157,cpu
1710645f7b186d9f,keyword_template_aware,full,1.0,4,1,0.03287498839199543,cpu
7ea7099a0c5d2afb,keyword_template_aware,full,1.0,4,1,0.031374976970255375,cpu
15bb3126387cc8e7,keyword_template_aware,full,1.0,4,1,0.035958015359938145,cpu
9a514c052d075f94,keyword_template_aware,full,1.0,4,1,0.030666007660329342,cpu
de8f5843f4651ff1,keyword_template_aware,full,1.0,4,1,0.01837499439716339,cpu
a9cc1fde02877c64,keyword_template_aware,full,1.0,4,1,0.06504205521196127,cpu
da9a88388fbbfe15,keyword_template_aware,full,1.0,4,1,0.042208004742860794,cpu
bf4eb05001ccc8e9,keyword_template_aware,full,1.0,4,1,0.06558396853506565,cpu
ff952bcfa6d7764c,keyword_template_aware,full,1.0,4,1,0.045958091504871845,cpu
dfa855f12a891e0a,keyword_template_aware,full,1.0,4,1,0.05337502807378769,cpu
4e1348923837c0dc,keyword_template_aware,full,1.0,4,1,0.06949994713068008,cpu
74c2bf0ad4baf13e,keyword_template_aware,full,1.0,4,1,0.05729100666940212,cpu
504dfcf1c29a5067,keyword_template_aware,full,1.0,4,1,0.0902919564396143,cpu
038a08d55a08c97f,keyword_template_aware,full,1.0,4,1,0.08491694461554289,cpu
403cb77db1d0e5dd,keyword_template_aware,full,1.0,4,1,0.06091699469834566,cpu
5148207d24ee0b95,keyword_template_aware,full,1.0,4,1,0.04479195922613144,cpu
6df6e4902083ab6d,keyword_template_aware,full,1.0,4,1,0.056458055041730404,cpu
076a9095c540df16,keyword_template_aware,full,1.0,4,1,0.05541602149605751,cpu
00553b0072254ba6,keyword_template_aware,full,1.0,4,1,0.049749971367418766,cpu
22c92ba2fbc1b537,keyword_template_aware,full,1.0,4,1,0.055958982557058334,cpu
57a470370672557a,keyword_template_aware,full,1.0,4,1,0.04950002767145634,cpu
bbf25cc9e1383824,keyword_template_aware,full,1.0,4,1,0.03533298149704933,cpu
713f49bc5cbb613a,keyword_template_aware,full,1.0,4,1,0.06812508217990398,cpu
5679c43147801313,keyword_template_aware,full,1.0,4,1,0.04183303099125624,cpu
310ff04bb1361854,keyword_template_aware,full,1.0,4,1,0.06870809011161327,cpu
f3a9547f5d4542bc,keyword_template_aware,full,1.0,4,1,0.0463330652564764,cpu
f47ad54975ba082a,keyword_template_aware,full,1.0,4,1,0.05733396392315626,cpu
b39584463f5d6e44,keyword_template_aware,full,1.0,4,1,0.06837502587586641,cpu
9a1f750e180976b2,keyword_template_aware,full,1.0,4,1,0.05837494973093271,cpu
85460176ba6e8606,keyword_template_aware,full,1.0,4,1,0.04208309110254049,cpu
c45f86c602df907f,keyword_template_aware,full,1.0,4,1,0.07441698107868433,cpu
6c27e1e6e55b896a,keyword_template_aware,full,1.0,4,1,0.05229096859693527,cpu
142bda5dec849366,keyword_template_aware,full,1.0,4,1,0.03616698086261749,cpu
27b33c5bee16387f,keyword_template_aware,full,1.0,4,1,0.05237502045929432,cpu
4053979efc282bf2,keyword_template_aware,full,1.0,4,1,0.046874978579580784,cpu
ab8fe9647a18179c,keyword_template_aware,full,1.0,4,1,0.046332948841154575,cpu
e5118bf28cb8272f,keyword_template_aware,full,1.0,4,1,0.0512909609824419,cpu
6d37f3ff2bc7e4b0,keyword_template_aware,full,1.0,4,1,0.04241697024554014,cpu
45fb86128f9fe35e,keyword_template_aware,full,1.0,4,1,0.03133306745439768,cpu
fdb92206d8d09174,keyword_template_aware,full,1.0,4,1,0.05566596519201994,cpu
1fc1e4cb8a27ca26,keyword_template_aware,full,1.0,4,1,0.02875004429370165,cpu
036dc9487be66122,keyword_template_aware,full,1.0,4,1,0.055541982874274254,cpu
a1633f168fb43506,keyword_template_aware,full,1.0,4,1,0.03374996595084667,cpu
51f971331acff4e7,keyword_template_aware,full,1.0,4,1,0.043375068344175816,cpu
9dea9ee966808d6f,keyword_template_aware,full,1.0,4,1,0.0541249755769968,cpu
c94b1461aa8aafe9,keyword_template_aware,full,1.0,4,1,0.04612503107637167,cpu
3405ccca07216d40,keyword_template_aware,full,1.0,4,1,0.030082999728620052,cpu
b3b6f44e82dd1f06,keyword_template_aware,full,1.0,4,1,0.0624579843133688,cpu
8c2af5f4b1dc1bbc,keyword_template_aware,full,1.0,4,1,0.03966700751334429,cpu
33ed2451ee1d78b0,keyword_template_aware,full,1.0,4,1,0.024208100512623787,cpu
1af19732acf2ab1c,keyword_template_aware,full,1.0,4,1,0.040207989513874054,cpu
7f1e1ec9a3702090,keyword_template_aware,full,1.0,4,1,0.03575009759515524,cpu
00c824151260f40c,keyword_template_aware,full,1.0,4,1,0.031333998776972294,cpu
9a2ab0c7c0aa7126,keyword_template_aware,full,1.0,4,1,0.03587501123547554,cpu
7fd4ae1735a5aac3,keyword_template_aware,full,1.0,4,1,0.030374969355762005,cpu
6f89131fd2407951,keyword_template_aware,full,1.0,4,1,0.017040991224348545,cpu
55708084770957c7,keyword_template_aware,full,1.0,4,1,0.06620795466005802,cpu
3f2ab89ab2af0efc,keyword_template_aware,full,1.0,4,1,0.03899994771927595,cpu
306f829ac727f9df,keyword_template_aware,full,1.0,4,1,0.0653750030323863,cpu
a49eda718cab64d2,keyword_template_aware,full,1.0,4,1,0.04683295264840126,cpu
6a9977dacee29c91,keyword_template_aware,full,1.0,4,1,0.05124998278915882,cpu
405e01412354919d,keyword_template_aware,full,1.0,4,1,0.0654999166727066,cpu
d25d855ea2b86c6a,keyword_template_aware,full,1.0,4,1,0.05991593934595585,cpu
7dcca3c088e31513,keyword_template_aware,full,1.0,4,1,0.04025001544505358,cpu
8aa4b8ef8766204d,keyword_template_aware,full,1.0,4,1,0.07108307909220457,cpu
11ac576c6a8f976f,keyword_template_aware,full,1.0,4,1,0.0512909609824419,cpu
e29fd9c24e3b7505,keyword_template_aware,full,1.0,4,1,0.03470794763416052,cpu
5fe0abf25020417c,keyword_template_aware,full,1.0,4,1,0.047749956138432026,cpu
1c0e2cbae63cadad,keyword_template_aware,full,1.0,4,1,0.04604097921401262,cpu
22dcd0d95ba557eb,keyword_template_aware,full,1.0,4,1,0.042375060729682446,cpu
252be62d1dd0144c,keyword_template_aware,full,1.0,4,1,0.04720792640000582,cpu
1ff911bfd936b448,keyword_template_aware,full,1.0,4,1,0.04304107278585434,cpu
1f9a1f19dd14bfa9,keyword_template_aware,full,1.0,4,1,0.027666916139423847,cpu
30572a27a5169cc0,keyword_template_aware,full,1.0,4,1,0.06599992047995329,cpu
c1fec6b39607652e,keyword_template_aware,full,1.0,4,1,0.04070799332112074,cpu
467754127d8cec03,keyword_template_aware,full,1.0,4,1,0.07025001104921103,cpu
7f88c5a31b558483,keyword_template_aware,full,1.0,4,1,0.045666005462408066,cpu
91576f13593264aa,keyword_template_aware,full,1.0,4,1,0.055999960750341415,cpu
90cd3c482a305a5d,keyword_template_aware,full,1.0,4,1,0.06441609002649784,cpu
bae2d4f0acb7ff6c,keyword_template_aware,full,1.0,4,1,0.0580840278416872,cpu
431732de63669077,keyword_template_aware,full,1.0,4,1,0.04491698928177357,cpu
c7f4fd9c3dd520fc,keyword_template_aware,full,1.0,4,1,0.07187505252659321,cpu
2f475907e3f4d73c,keyword_template_aware,full,1.0,4,1,0.05370797589421272,cpu
c92fdfcffb973116,keyword_template_aware,full,1.0,4,1,0.03750005271285772,cpu
2844cac461208e5f,keyword_template_aware,full,1.0,4,1,0.050709000788629055,cpu
5c1a77c53963a4e0,keyword_template_aware,full,1.0,4,1,0.04533398896455765,cpu
ed688822878513fc,keyword_template_aware,full,1.0,4,1,0.046874978579580784,cpu
9d7fcac18887ee82,keyword_template_aware,full,1.0,4,1,0.04887511022388935,cpu
434f4215a8a1e8e2,keyword_template_aware,full,1.0,4,1,0.04724995233118534,cpu
9bca5d22c253313c,keyword_template_aware,full,1.0,4,1,0.029582995921373367,cpu
f4a5e95fe914093c,keyword_template_aware,full,1.0,4,1,0.05037500523030758,cpu
96b1361d3663c5a4,keyword_template_aware,full,1.0,4,1,0.023416941985487938,cpu
0818e76deddff4e4,keyword_template_aware,full,1.0,4,1,0.05312496796250343,cpu
b4ea4300e3ce5f4c,keyword_template_aware,full,1.0,4,1,0.028875074349343777,cpu
b2e598f2032a4e32,keyword_template_aware,full,1.0,4,1,0.039334059692919254,cpu
f56ce4b708a66eda,keyword_template_aware,full,1.0,4,1,0.04804099444299936,cpu
e5b3d7493b448d4a,keyword_template_aware,full,1.0,4,1,0.04108401481062174,cpu
41f899e55dfa2704,keyword_template_aware,full,1.0,4,1,0.02787495031952858,cpu
7f4b0bf236aa3a5b,keyword_template_aware,full,1.0,4,1,0.05749997217208147,cpu
0998d6d3bcb14999,keyword_template_aware,full,1.0,4,1,0.035541015677154064,cpu
02131811480b684a,keyword_template_aware,full,1.0,4,1,0.021124957129359245,cpu
f3cc5eb15982d531,keyword_template_aware,full,1.0,4,1,0.03362505231052637,cpu
f6671baf138b14ea,keyword_template_aware,full,1.0,4,1,0.028582988306879997,cpu
17dc5ec28ce9fff6,keyword_template_aware,full,1.0,4,1,0.027416972443461418,cpu
632bd647502ef835,keyword_template_aware,full,1.0,4,1,0.03362505231052637,cpu
359b6bf206a5ee31,keyword_template_aware,full,1.0,4,1,0.02604094333946705,cpu
c22da14ed22f393e,keyword_template_aware,full,1.0,4,1,0.012208940461277962,cpu
e3ed9eed690d38e1,keyword_template_aware,full,0.0,,1,0.05608308129012585,cpu
1e4722f089d0530d,keyword_template_aware,full,0.0,,1,0.032791984267532825,cpu
db31c226d0e8b6d4,keyword_template_aware,full,0.0,,1,0.061542028561234474,cpu
f3c83ace676ba894,keyword_template_aware,full,0.0,,1,0.041915918700397015,cpu
97125127d70273ec,keyword_template_aware,full,0.0,,1,0.045334105379879475,cpu
710c5235e8b1a542,keyword_template_aware,full,0.0,,1,0.05937495734542608,cpu
9f15977dbebd26bf,keyword_template_aware,full,0.0,,1,0.04845799412578344,cpu
877b1041e8499db5,keyword_template_aware,full,0.0,,1,0.03412493970245123,cpu
e2fed0ac506306cf,keyword_template_aware,full,0.0,,1,0.06845791358500719,cpu
2a26da6728deda2e,keyword_template_aware,full,0.0,,1,0.044082989916205406,cpu
75fdf20e78a57ac3,keyword_template_aware,full,0.0,,1,0.02987496554851532,cpu
e9f9b95dc127a128,keyword_template_aware,full,0.0,,1,0.0415000831708312,cpu
9d16c87f916a4ac6,keyword_template_aware,full,0.0,,1,0.03887503407895565,cpu
5782994e52d93626,keyword_template_aware,full,0.0,,1,0.03445800393819809,cpu
7d69d7cfb3a69c24,keyword_template_aware,full,0.0,,1,0.039375037886202335,cpu
3ee1fac528b2cb57,keyword_template_aware,full,0.0,,1,0.034125056117773056,cpu
75241a7361f16d00,keyword_template_aware,full,0.0,,1,0.022249994799494743,cpu
7341f323534890b8,keyword_template_aware,full,1.0,4,1,0.05429098382592201,cpu
da2b95d9d594ec5e,keyword_template_aware,full,1.0,4,1,0.03362505231052637,cpu
7fa4d2e45775a772,keyword_template_aware,full,1.0,4,1,0.05670799873769283,cpu
91da64ab9291265c,keyword_template_aware,full,1.0,4,1,0.03774999640882015,cpu
63ec1f806c5d7d28,keyword_template_aware,full,1.0,4,1,0.043042004108428955,cpu
6afa9afcc8df0b62,keyword_template_aware,full,1.0,4,1,0.05454209167510271,cpu
58f038a1da5ed04b,keyword_template_aware,full,1.0,4,1,0.05024997517466545,cpu
755be8c84eaf4800,keyword_template_aware,full,1.0,4,1,0.03175006713718176,cpu
e83a3a2308697f81,keyword_template_aware,full,1.0,4,1,0.06108300294727087,cpu
fb03dc84564cb77b,keyword_template_aware,full,1.0,4,1,0.0411659711971879,cpu
4ae588a2e4043ea1,keyword_template_aware,full,1.0,4,1,0.028709066100418568,cpu
c2d04cc417e58760,keyword_template_aware,full,1.0,4,1,0.039375037886202335,cpu
4c362c8a0979386a,keyword_template_aware,full,1.0,4,1,0.035082921385765076,cpu
b8cc72dc1caccf95,keyword_template_aware,full,1.0,4,1,0.03329210449010134,cpu
87671e425d4a4a38,keyword_template_aware,full,1.0,4,1,0.04054210148751736,cpu
4d5555936c3e30b7,keyword_template_aware,full,1.0,4,1,0.032207928597927094,cpu
491e9fd3a5bc0574,keyword_template_aware,full,1.0,4,1,0.019042054191231728,cpu
61bc355c32341581,keyword_template_aware,full,1.0,4,1,0.061583006754517555,cpu
bb56dfb912fc5b82,keyword_template_aware,full,1.0,4,1,0.04008307587355375,cpu
5382f761ae6b3fb9,keyword_template_aware,full,1.0,4,1,0.06658397614955902,cpu
2ca1c335b649305c,keyword_template_aware,full,1.0,4,1,0.04191696643829346,cpu
84faa2cb0dad903c,keyword_template_aware,full,1.0,4,1,0.04912505391985178,cpu
1dca85f7ebd8f57b,keyword_template_aware,full,1.0,4,1,0.06529095117002726,cpu
2afdf1dcac5c3e3e,keyword_template_aware,full,1.0,4,1,0.06104097701609135,cpu
c7c672ef066cfb85,keyword_template_aware,full,1.0,4,1,0.03816699609160423,cpu
b1b0dbd9ca0b0bd2,keyword_template_aware,full,1.0,4,1,0.06750004831701517,cpu
2bc7563b2597a649,keyword_template_aware,full,1.0,4,1,0.05079095717519522,cpu
ebb69b55fd74d6f9,keyword_template_aware,full,1.0,4,1,0.032791984267532825,cpu
0afae432910ec0f7,keyword_template_aware,full,1.0,4,1,0.04837499000132084,cpu
69531e8560f24ffc,keyword_template_aware,full,1.0,4,1,0.04879094194620848,cpu
3ad5d0eba149b84c,keyword_template_aware,full,1.0,4,1,0.03999995533376932,cpu
e14cfcce9bb81b99,keyword_template_aware,full,1.0,4,1,0.04725006874650717,cpu
c56798d4884d787a,keyword_template_aware,full,1.0,4,1,0.03912497777491808,cpu
5d2240210b29afb5,keyword_template_aware,full,1.0,4,1,0.02516701351851225,cpu
d706a2824e9f2fcd,keyword_template_aware,full,1.0,4,1,0.0551670091226697,cpu
96f6fe8761f92feb,keyword_template_aware,full,1.0,4,1,0.033041927963495255,cpu
caf843e82ae78550,keyword_template_aware,full,1.0,4,1,0.05704199429601431,cpu
ff055623c2661f6d,keyword_template_aware,full,1.0,4,1,0.03550003748387098,cpu
8b31427e26b502cd,keyword_template_aware,full,1.0,4,1,0.04320894367992878,cpu
b982928be75b453b,keyword_template_aware,full,1.0,4,1,0.05700008478015661,cpu
ecae6d936b2636e3,keyword_template_aware,full,1.0,4,1,0.047291978262364864,cpu
de58d97eac1765ae,keyword_template_aware,full,1.0,4,1,0.03208301495760679,cpu
9c07f556038d29b5,keyword_template_aware,full,1.0,4,1,0.06408302579075098,cpu
b0d9eced7559e35a,keyword_template_aware,full,1.0,4,1,0.0414170790463686,cpu
468c260865b2fe19,keyword_template_aware,full,1.0,4,1,0.02675002906471491,cpu
517d718284a4098d,keyword_template_aware,full,1.0,4,1,0.03925000783056021,cpu
c1a07a788f499842,keyword_template_aware,full,1.0,4,1,0.03808399196714163,cpu
3c8d941d7fac4111,keyword_template_aware,full,1.0,4,1,0.0337500823661685,cpu
b8d2e5dc587441fc,keyword_template_aware,full,1.0,4,1,0.03845803439617157,cpu
744dd524e85829e9,keyword_template_aware,full,1.0,4,1,0.03266602288931608,cpu
899704427ce694d8,keyword_template_aware,full,1.0,4,1,0.019000028260052204,cpu
622d03bcd0d166aa,keyword_template_aware,full,1.0,4,1,0.05845795385539532,cpu
221fb6caeedcf64b,keyword_template_aware,full,1.0,4,1,0.03079103771597147,cpu
e0e72cc979b89fec,keyword_template_aware,full,1.0,4,1,0.058125006034970284,cpu
e5b707e27755330b,keyword_template_aware,full,1.0,4,1,0.03629201091825962,cpu
aa91dba514c01df5,keyword_template_aware,full,1.0,4,1,0.04379195161163807,cpu
36ce4305e2596c68,keyword_template_aware,full,1.0,4,1,0.05549995694309473,cpu
ab89118fd70f3d4b,keyword_template_aware,full,1.0,4,1,0.04812492989003658,cpu
e7336ddd021b9e1b,keyword_template_aware,full,1.0,4,1,0.032624928280711174,cpu
2ede5d1b283117e6,keyword_template_aware,full,1.0,4,1,0.06212492007762194,cpu
be4c92e851b26639,keyword_template_aware,full,1.0,4,1,0.05420797970145941,cpu
11286ebf60fd0053,keyword_template_aware,full,1.0,4,1,0.031291041523218155,cpu
abc945101c350e82,keyword_template_aware,full,1.0,4,1,0.041499966755509377,cpu
20eae125c2702189,keyword_template_aware,full,1.0,4,1,0.03662507515400648,cpu
bb921e59cc3e4e03,keyword_template_aware,full,1.0,4,1,0.03412493970245123,cpu
c24a9c5f1d54e997,keyword_template_aware,full,1.0,4,1,0.03933301195502281,cpu
e207b727426ccaaf,keyword_template_aware,full,1.0,4,1,0.0337500823661685,cpu
5d689ab47c960921,keyword_template_aware,full,1.0,4,1,0.01966708805412054,cpu
5f70c2189c5ab9f2,keyword_template_aware,full,1.0,4,1,0.06137497257441282,cpu
79563c6c20bbc92a,keyword_template_aware,full,1.0,4,1,0.031250063329935074,cpu
fdfbb9406b196c0f,keyword_template_aware,full,1.0,4,1,0.05874992348253727,cpu
3cd082319b6908a2,keyword_template_aware,full,1.0,4,1,0.03729201853275299,cpu
66d0b884cbd212ff,keyword_template_aware,full,1.0,4,1,0.04920794162899256,cpu
8845a765adaeeb1b,keyword_template_aware,full,1.0,4,1,0.05629099905490875,cpu
89af096d4378c0c6,keyword_template_aware,full,1.0,4,1,0.049042049795389175,cpu
6001b3174ca0fbd5,keyword_template_aware,full,1.0,4,1,0.03350002225488424,cpu
589dd6123145db87,keyword_template_aware,full,1.0,4,1,0.0779579859226942,cpu
6c5787615a3e9f82,keyword_template_aware,full,1.0,4,1,0.04295899998396635,cpu
8adb2880d34da59d,keyword_template_aware,full,1.0,4,1,0.027416041120886803,cpu
e2246ee0afbea99d,keyword_template_aware,full,1.0,4,1,0.04483398515731096,cpu
fe4d70a4d23b4882,keyword_template_aware,full,1.0,4,1,0.03658398054540157,cpu
8c166e308b4a9746,keyword_template_aware,full,1.0,4,1,0.03420806024223566,cpu
5272dd1e4609ca44,keyword_template_aware,full,1.0,4,1,0.03941694740206003,cpu
0e724961a69af2ea,keyword_template_aware,full,1.0,4,1,0.03687501884996891,cpu
797fc1115c3f4304,keyword_template_aware,full,1.0,4,1,0.021583051420748234,cpu
21121f90fcc5633b,keyword_template_aware,full,1.0,4,1,0.06229197606444359,cpu
341f23c2f5ce55ad,keyword_template_aware,full,1.0,4,1,0.037041958421468735,cpu
2d0681cb2592dfae,keyword_template_aware,full,1.0,4,1,0.06975000724196434,cpu
4cee01f5bcaf675d,keyword_template_aware,full,1.0,4,1,0.04491698928177357,cpu
1d3fab1fd2d7a4e8,keyword_template_aware,full,1.0,4,1,0.05000003147870302,cpu
6c1dd7e0a9a84963,keyword_template_aware,full,1.0,4,1,0.05833397153764963,cpu
1634f59f384b0b8e,keyword_template_aware,full,1.0,4,1,0.05124998278915882,cpu
93be00371e3b523d,keyword_template_aware,full,1.0,4,1,0.038707978092134,cpu
49c9f98f23c853e9,keyword_template_aware,full,1.0,4,1,0.06487499922513962,cpu
79505d53b8b7b6da,keyword_template_aware,full,1.0,4,1,0.04520895890891552,cpu
9d4bce18ad285293,keyword_template_aware,full,1.0,4,1,0.03204098902642727,cpu
398e9c9c0678c388,keyword_template_aware,full,1.0,4,1,0.04354200791567564,cpu
430df377d622e6c5,keyword_template_aware,full,1.0,4,1,0.03887491766363382,cpu
7dc87ea81e9f7d30,keyword_template_aware,full,1.0,4,1,0.037207966670393944,cpu
7d25d21def4c226e,keyword_template_aware,full,1.0,4,1,0.04475004971027374,cpu
6dbf0fb20aeda392,keyword_template_aware,full,1.0,4,1,0.03645801916718483,cpu
0613f28750b5d629,keyword_template_aware,full,1.0,4,1,0.0226249685510993,cpu
c57c8c9438a3e4c1,keyword_template_aware,full,2.0,4;7,1,0.05108292680233717,cpu
506e2ddaf9984ed0,keyword_template_aware,full,2.0,4;7,1,0.02937507815659046,cpu
bf19dd0c9fa25253,keyword_template_aware,full,2.0,4;7,1,0.05066709127277136,cpu
9a79a10f8262df6e,keyword_template_aware,full,2.0,4;7,1,0.03908306825906038,cpu
79727331903032d6,keyword_template_aware,full,2.0,4;7,1,0.041082967072725296,cpu
1ca109537e4f260a,keyword_template_aware,full,2.0,4;7,1,0.05112506914883852,cpu
8ff32f100ea4daf2,keyword_template_aware,full,2.0,4;7,1,0.045625027269124985,cpu
f2c8660f3848b0ce,keyword_template_aware,full,2.0,4;7,1,0.028000096790492535,cpu
241393ea743f2f2d,keyword_template_aware,full,2.0,4;7,1,0.05479203537106514,cpu
26f56f2b2d070134,keyword_template_aware,full,2.0,4;7,1,0.036499928683042526,cpu
09096900ded74983,keyword_template_aware,full,2.0,4;7,1,0.022958964109420776,cpu
bc331351b26ac57d,keyword_template_aware,full,2.0,4;7,1,0.034917029552161694,cpu
12268b5ce4934be9,keyword_template_aware,full,2.0,4;7,1,0.03041699528694153,cpu
53fc5f9a6ddbffa9,keyword_template_aware,full,2.0,4;7,1,0.03245798870921135,cpu
f619bdff1a0a186e,keyword_template_aware,full,2.0,4;7,1,0.034125056117773056,cpu
7230861df5eaa287,keyword_template_aware,full,2.0,4;7,1,0.02833292819559574,cpu
60835f84193fb847,keyword_template_aware,full,2.0,4;7,1,0.01562491524964571,cpu
cd55c53759086137,keyword_template_aware,full,1.0,4,1,0.07254094816744328,cpu
5dd094da783269ad,keyword_template_aware,full,1.0,4,1,0.04437495954334736,cpu
1dd5464395294574,keyword_template_aware,full,1.0,4,1,0.07083301898092031,cpu
5a95905c4aadf55a,keyword_template_aware,full,1.0,4,1,0.04841596819460392,cpu
3b068eb7ece707f7,keyword_template_aware,full,1.0,4,1,0.06616697646677494,cpu
1249d84b04714705,keyword_template_aware,full,1.0,4,1,0.06900005973875523,cpu
930de69e357762f8,keyword_template_aware,full,1.0,4,1,0.06233400199562311,cpu
04039c99cdf6981c,keyword_template_aware,full,1.0,4,1,0.04533305764198303,cpu
2c15fcd89fd3cd19,keyword_template_aware,full,1.0,4,1,0.0741670373827219,cpu
98f5655d9e8c3e87,keyword_template_aware,full,1.0,4,1,0.054875039495527744,cpu
6e4f356849d4489f,keyword_template_aware,full,1.0,4,1,0.0391670037060976,cpu
4b223e4a2514e03d,keyword_template_aware,full,1.0,4,1,0.05237502045929432,cpu
59f2a3e493581c03,keyword_template_aware,full,1.0,4,1,0.04850002005696297,cpu
637bac5b598cbe20,keyword_template_aware,full,1.0,4,1,0.0462500611320138,cpu
40421c2ec0db2b15,keyword_template_aware,full,1.0,4,1,0.05145894829183817,cpu
5027faac7bab603b,keyword_template_aware,full,1.0,4,1,0.04516704939305782,cpu
9ca622a8312e73a2,keyword_template_aware,full,1.0,4,1,0.031333998776972294,cpu
d71442b9a300cad3,keyword_template_aware,full,1.0,4,1,0.06420793943107128,cpu
ba9626f1fc375b7e,keyword_template_aware,full,1.0,4,1,0.045625027269124985,cpu
c447db9ee20de022,keyword_template_aware,full,1.0,4,1,0.08062494453042746,cpu
90db50866871632f,keyword_template_aware,full,1.0,4,1,0.05179201252758503,cpu
1aa76aedca6f1984,keyword_template_aware,full,1.0,4,1,0.05224999040365219,cpu
5f2dc66d35f23081,keyword_template_aware,full,1.0,4,1,0.06250001024454832,cpu
6948f1715b4fe2ee,keyword_template_aware,full,1.0,4,1,0.05562498699873686,cpu
116e7f2e9f77941a,keyword_template_aware,full,1.0,4,1,0.04037492908537388,cpu
b0709deeebaa1f1a,keyword_template_aware,full,1.0,4,1,0.0714579364284873,cpu
dc9d5696eedc8bea,keyword_template_aware,full,1.0,4,1,0.04912505391985178,cpu
171aaf34774c1f82,keyword_template_aware,full,1.0,4,1,0.0403339508920908,cpu
99cf6fed4532dc32,keyword_template_aware,full,1.0,4,1,0.047083012759685516,cpu
bddbecf88083ba22,keyword_template_aware,full,1.0,4,1,0.04287506453692913,cpu
9027a3c82488d219,keyword_template_aware,full,1.0,4,1,0.041458988562226295,cpu
c73a7404b2b63aca,keyword_template_aware,full,1.0,4,1,0.046791043132543564,cpu
010b54782b298b03,keyword_template_aware,full,1.0,4,1,0.040375045500695705,cpu
e01d03194c9d6c18,keyword_template_aware,full,1.0,4,1,0.02650008536875248,cpu
0739b2a826a5d1cc,keyword_template_aware,full,1.0,4,1,0.08299993351101875,cpu
d609f79356054913,keyword_template_aware,full,1.0,4,1,0.050165923312306404,cpu
616bbd50a0594a83,keyword_template_aware,full,1.0,4,1,0.07750000804662704,cpu
0974778b75b0d233,keyword_template_aware,full,1.0,4,1,0.05508295726031065,cpu
02c76164db9b39da,keyword_template_aware,full,1.0,4,1,0.06345799192786217,cpu
392923f0af86aeb8,keyword_template_aware,full,1.0,4,1,0.07462501525878906,cpu
a5d448d400c2a571,keyword_template_aware,full,1.0,4,1,0.06733299233019352,cpu
03a26a7fd97c2cf8,keyword_template_aware,full,1.0,4,1,0.05220901221036911,cpu
ae7ce8ab4040373f,keyword_template_aware,full,1.0,4,1,0.08170900400727987,cpu
14a94f80836e776f,keyword_template_aware,full,1.0,4,1,0.062000006437301636,cpu
c0ad98439c39a3f8,keyword_template_aware,full,1.0,4,1,0.04654203075915575,cpu
80cd120ed45d50f0,keyword_template_aware,full,1.0,4,1,0.06979191675782204,cpu
d93e1eb24c18d970,keyword_template_aware,full,1.0,4,1,0.0576250022277236,cpu
62aac7f18b2de362,keyword_template_aware,full,1.0,4,1,0.05454209167510271,cpu
1c3632083b8e5352,keyword_template_aware,full,1.0,4,1,0.05937507376074791,cpu
1b86c27c1e24ce57,keyword_template_aware,full,1.0,4,1,0.052958959713578224,cpu
0333bab0735948f3,keyword_template_aware,full,1.0,4,1,0.03887503407895565,cpu
23805b4b44fd680d,keyword_template_aware,full,1.0,4,1,0.05966599564999342,cpu
a12711bce3ae51fe,keyword_template_aware,full,1.0,4,1,0.03516592551022768,cpu
946cb7df72a37b86,keyword_template_aware,full,1.0,4,1,0.06208301056176424,cpu
384a5e42aec56323,keyword_template_aware,full,1.0,4,1,0.04025001544505358,cpu
c77bd78629cc12a5,keyword_template_aware,full,1.0,4,1,0.048459041863679886,cpu
13a4ac59d9fd90f6,keyword_template_aware,full,1.0,4,1,0.05979195702821016,cpu
d24656f6dcfb4af1,keyword_template_aware,full,1.0,4,1,0.05295802839100361,cpu
b40d772e27ab950a,keyword_template_aware,full,1.0,4,1,0.037375022657215595,cpu
bc8250751bbd139f,keyword_template_aware,full,1.0,4,1,0.06708409637212753,cpu
84549c9c4fc0b5de,keyword_template_aware,full,1.0,4,1,0.0463749747723341,cpu
f533396f857079a4,keyword_template_aware,full,1.0,4,1,0.030791969038546085,cpu
cff5ef34103d31a5,keyword_template_aware,full,1.0,4,1,0.044208019971847534,cpu
6c2e814fe2cf0b61,keyword_template_aware,full,1.0,4,1,0.039624981582164764,cpu
9db9317ea1b25244,keyword_template_aware,full,1.0,4,1,0.03825000021606684,cpu
624d443d559d953f,keyword_template_aware,full,1.0,4,1,0.04225003067404032,cpu
2176745d3f79e601,keyword_template_aware,full,1.0,4,1,0.03758398815989494,cpu
2edb735db4c967a3,keyword_template_aware,full,1.0,4,1,0.023416941985487938,cpu
de7e35de75081c57,keyword_template_aware,full,1.0,4,1,0.0665830448269844,cpu
81b049a24ebeba4e,keyword_template_aware,full,1.0,4,1,0.04158401861786842,cpu
c0af6a0df477131c,keyword_template_aware,full,1.0,4,1,0.06849993951618671,cpu
e2750ab1887d7d6b,keyword_template_aware,full,1.0,4,1,0.05729100666940212,cpu
d75441b874c6b990,keyword_template_aware,full,1.0,4,1,0.05804200191050768,cpu
d40b05c93dd61f64,keyword_template_aware,full,1.0,4,1,0.06804103031754494,cpu
90068860665f5ead,keyword_template_aware,full,1.0,4,1,0.060582999140024185,cpu
7ca878dd47fe0864,keyword_template_aware,full,1.0,4,1,0.044708955101668835,cpu
b98e1f7da3bd8c8d,keyword_template_aware,full,1.0,4,1,0.07520802319049835,cpu
9484c7feaad5e9ec,keyword_template_aware,full,1.0,4,1,0.05429098382592201,cpu
8a27c45ae0ea599a,keyword_template_aware,full,1.0,4,1,0.03870902583003044,cpu
aa814a2495e62274,keyword_template_aware,full,1.0,4,1,0.10974996257573366,cpu
b15af1b7b2654c60,keyword_template_aware,full,1.0,4,1,0.057415920309722424,cpu
ed4345b81d5b0244,keyword_template_aware,full,1.0,4,1,0.052916002459824085,cpu
649b9dad924e8179,keyword_template_aware,full,1.0,4,1,0.05820801015943289,cpu
d34dec927f0048dc,keyword_template_aware,full,1.0,4,1,0.051208073273301125,cpu
a1483f44903cba77,keyword_template_aware,full,1.0,4,1,0.035375007428228855,cpu
2a3fb899a4533f2e,keyword_template_aware,full,1.0,4,1,0.07616693619638681,cpu
fcebc35b65da0ac1,keyword_template_aware,full,1.0,4,1,0.046874978579580784,cpu
658e99ba628ad040,keyword_template_aware,full,1.0,4,1,0.07858395110815763,cpu
292e63198984c0b1,keyword_template_aware,full,1.0,4,1,0.05308294203132391,cpu
48b169c268f977de,keyword_template_aware,full,1.0,4,1,0.06170803681015968,cpu
b223cf1729c2fda3,keyword_template_aware,full,1.0,4,1,0.07545796688646078,cpu
cd171f611b274e5c,keyword_template_aware,full,1.0,4,1,0.06737501826137304,cpu
17b0bd15e6147f77,keyword_template_aware,full,1.0,4,1,0.04912505391985178,cpu
7f40ec85930c832d,keyword_template_aware,full,1.0,4,1,0.08312496356666088,cpu
c0d19f10462b0f4c,keyword_template_aware,full,1.0,4,1,0.0601249048486352,cpu
75bfd45d7962d9b0,keyword_template_aware,full,1.0,4,1,0.04245806485414505,cpu
7fe9fa4380750c19,keyword_template_aware,full,1.0,4,1,0.057750032283365726,cpu
4da824639df1edb0,keyword_template_aware,full,1.0,4,1,0.05249993409961462,cpu
8bd906d7f738b38e,keyword_template_aware,full,1.0,4,1,0.05062494892627001,cpu
38ad5686b3bb49a0,keyword_template_aware,full,1.0,4,1,0.05612499080598354,cpu
5793ee3544735762,keyword_template_aware,full,1.0,4,1,0.04950002767145634,cpu
85eb9f91dec96da0,keyword_template_aware,full,1.0,4,1,0.03374996595084667,cpu
5527b2b0c0d44766,keyword_template_aware,full,1.0,4,1,0.06474996916949749,cpu
8bc6bf534f3bb52f,keyword_template_aware,full,1.0,4,1,0.036041950806975365,cpu
8c6bbcc25013c028,keyword_template_aware,full,1.0,4,1,0.06787502206861973,cpu
4f7d4d88850ae118,keyword_template_aware,full,1.0,4,1,0.042208004742860794,cpu
72a33c0ca10a146e,keyword_template_aware,full,1.0,4,1,0.051165930926799774,cpu
a4f806177e73eb13,keyword_template_aware,full,1.0,4,1,0.0641669612377882,cpu
e7e1f224d21bb063,keyword_template_aware,full,1.0,4,1,0.056999968364834785,cpu
c366369b94d505c4,keyword_template_aware,full,1.0,4,1,0.03829202614724636,cpu
8c348a143c2f11ac,keyword_template_aware,full,1.0,4,1,0.07175002247095108,cpu
af49455e3d1ff7f5,keyword_template_aware,full,1.0,4,1,0.049166963435709476,cpu
733acfd9a4b7be0f,keyword_template_aware,full,1.0,4,1,0.03179104533046484,cpu
1b42d65ac154d9b3,keyword_template_aware,full,1.0,4,1,0.04891701973974705,cpu
35a6c14230516426,keyword_template_aware,full,1.0,4,1,0.04137493669986725,cpu
18cde8af2d2b8c0a,keyword_template_aware,full,1.0,4,1,0.041624996811151505,cpu
275db14f2355c8ac,keyword_template_aware,full,1.0,4,1,0.045584049075841904,cpu
4afbbbea9fa5e348,keyword_template_aware,full,1.0,4,1,0.04299997817724943,cpu
dc5b03d1d8828349,keyword_template_aware,full,1.0,4,1,0.02279097680002451,cpu
e0a2da649f37fb30,keyword_template_aware,full,1.0,4,1,0.08091598283499479,cpu
6b7f0e690f081052,keyword_template_aware,full,1.0,4,1,0.05137501284480095,cpu
d96e0ac89a8eda2e,keyword_template_aware,full,1.0,4,1,0.08262507617473602,cpu
c2b3a8899404acf7,keyword_template_aware,full,1.0,4,1,0.057292054407298565,cpu
0ad6b1eeab7e44b5,keyword_template_aware,full,1.0,4,1,0.06587500683963299,cpu
371916e489ae1349,keyword_template_aware,full,1.0,4,1,0.07937499321997166,cpu
d87c2c84da49a905,keyword_template_aware,full,1.0,4,1,0.07179193198680878,cpu
e5250727d0fa2f1d,keyword_template_aware,full,1.0,4,1,0.05329097621142864,cpu
fe40c2d11c29a72f,keyword_template_aware,full,1.0,4,1,0.0867500202730298,cpu
d7302ec55ad05cd8,keyword_template_aware,full,1.0,4,1,0.0641669612377882,cpu
f8f20819dc95e33e,keyword_template_aware,full,1.0,4,1,0.046666013076901436,cpu
f46a52201e17320a,keyword_template_aware,full,1.0,4,1,0.06129196844995022,cpu
fbed74ad102a38f5,keyword_template_aware,full,1.0,4,1,0.056750024668872356,cpu
0c2efdd69ab652f7,keyword_template_aware,full,1.0,4,1,0.054709031246602535,cpu
96c89640ccc036bc,keyword_template_aware,full,1.0,4,1,0.06049999501556158,cpu
431d8b4429eb55e7,keyword_template_aware,full,1.0,4,1,0.05350005812942982,cpu
832c3af50e829bfd,keyword_template_aware,full,1.0,4,1,0.037958030588924885,cpu
61e44d395bcc6dbe,keyword_template_aware,full,1.0,4,1,0.08237501606345177,cpu
732c65833b9a40b7,keyword_template_aware,full,1.0,4,1,0.0527920201420784,cpu
df38c94e32867ee8,keyword_template_aware,full,1.0,4,1,0.08320796769112349,cpu
c5a0d7d935c3cb96,keyword_template_aware,full,1.0,4,1,0.058707897551357746,cpu
0fe29e9c465e459c,keyword_template_aware,full,1.0,4,1,0.06712507456541061,cpu
8810db68d424cebf,keyword_template_aware,full,1.0,4,1,0.08008396252989769,cpu
16ede134f575fb19,keyword_template_aware,full,1.0,4,1,0.07295794785022736,cpu
a2e2d0aa15dee421,keyword_template_aware,full,1.0,4,1,0.05441601388156414,cpu
08558f9dd6f0e4e5,keyword_template_aware,full,1.0,4,1,0.08795899339020252,cpu
e902a4077fa6e4ed,keyword_template_aware,full,1.0,4,1,0.06516696885228157,cpu
21956affcd31e6fc,keyword_template_aware,full,1.0,4,1,0.048042042180895805,cpu
339976d3197d56cc,keyword_template_aware,full,1.0,4,1,0.06229197606444359,cpu
cfc121a4fda2e758,keyword_template_aware,full,1.0,4,1,0.057999975979328156,cpu
23141b5d133b93d3,keyword_template_aware,full,1.0,4,1,0.05591590888798237,cpu
ef488a5f569df336,keyword_template_aware,full,1.0,4,1,0.061583006754517555,cpu
5523aba99469e5e1,keyword_template_aware,full,1.0,4,1,0.055125099606812,cpu
ea113e5ce0727e34,keyword_template_aware,full,1.0,4,1,0.03962509799748659,cpu
e9ad0cc5209f4999,keyword_template_aware,full,1.0,4,1,0.0730419997125864,cpu
f373a212d63390d4,keyword_template_aware,full,1.0,4,1,0.04466692917048931,cpu
fcae80d177cc1394,keyword_template_aware,full,1.0,4,1,0.07587496656924486,cpu
8866ddde88b695bd,keyword_template_aware,full,1.0,4,1,0.05070795305073261,cpu
9ac9b08b6e9f55ba,keyword_template_aware,full,1.0,4,1,0.059416983276605606,cpu
fcadc0b0939bb1a8,keyword_template_aware,full,1.0,4,1,0.07279205601662397,cpu
85a97858c24ea89f,keyword_template_aware,full,1.0,4,1,0.06512505933642387,cpu
27c1035f42f4b004,keyword_template_aware,full,1.0,4,1,0.04654191434383392,cpu
f8c766b7c7221ab7,keyword_template_aware,full,1.0,4,1,0.08062494453042746,cpu
2b1bbbfce8c209c9,keyword_template_aware,full,1.0,4,1,0.05779101047664881,cpu
ae384b13e5c0d5f2,keyword_template_aware,full,1.0,4,1,0.04025001544505358,cpu
9de4e65045922952,keyword_template_aware,full,1.0,4,1,0.05500006955116987,cpu
d474714eea031a02,keyword_template_aware,full,1.0,4,1,0.07449998520314693,cpu
3b0aba301a08c56a,keyword_template_aware,full,1.0,4,1,0.04737498238682747,cpu
dc31881507fb9e74,keyword_template_aware,full,1.0,4,1,0.04983297549188137,cpu
001d53248b7d82ba,keyword_template_aware,full,1.0,4,1,0.04429207183420658,cpu
4c274b8d9f9d9fed,keyword_template_aware,full,1.0,4,1,0.03216706681996584,cpu
6dc72217b3b6ef45,keyword_template_aware,full,1.0,4,1,0.06329210009425879,cpu
e9c8a72b0647d042,keyword_template_aware,full,1.0,4,1,0.03825000021606684,cpu
d066a7b5c86a4993,keyword_template_aware,full,1.0,4,1,0.06970798131078482,cpu
0687a572ec5bd4c7,keyword_template_aware,full,1.0,4,1,0.04345795605331659,cpu
1bfde2f012dc590f,keyword_template_aware,full,1.0,4,1,0.058416975662112236,cpu
a654794c7ab29458,keyword_template_aware,full,1.0,4,1,0.06566708907485008,cpu
675c4ecc8c7f866c,keyword_template_aware,full,1.0,4,1,0.05612510722130537,cpu
9b3a6faab90b1a4f,keyword_template_aware,full,1.0,4,1,0.04016701132059097,cpu
0b61f49a90dbfb9c,keyword_template_aware,full,1.0,4,1,0.0802499707788229,cpu
da150a2634b4cc04,keyword_template_aware,full,1.0,4,1,0.04995905328541994,cpu
902e1c1ceddf443a,keyword_template_aware,full,1.0,4,1,0.03424996975809336,cpu
dceffcf453831f2c,keyword_template_aware,full,1.0,4,1,0.05162495654076338,cpu
6d64ad1d988c4b2f,keyword_template_aware,full,1.0,4,1,0.04291697405278683,cpu
4346654eaf1ca377,keyword_template_aware,full,1.0,4,1,0.04620896652340889,cpu
987eefe5ca844965,keyword_template_aware,full,1.0,4,1,0.046166940592229366,cpu
2227914f911f375a,keyword_template_aware,full,1.0,4,1,0.04491605795919895,cpu
95e696d4514fc4b3,keyword_template_aware,full,1.0,4,1,0.026124995201826096,cpu
fef8481571ef6420,keyword_template_aware,full,4.0,0;4;10;11,1,0.07312500383704901,cpu
17265b5a4ae41316,keyword_template_aware,full,4.0,0;4;10;11,1,0.04866695962846279,cpu
ded51b7c45dbb7da,keyword_template_aware,full,4.0,0;4;10;11,1,0.0675420742481947,cpu
a9c962c5535ec1ea,keyword_template_aware,full,4.0,0;4;10;11,1,0.05512498319149017,cpu
67e047e346f087af,keyword_template_aware,full,4.0,0;4;10;11,1,0.06074993871152401,cpu
bafdcae10aac3a30,keyword_template_aware,full,4.0,0;4;10;11,1,0.06695894990116358,cpu
ccbc3294e951c768,keyword_template_aware,full,4.0,0;4;10;11,1,0.06487499922513962,cpu
e899091c9bef6114,keyword_template_aware,full,4.0,0;4;10;11,1,0.04558300133794546,cpu
1b8cf6ca90c44814,keyword_template_aware,full,4.0,0;4;10;11,1,0.06841705180704594,cpu
944590843103f44b,keyword_template_aware,full,4.0,0;4;10;11,1,0.05224999040365219,cpu
78c69db4d0c456b0,keyword_template_aware,full,4.0,0;4;10;11,1,0.04258297849446535,cpu
a2badbdcc660714d,keyword_template_aware,full,4.0,0;4;10;11,1,0.056750024668872356,cpu
e3a33bd0fba733a0,keyword_template_aware,full,4.0,0;4;10;11,1,0.04629103932529688,cpu
67ad64c6da95e411,keyword_template_aware,full,4.0,0;4;10;11,1,0.049791065976023674,cpu
5bfb8a00ad3bf2f7,keyword_template_aware,full,4.0,0;4;10;11,1,0.04849990364164114,cpu
d0c3d587c0d7ce66,keyword_template_aware,full,4.0,0;4;10;11,1,0.04779093433171511,cpu
d07d8d9af2bebfdc,keyword_template_aware,full,4.0,0;4;10;11,1,0.03570795524865389,cpu
fd52fc6fffe355cd,keyword_template_aware,full,4.0,0;4;10;11,1,0.06562506314367056,cpu
870e0b8451601c34,keyword_template_aware,full,4.0,0;4;10;11,1,0.04308391362428665,cpu
3384ddb1495c9751,keyword_template_aware,full,4.0,0;4;10;11,1,0.06800005212426186,cpu
47b346460808123a,keyword_template_aware,full,4.0,0;4;10;11,1,0.045375083573162556,cpu
36ff46d24961024f,keyword_template_aware,full,4.0,0;4;10;11,1,0.053750001825392246,cpu
efc4397d4332c719,keyword_template_aware,full,4.0,0;4;10;11,1,0.06879097782075405,cpu
d7cc2b4e01f21cba,keyword_template_aware,full,4.0,0;4;10;11,1,0.06029196083545685,cpu
e1b635923c97070a,keyword_template_aware,full,4.0,0;4;10;11,1,0.044625019654631615,cpu
1b68653f93ca8649,keyword_template_aware,full,4.0,0;4;10;11,1,0.06762496195733547,cpu
420f87adb055b413,keyword_template_aware,full,4.0,0;4;10;11,1,0.051458016969263554,cpu
d6eb68e39423a85b,keyword_template_aware,full,4.0,0;4;10;11,1,0.0402920413762331,cpu
5b182b7115c3e03a,keyword_template_aware,full,4.0,0;4;10;11,1,0.055458047427237034,cpu
9549fadede76839d,keyword_template_aware,full,4.0,0;4;10;11,1,0.047166948206722736,cpu
e944a2dfeb942426,keyword_template_aware,full,4.0,0;4;10;11,1,0.047915964387357235,cpu
e88115b74cd8e603,keyword_template_aware,full,4.0,0;4;10;11,1,0.05241704639047384,cpu
ff395c83825d8371,keyword_template_aware,full,4.0,0;4;10;11,1,0.04220788832753897,cpu
89747e42f29ad71a,keyword_template_aware,full,4.0,0;4;10;11,1,0.029916991479694843,cpu
05bff5b409d455a6,keyword_template_aware,full,4.0,0;4;10;11,1,0.06545893847942352,cpu
f548353bb8b66192,keyword_template_aware,full,4.0,0;4;10;11,1,0.06395799573510885,cpu
6f83f1d476d1c362,keyword_template_aware,full,4.0,0;4;10;11,1,0.07250008638948202,cpu
c07c5e4303625788,keyword_template_aware,full,4.0,0;4;10;11,1,0.05283299833536148,cpu
8afe52eb231e8b7f,keyword_template_aware,full,4.0,0;4;10;11,1,0.059249927289783955,cpu
ca41d5c48c81970e,keyword_template_aware,full,4.0,0;4;10;11,1,0.071709044277668,cpu
286bc2d039fc8e0e,keyword_template_aware,full,4.0,0;4;10;11,1,0.06749993190169334,cpu
ed3def0b7d2b76c8,keyword_template_aware,full,4.0,0;4;10;11,1,0.04654191434383392,cpu
dd814e9bb80edf6c,keyword_template_aware,full,4.0,0;4;10;11,1,0.07612491026520729,cpu
6fc0cba9928867ed,keyword_template_aware,full,4.0,0;4;10;11,1,0.05574990063905716,cpu
8f006dc621f28fc0,keyword_template_aware,full,4.0,0;4;10;11,1,0.04237494431436062,cpu
12d795dc3c47ebfe,keyword_template_aware,full,4.0,0;4;10;11,1,0.05495792720466852,cpu
3948ffcfbc00bbe1,keyword_template_aware,full,4.0,0;4;10;11,1,0.05108409095555544,cpu
ebb03c0a06100d8c,keyword_template_aware,full,4.0,0;4;10;11,1,0.05066697485744953,cpu
2aee220588c17d14,keyword_template_aware,full,4.0,0;4;10;11,1,0.05549995694309473,cpu
590380b16aae251b,keyword_template_aware,full,4.0,0;4;10;11,1,0.04850002005696297,cpu
c87dd5c8f94d5654,keyword_template_aware,full,4.0,0;4;10;11,1,0.033624935895204544,cpu
ca458f5a954f9e2d,keyword_template_aware,full,4.0,0;4;10;11,1,0.07333303801715374,cpu
1552146382bfd8bd,keyword_template_aware,full,4.0,0;4;10;11,1,0.045166932977735996,cpu
17e08cc953e3d2d9,keyword_template_aware,full,4.0,0;4;10;11,1,0.06991706322878599,cpu
0e9189d44bf11e3a,keyword_template_aware,full,4.0,0;4;10;11,1,0.05112495273351669,cpu
778be93898ba7906,keyword_template_aware,full,4.0,0;4;10;11,1,0.057833967730402946,cpu
82bcb010ef251703,keyword_template_aware,full,4.0,0;4;10;11,1,0.07012509740889072,cpu
bb2234a0f0b25601,keyword_template_aware,full,4.0,0;4;10;11,1,0.06587500683963299,cpu
a1be23e456c5369b,keyword_template_aware,full,4.0,0;4;10;11,1,0.0452499371021986,cpu
1e3b9d61e330c8bf,keyword_template_aware,full,4.0,0;4;10;11,1,0.07466599345207214,cpu
d90c79fb19afae72,keyword_template_aware,full,4.0,0;4;10;11,1,0.05437503568828106,cpu
58ba4ab984bbdd2c,keyword_template_aware,full,4.0,0;4;10;11,1,0.040792045183479786,cpu
eebd1c76c0083f9e,keyword_template_aware,full,4.0,0;4;10;11,1,0.05350005812942982,cpu
83039f1e3e8c0557,keyword_template_aware,full,4.0,0;4;10;11,1,0.049708993174135685,cpu
9831c3023347856d,keyword_template_aware,full,4.0,0;4;10;11,1,0.048832967877388,cpu
b85f1172fc5a44cf,keyword_template_aware,full,4.0,0;4;10;11,1,0.05366699770092964,cpu
48b4d02cf95c974c,keyword_template_aware,full,4.0,0;4;10;11,1,0.04695798270404339,cpu
f2501cd160f6ee82,keyword_template_aware,full,4.0,0;4;10;11,1,0.032250070944428444,cpu
c488f7c661da2d65,keyword_template_aware,full,4.0,0;4;10;11,1,0.09033398237079382,cpu
879ea025e8fa6ba2,keyword_template_aware,full,4.0,0;4;10;11,1,0.06137497257441282,cpu
fe1c91f3fed22842,keyword_template_aware,full,4.0,0;4;10;11,1,0.08549995254725218,cpu
9c4531111c82403a,keyword_template_aware,full,4.0,0;4;10;11,1,0.06729201413691044,cpu
69a8b8bd73db7f2e,keyword_template_aware,full,4.0,0;4;10;11,1,0.07275003008544445,cpu
34b81fccb2bafd93,keyword_template_aware,full,4.0,0;4;10;11,1,0.08583301678299904,cpu
dfba610804380559,keyword_template_aware,full,4.0,0;4;10;11,1,0.08154206443578005,cpu
83a245f1f64d8dc3,keyword_template_aware,full,4.0,0;4;10;11,1,0.06062502507120371,cpu
48364ca5528ee93c,keyword_template_aware,full,4.0,0;4;10;11,1,0.08966599125415087,cpu
6805f4cc6c64525d,keyword_template_aware,full,4.0,0;4;10;11,1,0.06975000724196434,cpu
40c5dd0e3ee9e6eb,keyword_template_aware,full,4.0,0;4;10;11,1,0.056541990488767624,cpu
cd560e503ff47951,keyword_template_aware,full,4.0,0;4;10;11,1,0.0689999433234334,cpu
8334eb2bdf652432,keyword_template_aware,full,4.0,0;4;10;11,1,0.06558292079716921,cpu
be725471a6d9421c,keyword_template_aware,full,4.0,0;4;10;11,1,0.06470899097621441,cpu
def4f3685bbc1529,keyword_template_aware,full,4.0,0;4;10;11,1,0.06991706322878599,cpu
4cdaa735465f12b8,keyword_template_aware,full,4.0,0;4;10;11,1,0.06258394569158554,cpu
a0ff6b4f118ff753,keyword_template_aware,full,4.0,0;4;10;11,1,0.04754099063575268,cpu
47c328e78c24edbc,keyword_template_aware,full,4.0,0;4;10;11,1,0.08045800495892763,cpu
944ec8e55c037823,keyword_template_aware,full,4.0,0;4;10;11,1,0.05124998278915882,cpu
57c8e9df02973119,keyword_template_aware,full,4.0,0;4;10;11,1,0.07599999662488699,cpu
c97026a56b482155,keyword_template_aware,full,4.0,0;4;10;11,1,0.05720893386751413,cpu
4c51d1aea8d66847,keyword_template_aware,full,4.0,0;4;10;11,1,0.06370898336172104,cpu
90564810b443f3cf,keyword_template_aware,full,4.0,0;4;10;11,1,0.07608404848724604,cpu
74705fd164a57442,keyword_template_aware,full,4.0,0;4;10;11,1,0.07229205220937729,cpu
04014bcabf6e39cf,keyword_template_aware,full,4.0,0;4;10;11,1,0.051292008720338345,cpu
4c49dba853ad0f45,keyword_template_aware,full,4.0,0;4;10;11,1,0.08100003469735384,cpu
09f51d7c5e878542,keyword_template_aware,full,4.0,0;4;10;11,1,0.06062502507120371,cpu
ccd29ad042f9a6c2,keyword_template_aware,full,4.0,0;4;10;11,1,0.04700000863522291,cpu
3dbf9d7298b4ba6a,keyword_template_aware,full,4.0,0;4;10;11,1,0.05966599564999342,cpu
02c63ea515849365,keyword_template_aware,full,4.0,0;4;10;11,1,0.05612499080598354,cpu
70268a5150e9954b,keyword_template_aware,full,4.0,0;4;10;11,1,0.055333017371594906,cpu
36d7a923acdf13cb,keyword_template_aware,full,4.0,0;4;10;11,1,0.05979195702821016,cpu
1ad1c8a7ad8ea3aa,keyword_template_aware,full,4.0,0;4;10;11,1,0.0529169337823987,cpu
167eb01a3325e90f,keyword_template_aware,full,4.0,0;4;10;11,1,0.03829097840934992,cpu
cee8896ba107e4dd,keyword_template_aware,full,4.0,0;4;10;11,1,0.07708300836384296,cpu
073a7a2adf8a975f,keyword_template_aware,full,4.0,0;4;10;11,1,0.04779093433171511,cpu
0de836ca729a0ce4,keyword_template_aware,full,4.0,0;4;10;11,1,0.07237493991851807,cpu
affd182c3e12bad0,keyword_template_aware,full,4.0,0;4;10;11,1,0.053875031881034374,cpu
d05e43f491d32323,keyword_template_aware,full,4.0,0;4;10;11,1,0.06049999501556158,cpu
95851296503214fb,keyword_template_aware,full,4.0,0;4;10;11,1,0.0725829740986228,cpu
d0a336fff42655c3,keyword_template_aware,full,4.0,0;4;10;11,1,0.06833404768258333,cpu
12708c36abf7d224,keyword_template_aware,full,4.0,0;4;10;11,1,0.047749956138432026,cpu
75dbb6351a9f40c3,keyword_template_aware,full,4.0,0;4;10;11,1,0.07720896974205971,cpu
845ae40c2eab06e6,keyword_template_aware,full,4.0,0;4;10;11,1,0.056916032917797565,cpu
402fb8153c6bcf02,keyword_template_aware,full,4.0,0;4;10;11,1,0.04370801616460085,cpu
a7f25a2f8927bd15,keyword_template_aware,full,4.0,0;4;10;11,1,0.055999960750341415,cpu
f48e191db0413dc6,keyword_template_aware,full,4.0,0;4;10;11,1,0.0524159986525774,cpu
56141814233996fb,keyword_template_aware,full,4.0,0;4;10;11,1,0.05183299072086811,cpu
b55dd19d75f7e09d,keyword_template_aware,full,4.0,0;4;10;11,1,0.05662499461323023,cpu
f52a168eafdcc70d,keyword_template_aware,full,4.0,0;4;10;11,1,0.04962494131177664,cpu
f524304538a21f07,keyword_template_aware,full,4.0,0;4;10;11,1,0.03487500362098217,cpu
3e18ecc430ce935c,keyword_template_aware,full,4.0,0;4;10;11,1,0.09225006215274334,cpu
e34a41dc08b030df,keyword_template_aware,full,4.0,0;4;10;11,1,0.06304203998297453,cpu
36a4b3b703a1965f,keyword_template_aware,full,4.0,0;4;10;11,1,0.0867500202730298,cpu
829f2a07ad92e335,keyword_template_aware,full,4.0,0;4;10;11,1,0.06833299994468689,cpu
d8ea3203062446b8,keyword_template_aware,full,4.0,0;4;10;11,1,0.07483293302357197,cpu
1f27730b80f96b30,keyword_template_aware,full,4.0,0;4;10;11,1,0.08737493772059679,cpu
b7ef1a1e7df0c62a,keyword_template_aware,full,4.0,0;4;10;11,1,0.08324999362230301,cpu
bd3f5b9c20fabbdb,keyword_template_aware,full,4.0,0;4;10;11,1,0.06237498018890619,cpu
ca15a2004b317367,keyword_template_aware,full,4.0,0;4;10;11,1,0.09220896754413843,cpu
5578081ff89d9686,keyword_template_aware,full,4.0,0;4;10;11,1,0.07933401502668858,cpu
785ee979e52f7f7f,keyword_template_aware,full,4.0,0;4;10;11,1,0.05829194560647011,cpu
5ba0b4ed41affaf5,keyword_template_aware,full,4.0,0;4;10;11,1,0.0706670107319951,cpu
ce9cc23d28da9816,keyword_template_aware,full,4.0,0;4;10;11,1,0.06695801857858896,cpu
a8523fedc1782e26,keyword_template_aware,full,4.0,0;4;10;11,1,0.06570899859070778,cpu
97f5a8eb6f9aa255,keyword_template_aware,full,4.0,0;4;10;11,1,0.07058295886963606,cpu
e737d5a122cb099e,keyword_template_aware,full,4.0,0;4;10;11,1,0.0640420475974679,cpu
2eb01a15cb60f297,keyword_template_aware,full,4.0,0;4;10;11,1,0.04912493750452995,cpu
9b3209a1bec2cf2f,keyword_template_aware,full,4.0,0;4;10;11,1,0.0865421025082469,cpu
8549e46a1bfedea6,keyword_template_aware,full,4.0,0;4;10;11,1,0.05666702054440975,cpu
0ad0f3365bbad536,keyword_template_aware,full,4.0,0;4;10;11,1,0.08120900020003319,cpu
8aeecce781182085,keyword_template_aware,full,4.0,0;4;10;11,1,0.06208301056176424,cpu
3b5f210d4544720b,keyword_template_aware,full,4.0,0;4;10;11,1,0.06837490946054459,cpu
744c7e6651cbe063,keyword_template_aware,full,4.0,0;4;10;11,1,0.08170807268470526,cpu
463db4c0027a4cbc,keyword_template_aware,full,4.0,0;4;10;11,1,0.07687497418373823,cpu
9d0e72fd6d7210aa,keyword_template_aware,full,4.0,0;4;10;11,1,0.0889170914888382,cpu
1c1ff2bc5eb5b9db,keyword_template_aware,full,4.0,0;4;10;11,1,0.09041698649525642,cpu
a9c106c9fb3fa596,keyword_template_aware,full,4.0,0;4;10;11,1,0.06820890121161938,cpu
8f20c95714a4a32e,keyword_template_aware,full,4.0,0;4;10;11,1,0.05320890340954065,cpu
29292acd9411cb47,keyword_template_aware,full,4.0,0;4;10;11,1,0.06512505933642387,cpu
fed8fed26bba9353,keyword_template_aware,full,4.0,0;4;10;11,1,0.06129196844995022,cpu
d58bb594acc87be9,keyword_template_aware,full,4.0,0;4;10;11,1,0.060249934904277325,cpu
15abd025ee3d20bb,keyword_template_aware,full,4.0,0;4;10;11,1,0.06466603372246027,cpu
a8c065bdd3164053,keyword_template_aware,full,4.0,0;4;10;11,1,0.05791697185486555,cpu
02c8d578a2cf88fe,keyword_template_aware,full,4.0,0;4;10;11,1,0.04295899998396635,cpu
4ca0913047a81372,keyword_template_aware,full,4.0,0;4;10;11,1,0.07283291779458523,cpu
1857b62ecdedf88e,keyword_template_aware,full,4.0,0;4;10;11,1,0.04433305002748966,cpu
97b5ec405e5b8cac,keyword_template_aware,full,4.0,0;4;10;11,1,0.07641699630767107,cpu
6f8e6ef8ad6925f6,keyword_template_aware,full,4.0,0;4;10;11,1,0.050458009354770184,cpu
0e5baad11fc41326,keyword_template_aware,full,4.0,0;4;10;11,1,0.056750024668872356,cpu
243f34e3d10f6021,keyword_template_aware,full,4.0,0;4;10;11,1,0.06950006354600191,cpu
1c72ff43d2638082,keyword_template_aware,full,4.0,0;4;10;11,1,0.0648329732939601,cpu
0acee31c43f5b5af,keyword_template_aware,full,4.0,0;4;10;11,1,0.04429102409631014,cpu
85889833a0d05249,keyword_template_aware,full,4.0,0;4;10;11,1,0.07337494753301144,cpu
8fbd812dfe2ae353,keyword_template_aware,full,4.0,0;4;10;11,1,0.0535410363227129,cpu
24dd5cfbb7c8063f,keyword_template_aware,full,4.0,0;4;10;11,1,0.03983289934694767,cpu
4de64c0ca9b0903e,keyword_template_aware,full,4.0,0;4;10;11,1,0.0524159986525774,cpu
06fcc67c8ecf9ea5,keyword_template_aware,full,4.0,0;4;10;11,1,0.048832967877388,cpu
e8a8ded14982136a,keyword_template_aware,full,4.0,0;4;10;11,1,0.047791050747036934,cpu
e3de69746b1c13c1,keyword_template_aware,full,4.0,0;4;10;11,1,0.05233404226601124,cpu
d9b59af6d0d47eed,keyword_template_aware,full,4.0,0;4;10;11,1,0.04575005732476711,cpu
dbd96a572e05aaf4,keyword_template_aware,full,4.0,0;4;10;11,1,0.03116705920547247,cpu
46e61f04131fc2cf,keyword_template_aware,full,4.0,0;4;10;11,1,0.08245802018791437,cpu
8e52c78362649d40,keyword_template_aware,full,4.0,0;4;10;11,1,0.054458039812743664,cpu
a7df44952e7e5c90,keyword_template_aware,full,4.0,0;4;10;11,1,0.0790000194683671,cpu
2e346aabf5aeae20,keyword_template_aware,full,4.0,0;4;10;11,1,0.06020802538841963,cpu
cf0f449f51afb843,keyword_template_aware,full,4.0,0;4;10;11,1,0.0666249543428421,cpu
ec2b328fc42fd506,keyword_template_aware,full,4.0,0;4;10;11,1,0.0790419289842248,cpu
a50ac84d47589848,keyword_template_aware,full,4.0,0;4;10;11,1,0.07395795546472073,cpu
32598167df350c7f,keyword_template_aware,full,4.0,0;4;10;11,1,0.053999945521354675,cpu
361363447ffc1803,keyword_template_aware,full,4.0,0;4;10;11,1,0.08316594175994396,cpu
e97ad343ef65624c,keyword_template_aware,full,4.0,0;4;10;11,1,0.06308301817625761,cpu
4d940c2cc187cc66,keyword_template_aware,full,4.0,0;4;10;11,1,0.04958303179591894,cpu
efef116c6c26a200,keyword_template_aware,full,4.0,0;4;10;11,1,0.06208301056176424,cpu
37a29ab34fe7df22,keyword_template_aware,full,4.0,0;4;10;11,1,0.05879194941371679,cpu
12872185a3bc40d6,keyword_template_aware,full,4.0,0;4;10;11,1,0.0577080063521862,cpu
9e1ac30d7393ad22,keyword_template_aware,full,4.0,0;4;10;11,1,0.06279197987169027,cpu
eb81aaee0509c124,keyword_template_aware,full,4.0,0;4;10;11,1,0.055541982874274254,cpu
f4bcfeff7b5f49f0,keyword_template_aware,full,4.0,0;4;10;11,1,0.04095793701708317,cpu
f8dda658168387e2,keyword_template_aware,full,4.0,0;4;10;11,1,0.08425000123679638,cpu
754250274235ea06,keyword_template_aware,full,4.0,0;4;10;11,1,0.055875047110021114,cpu
f9262cb0ff1508e7,keyword_template_aware,full,4.0,0;4;10;11,1,0.08050003089010715,cpu
11e96372b8badbd1,keyword_template_aware,full,4.0,0;4;10;11,1,0.061832950450479984,cpu
7d919eb45d0c3097,keyword_template_aware,full,4.0,0;4;10;11,1,0.06841705180704594,cpu
5054db43c2e387ec,keyword_template_aware,full,4.0,0;4;10;11,1,0.0802499707788229,cpu
b861c1b62d52d92a,keyword_template_aware,full,4.0,0;4;10;11,1,0.07591699250042439,cpu
0f4a5b64eb09c287,keyword_template_aware,full,4.0,0;4;10;11,1,0.055791111662983894,cpu
8eabb4139f46d8a1,keyword_template_aware,full,4.0,0;4;10;11,1,0.08479203097522259,cpu
503a4306db8b260c,keyword_template_aware,full,4.0,0;4;10;11,1,0.06487499922513962,cpu
a461c8daa96f7bd0,keyword_template_aware,full,4.0,0;4;10;11,1,0.05120900459587574,cpu
fdd2aa2aa417d191,keyword_template_aware,full,4.0,0;4;10;11,1,0.06404193118214607,cpu
3434f1481422f904,keyword_template_aware,full,4.0,0;4;10;11,1,0.060208956710994244,cpu
342b2484d6754633,keyword_template_aware,full,4.0,0;4;10;11,1,0.05937507376074791,cpu
ee3e22716e786535,keyword_template_aware,full,4.0,0;4;10;11,1,0.0635830219835043,cpu
72dd21e8a4b77280,keyword_template_aware,full,4.0,0;4;10;11,1,0.05737494211643934,cpu
72e9ab125b636b2c,keyword_template_aware,full,4.0,0;4;10;11,1,0.0426670303568244,cpu
1164dad943054187,keyword_template_aware,full,4.0,0;4;10;11,1,0.06737490184605122,cpu
75b8a46d64c7efe0,keyword_template_aware,full,4.0,0;4;10;11,1,0.03983289934694767,cpu
0daf44a57c8ba6c0,keyword_template_aware,full,4.0,0;4;10;11,1,0.06383308209478855,cpu
38fe61b1ba2d441f,keyword_template_aware,full,4.0,0;4;10;11,1,0.04562491085380316,cpu
6177e4cf453f387a,keyword_template_aware,full,4.0,0;4;10;11,1,0.05200004670768976,cpu
d5b7058f3a0bc062,keyword_template_aware,full,4.0,0;4;10;11,1,0.06441597361117601,cpu
ae8a1349f301ca37,keyword_template_aware,full,4.0,0;4;10;11,1,0.059832935221493244,cpu
8d467d25574b29fb,keyword_template_aware,full,4.0,0;4;10;11,1,0.03970903344452381,cpu
3b51db42dbed9222,keyword_template_aware,full,4.0,0;4;10;11,1,0.06883300375193357,cpu
e6fb79b509715560,keyword_template_aware,full,4.0,0;4;10;11,1,0.04891701973974705,cpu
453c56c6059f7a20,keyword_template_aware,full,4.0,0;4;10;11,1,0.035415985621511936,cpu
24aba393d1b9691d,keyword_template_aware,full,4.0,0;4;10;11,1,0.04775007255375385,cpu
37d63d45236ba2bd,keyword_template_aware,full,4.0,0;4;10;11,1,0.04424992948770523,cpu
6cc5b2ca3b7cf3d2,keyword_template_aware,full,4.0,0;4;10;11,1,0.04358310252428055,cpu
e4e1e83b2b587698,keyword_template_aware,full,4.0,0;4;10;11,1,0.05520891863852739,cpu
c92c05cd17ef9f6c,keyword_template_aware,full,4.0,0;4;10;11,1,0.04145794082432985,cpu
b92374c096d5c76a,keyword_template_aware,full,4.0,0;4;10;11,1,0.027041067369282246,cpu
8fc9ad6f061d8fb3,keyword_template_aware,full,3.0,0;10;11,1,0.07554201874881983,cpu
eb6fc59c0340a5de,keyword_template_aware,full,3.0,0;10;11,1,0.04724995233118534,cpu
f30d4e7e1e84d98f,keyword_template_aware,full,3.0,0;10;11,1,0.07525004912167788,cpu
bf61d207c240d3d3,keyword_template_aware,full,3.0,0;10;11,1,0.053208088502287865,cpu
1399e079024c9431,keyword_template_aware,full,3.0,0;10;11,1,0.06137508898973465,cpu
0f4c90dc5e151e6c,keyword_template_aware,full,3.0,0;10;11,1,0.07366703357547522,cpu
ea890e4b803ca364,keyword_template_aware,full,3.0,0;10;11,1,0.0671660527586937,cpu
550e02fb1188f884,keyword_template_aware,full,3.0,0;10;11,1,0.04891701973974705,cpu
43679c94b7f7407e,keyword_template_aware,full,3.0,0;10;11,1,0.08074997458606958,cpu
b5829078f0884780,keyword_template_aware,full,3.0,0;10;11,1,0.0588749535381794,cpu
fb001fbbeed9568c,keyword_template_aware,full,3.0,0;10;11,1,0.04283396992832422,cpu
17b5582b4ecf7f43,keyword_template_aware,full,3.0,0;10;11,1,0.056832912378013134,cpu
4a41476ddfde631b,keyword_template_aware,full,3.0,0;10;11,1,0.053042080253362656,cpu
5ea1d10f5f189a16,keyword_template_aware,full,3.0,0;10;11,1,0.05095801316201687,cpu
b181011af3e1a346,keyword_template_aware,full,3.0,0;10;11,1,0.05645793862640858,cpu
0a06e0444b2294a5,keyword_template_aware,full,3.0,0;10;11,1,0.0500410096719861,cpu
67c06885d1049bd0,keyword_template_aware,full,3.0,0;10;11,1,0.03416603431105614,cpu
fc9f0b68b0bb9c20,keyword_template_aware,full,4.0,0;4;10;11,1,0.07379194721579552,cpu
51dd4bec2c08d0f4,keyword_template_aware,full,4.0,0;4;10;11,1,0.04591606557369232,cpu
764292d0a76d90e9,keyword_template_aware,full,4.0,0;4;10;11,1,0.07008400280028582,cpu
8f1c498cfeb9f47c,keyword_template_aware,full,4.0,0;4;10;11,1,0.051582930609583855,cpu
ba3995e6cdff022d,keyword_template_aware,full,4.0,0;4;10;11,1,0.057958997786045074,cpu
517f5524e583a78f,keyword_template_aware,full,4.0,0;4;10;11,1,0.07016700692474842,cpu
0ed619d24d7c954d,keyword_template_aware,full,4.0,0;4;10;11,1,0.06608397234231234,cpu
f06f3a39a48d5d9f,keyword_template_aware,full,4.0,0;4;10;11,1,0.04591699689626694,cpu
2dbe1ac7c163e34e,keyword_template_aware,full,4.0,0;4;10;11,1,0.08299993351101875,cpu
cfb716fd65e02b3b,keyword_template_aware,full,4.0,0;4;10;11,1,0.054709031246602535,cpu
371ed5ad4ee745db,keyword_template_aware,full,4.0,0;4;10;11,1,0.041541061364114285,cpu
60b709214386d5bd,keyword_template_aware,full,4.0,0;4;10;11,1,0.05408294964581728,cpu
cf1d742bf3902196,keyword_template_aware,full,4.0,0;4;10;11,1,0.05037500523030758,cpu
bfc6825a3a128f3f,keyword_template_aware,full,4.0,0;4;10;11,1,0.049625057727098465,cpu
f6e355e3aee56ac7,keyword_template_aware,full,4.0,0;4;10;11,1,0.05437503568828106,cpu
90dc243fb634104b,keyword_template_aware,full,4.0,0;4;10;11,1,0.047459034249186516,cpu
f38f73a711bc647e,keyword_template_aware,full,4.0,0;4;10;11,1,0.03287498839199543,cpu
2d991541c518ed7c,keyword_template_aware,full,4.0,0;4;10;11,1,0.08025008719414473,cpu
dabae08e108777ea,keyword_template_aware,full,4.0,0;4;10;11,1,0.05204195622354746,cpu
90cace39123c1d42,keyword_template_aware,full,4.0,0;4;10;11,1,0.07670803461223841,cpu
f2f64cedbca81c21,keyword_template_aware,full,4.0,0;4;10;11,1,0.057999975979328156,cpu
56c23acaee7b03dc,keyword_template_aware,full,4.0,0;4;10;11,1,0.06429210770875216,cpu
7cc129711e66c989,keyword_template_aware,full,4.0,0;4;10;11,1,0.07562502287328243,cpu
90054e25fbf345a7,keyword_template_aware,full,4.0,0;4;10;11,1,0.06804103031754494,cpu
7f6c86e610135399,keyword_template_aware,full,4.0,0;4;10;11,1,0.04900002386420965,cpu
537cb37748a8181f,keyword_template_aware,full,4.0,0;4;10;11,1,0.07591699250042439,cpu
6f74a11936cc4ed7,keyword_template_aware,full,4.0,0;4;10;11,1,0.0676250783726573,cpu
9b17eef2c5f8bbdb,keyword_template_aware,full,4.0,0;4;10;11,1,0.044625019654631615,cpu
8194c9d7da01a8be,keyword_template_aware,full,4.0,0;4;10;11,1,0.05641707684844732,cpu
c8e8df4938669a3e,keyword_template_aware,full,4.0,0;4;10;11,1,0.05308294203132391,cpu
dafe631d60bdbe29,keyword_template_aware,full,4.0,0;4;10;11,1,0.06049999501556158,cpu
5ad46fcfe601e520,keyword_template_aware,full,4.0,0;4;10;11,1,0.05662499461323023,cpu
7c9415bc963337d2,keyword_template_aware,full,4.0,0;4;10;11,1,0.050292001105844975,cpu
58deaa7f48c7da38,keyword_template_aware,full,4.0,0;4;10;11,1,0.03670796286314726,cpu
f7b8f01f3ffc05fc,keyword_template_aware,full,4.0,0;4;10;11,1,0.07033301517367363,cpu
900c9fbea9a907c6,keyword_template_aware,full,4.0,0;4;10;11,1,0.04358298610895872,cpu
861dd1ea8747b2ee,keyword_template_aware,full,4.0,0;4;10;11,1,0.06670807488262653,cpu
788ea24dd0cd1d3d,keyword_template_aware,full,4.0,0;4;10;11,1,0.049083027988672256,cpu
562ab41d60a9cb05,keyword_template_aware,full,4.0,0;4;10;11,1,0.0553749268874526,cpu
1f842fb5be4262e0,keyword_template_aware,full,4.0,0;4;10;11,1,0.06633403245359659,cpu
fb0f9de02cfd0cdc,keyword_template_aware,full,4.0,0;4;10;11,1,0.062333070673048496,cpu
b8073b60a1070b2c,keyword_template_aware,full,4.0,0;4;10;11,1,0.0435409601777792,cpu
ded3eeda6d0b7b81,keyword_template_aware,full,4.0,0;4;10;11,1,0.07087504491209984,cpu
ca283c6d0e99410b,keyword_template_aware,full,4.0,0;4;10;11,1,0.05195906851440668,cpu
9d0e739b5dde147e,keyword_template_aware,full,4.0,0;4;10;11,1,0.039125094190239906,cpu
9956e8c103846039,keyword_template_aware,full,4.0,0;4;10;11,1,0.050999922677874565,cpu
6fb41ab1610f9c3f,keyword_template_aware,full,4.0,0;4;10;11,1,0.04741700831800699,cpu
66039331b8d06b12,keyword_template_aware,full,4.0,0;4;10;11,1,0.04712503869086504,cpu
f6836a46d88a23ae,keyword_template_aware,full,4.0,0;4;10;11,1,0.051458016969263554,cpu
d7f7d6a85d3ace76,keyword_template_aware,full,4.0,0;4;10;11,1,0.045082997530698776,cpu
b4e89f44707ee80c,keyword_template_aware,full,4.0,0;4;10;11,1,0.0315000070258975,cpu
bacc7bc459d18dfb,keyword_template_aware,full,4.0,0;4;10;11,1,0.07025001104921103,cpu
3182441a14fd4fb9,keyword_template_aware,full,4.0,0;4;10;11,1,0.04383292980492115,cpu
6106c10e8ba506ce,keyword_template_aware,full,4.0,0;4;10;11,1,0.06674998439848423,cpu
40c85b6094a53f40,keyword_template_aware,full,4.0,0;4;10;11,1,0.049458001740276814,cpu
28278e87b55432dd,keyword_template_aware,full,4.0,0;4;10;11,1,0.0553749268874526,cpu
77b50ff6bfbc43de,keyword_template_aware,full,4.0,0;4;10;11,1,0.06716698408126831,cpu
1c4363eb12aa1ed8,keyword_template_aware,full,4.0,0;4;10;11,1,0.06279104854911566,cpu
c3d426f48617c9da,keyword_template_aware,full,4.0,0;4;10;11,1,0.04383292980492115,cpu
fdc7e4511d30044b,keyword_template_aware,full,4.0,0;4;10;11,1,0.08404196705669165,cpu
b111728158ac9be3,keyword_template_aware,full,4.0,0;4;10;11,1,0.059125013649463654,cpu
fd71bc64e82345a1,keyword_template_aware,full,4.0,0;4;10;11,1,0.0599580816924572,cpu
62bded125665728b,keyword_template_aware,full,4.0,0;4;10;11,1,0.06454193498939276,cpu
bdbc52d258156c50,keyword_template_aware,full,4.0,0;4;10;11,1,0.04820898175239563,cpu
764a70c72cede6d9,keyword_template_aware,full,4.0,0;4;10;11,1,0.04754099063575268,cpu
ba71d13c8935ad8f,keyword_template_aware,full,4.0,0;4;10;11,1,0.05183299072086811,cpu
0b5ed69923d22b23,keyword_template_aware,full,4.0,0;4;10;11,1,0.0451250234618783,cpu
311f9f0ddf85687a,keyword_template_aware,full,4.0,0;4;10;11,1,0.03145902883261442,cpu
7c886c80816449d0,keyword_template_aware,full,4.0,0;4;10;11,1,0.07025001104921103,cpu
534a282d01aeec65,keyword_template_aware,full,4.0,0;4;10;11,1,0.04395900759845972,cpu
ecfcfeefeefed790,keyword_template_aware,full,4.0,0;4;10;11,1,0.06704195402562618,cpu
66f8f913a6535ee5,keyword_template_aware,full,4.0,0;4;10;11,1,0.04958396311849356,cpu
13b3898dafeeb94a,keyword_template_aware,full,4.0,0;4;10;11,1,0.055416952818632126,cpu
a76179e8a8e407a5,keyword_template_aware,full,4.0,0;4;10;11,1,0.06674998439848423,cpu
a18b3db6cdf6e186,keyword_template_aware,full,4.0,0;4;10;11,1,0.08662499021738768,cpu
cebb6fd9e28705bf,keyword_template_aware,full,4.0,0;4;10;11,1,0.043332925997674465,cpu
b0bf1df6db1f80a5,keyword_template_aware,full,4.0,0;4;10;11,1,0.06979203317314386,cpu
f74106c2065c0fbe,keyword_template_aware,full,4.0,0;4;10;11,1,0.04654203075915575,cpu
7eaebc1ccd2adf3e,keyword_template_aware,full,4.0,0;4;10;11,1,0.0350830378010869,cpu
ccc793f8fa251732,keyword_template_aware,full,4.0,0;4;10;11,1,0.05708297248929739,cpu
70763ad4ffc59e37,keyword_template_aware,full,4.0,0;4;10;11,1,0.05304196383804083,cpu
bca6d38c37f368bc,keyword_template_aware,full,4.0,0;4;10;11,1,0.04412501584738493,cpu
332663fee71fb8be,keyword_template_aware,full,4.0,0;4;10;11,1,0.05049991887062788,cpu
4a3e52d852b6c3a0,keyword_template_aware,full,4.0,0;4;10;11,1,0.03975001163780689,cpu
ba021b9c0c02b2f1,keyword_template_aware,full,4.0,0;4;10;11,1,0.02816703636199236,cpu
968e90e642d0bc58,keyword_template_aware,full,4.0,0;4;10;11,1,0.06416602991521358,cpu
bc8b2518467ee50f,keyword_template_aware,full,4.0,0;4;10;11,1,0.040917075239121914,cpu
012641c7996d9084,keyword_template_aware,full,4.0,0;4;10;11,1,0.062208971939980984,cpu
cc262b1999c81e74,keyword_template_aware,full,4.0,0;4;10;11,1,0.04716601688414812,cpu
021b6b752fe29af9,keyword_template_aware,full,4.0,0;4;10;11,1,0.055582961067557335,cpu
e3d9ca878589a602,keyword_template_aware,full,4.0,0;4;10;11,1,0.06312504410743713,cpu
f52c5ec409923b87,keyword_template_aware,full,4.0,0;4;10;11,1,0.06258394569158554,cpu
35d6966622472375,keyword_template_aware,full,4.0,0;4;10;11,1,0.04416704177856445,cpu
d1bd9aa381be5779,keyword_template_aware,full,4.0,0;4;10;11,1,0.06766710430383682,cpu
5db982f0d1a25e6d,keyword_template_aware,full,4.0,0;4;10;11,1,0.0515420688316226,cpu
c4f80351ae88dd3d,keyword_template_aware,full,4.0,0;4;10;11,1,0.03724999260157347,cpu
24fd72da708dc6e3,keyword_template_aware,full,4.0,0;4;10;11,1,0.047625042498111725,cpu
52cc40b8b39b4ce7,keyword_template_aware,full,4.0,0;4;10;11,1,0.046291970647871494,cpu
2661e146eb57ae44,keyword_template_aware,full,4.0,0;4;10;11,1,0.046375091187655926,cpu
9e760fd4db1552e7,keyword_template_aware,full,4.0,0;4;10;11,1,0.04775007255375385,cpu
3db2f94e4ff5df3d,keyword_template_aware,full,4.0,0;4;10;11,1,0.04216702654957771,cpu
e807a481c7238280,keyword_template_aware,full,4.0,0;4;10;11,1,0.03287498839199543,cpu
bccd55de9b50dd42,keyword_template_aware,full,5.0,0;4;7;10;11,1,0.06341701373457909,cpu
1c922d0fbe4f8b4a,keyword_template_aware,full,5.0,0;4;7;10;11,1,0.036082929000258446,cpu
2c703dc10ad33de6,keyword_template_aware,full,5.0,0;4;7;10;11,1,0.05945796146988869,cpu
d5cc76d2168c1b4d,keyword_template_aware,full,5.0,0;4;7;10;11,1,0.042332918383181095,cpu
3f551a65acdc9cf2,keyword_template_aware,full,5.0,0;4;7;10;11,1,0.049375114031136036,cpu
a470665f74e0669a,keyword_template_aware,full,5.0,0;4;7;10;11,1,0.05479191895574331,cpu
a05d7dbb71c45053,keyword_template_aware,full,5.0,0;4;7;10;11,1,0.05416700150817633,cpu
e43ed32c2c92a962,keyword_template_aware,full,5.0,0;4;7;10;11,1,0.03858294803649187,cpu
96034d67bea874c7,keyword_template_aware,full,5.0,0;4;7;10;11,1,0.055999960750341415,cpu
504d89102341be9e,keyword_template_aware,full,5.0,0;4;7;10;11,1,0.040624989196658134,cpu
d2c700623bced707,keyword_template_aware,full,5.0,0;4;7;10;11,1,0.03574998117983341,cpu
604606cea8506e63,keyword_template_aware,full,5.0,0;4;7;10;11,1,0.0504170311614871,cpu
bab52e04fe7c0d12,keyword_template_aware,full,5.0,0;4;7;10;11,1,0.041375053115189075,cpu
e3d3c0d784137003,keyword_template_aware,full,5.0,0;4;7;10;11,1,0.03858294803649187,cpu
e03153206ce6a15b,keyword_template_aware,full,5.0,0;4;7;10;11,1,0.0452499371021986,cpu
035f5a2d1f8e58f9,keyword_template_aware,full,5.0,0;4;7;10;11,1,0.04012498538941145,cpu
2095e8030c83b75d,keyword_template_aware,full,5.0,0;4;7;10;11,1,0.024333014152944088,cpu
6c4105af44300d11,keyword_template_aware,full,4.0,0;4;10;11,1,0.07587496656924486,cpu
ae8129bcc87c7d6c,keyword_template_aware,full,4.0,0;4;10;11,1,0.04858395550400019,cpu
872952dfa5b3372e,keyword_template_aware,full,4.0,0;4;10;11,1,0.06837490946054459,cpu
336e617875d12c35,keyword_template_aware,full,4.0,0;4;10;11,1,0.06570899859070778,cpu
9d5aad96001e541e,keyword_template_aware,full,4.0,0;4;10;11,1,0.0612910371273756,cpu
6c64480943ab3588,keyword_template_aware,full,4.0,0;4;10;11,1,0.07241603452712297,cpu
cf96c08161045f65,keyword_template_aware,full,4.0,0;4;10;11,1,0.0649159774184227,cpu
19df39a9e60cde44,keyword_template_aware,full,4.0,0;4;10;11,1,0.05304103251546621,cpu
4809134bf1f45556,keyword_template_aware,full,4.0,0;4;10;11,1,0.07862492930144072,cpu
09c08321efba45ff,keyword_template_aware,full,4.0,0;4;10;11,1,0.058333040215075016,cpu
8e2c216e4a89acb4,keyword_template_aware,full,4.0,0;4;10;11,1,0.04458299372345209,cpu
4a864bfc546a335d,keyword_template_aware,full,4.0,0;4;10;11,1,0.0547909876331687,cpu
b10d425ad2f6c2bb,keyword_template_aware,full,4.0,0;4;10;11,1,0.05449994932860136,cpu
0f1d101f37012dbe,keyword_template_aware,full,4.0,0;4;10;11,1,0.050915987230837345,cpu
ef975791a2785a9e,keyword_template_aware,full,4.0,0;4;10;11,1,0.055333017371594906,cpu
c92aedd4cdd457f4,keyword_template_aware,full,4.0,0;4;10;11,1,0.04983297549188137,cpu
ed6aecde0425e4da,keyword_template_aware,full,4.0,0;4;10;11,1,0.03899994771927595,cpu
eb79c346f4f6d3d9,keyword_template_aware,full,4.0,0;4;10;11,1,0.06758293602615595,cpu
3f20c65f38711539,keyword_template_aware,full,4.0,0;4;10;11,1,0.043625012040138245,cpu
3a5a7012dadf8fb3,keyword_template_aware,full,4.0,0;4;10;11,1,0.06599992047995329,cpu
8818b1a7deb6e99e,keyword_template_aware,full,4.0,0;4;10;11,1,0.04824995994567871,cpu
514adac053ec3ebb,keyword_template_aware,full,4.0,0;4;10;11,1,0.05324999801814556,cpu
96765da94a70c83e,keyword_template_aware,full,4.0,0;4;10;11,1,0.07116701453924179,cpu
e13223c792cc291c,keyword_template_aware,full,4.0,0;4;10;11,1,0.06187497638165951,cpu
7dc0dc5a06757d48,keyword_template_aware,full,4.0,0;4;10;11,1,0.045208027586340904,cpu
fa712f2c8a8ea09c,keyword_template_aware,full,4.0,0;4;10;11,1,0.06666698027402163,cpu
24ac596cb16a081a,keyword_template_aware,full,4.0,0;4;10;11,1,0.05050003528594971,cpu
cfee4dd4c2fb2425,keyword_template_aware,full,4.0,0;4;10;11,1,0.04204106517136097,cpu
bfa4e9e3adb5a9d7,keyword_template_aware,full,4.0,0;4;10;11,1,0.04916603211313486,cpu
7a74cdbbccaf9f98,keyword_template_aware,full,4.0,0;4;10;11,1,0.046584056690335274,cpu
9599c44aac2065df,keyword_template_aware,full,4.0,0;4;10;11,1,0.04591699689626694,cpu
3f2d7ea36f54f9cb,keyword_template_aware,full,4.0,0;4;10;11,1,0.051915994845330715,cpu
81434524078a1944,keyword_template_aware,full,4.0,0;4;10;11,1,0.056999968364834785,cpu
e006adcde6dacd05,keyword_template_aware,full,4.0,0;4;10;11,1,0.0363329891115427,cpu
3306041f379be90f,keyword_template_aware,full,4.0,0;4;10;11,1,0.0765420263633132,cpu
fbe542b673f73396,keyword_template_aware,full,4.0,0;4;10;11,1,0.05324999801814556,cpu
c243479bd9af0873,keyword_template_aware,full,4.0,0;4;10;11,1,0.07541605737060308,cpu
22e88f6116a5209b,keyword_template_aware,full,4.0,0;4;10;11,1,0.05783303640782833,cpu
a1af7d5c361580c4,keyword_template_aware,full,4.0,0;4;10;11,1,0.06304099224507809,cpu
f0d92b978abd6d74,keyword_template_aware,full,4.0,0;4;10;11,1,0.0753339845687151,cpu
6b4ad356875c018c,keyword_template_aware,full,4.0,0;4;10;11,1,0.06966700311750174,cpu
887d7f8ed167b973,keyword_template_aware,full,4.0,0;4;10;11,1,0.05391589365899563,cpu
e4f73e1b37092d0a,keyword_template_aware,full,4.0,0;4;10;11,1,0.07837498560547829,cpu
96ae03811c1805a6,keyword_template_aware,full,4.0,0;4;10;11,1,0.05991698708385229,cpu
b99c85c3c9cee9bc,keyword_template_aware,full,4.0,0;4;10;11,1,0.05191704258322716,cpu
97f88db655ce1753,keyword_template_aware,full,4.0,0;4;10;11,1,0.05937495734542608,cpu
77fafea74405be3f,keyword_template_aware,full,4.0,0;4;10;11,1,0.06337510421872139,cpu
23fc7aeb62c844ac,keyword_template_aware,full,4.0,0;4;10;11,1,0.057958997786045074,cpu
49dc619e9a560e32,keyword_template_aware,full,4.0,0;4;10;11,1,0.05925004370510578,cpu
981c9da431275d84,keyword_template_aware,full,4.0,0;4;10;11,1,0.05404104012995958,cpu
2c4904b3ee9194a5,keyword_template_aware,full,4.0,0;4;10;11,1,0.04458299372345209,cpu
a0210132c68304c8,keyword_template_aware,full,4.0,0;4;10;11,1,0.07404095958918333,cpu
610d58d35aa5c6f7,keyword_template_aware,full,4.0,0;4;10;11,1,0.041874940507113934,cpu
d56803a1ae7fb8b6,keyword_template_aware,full,4.0,0;4;10;11,1,0.06395799573510885,cpu
4801ed273ef345fb,keyword_template_aware,full,4.0,0;4;10;11,1,0.04641606938093901,cpu
16c98bda1a766106,keyword_template_aware,full,4.0,0;4;10;11,1,0.0515420688316226,cpu
0d3610145ac7ecff,keyword_template_aware,full,4.0,0;4;10;11,1,0.06425008177757263,cpu
668b8290913ec11f,keyword_template_aware,full,4.0,0;4;10;11,1,0.06362504791468382,cpu
802795d8b3b3f324,keyword_template_aware,full,4.0,0;4;10;11,1,0.041917082853615284,cpu
01453f84984ec7a8,keyword_template_aware,full,4.0,0;4;10;11,1,0.06849993951618671,cpu
4773ef311b6e2c75,keyword_template_aware,full,4.0,0;4;10;11,1,0.05137501284480095,cpu
6baed0f0e1049f58,keyword_template_aware,full,4.0,0;4;10;11,1,0.038207974284887314,cpu
f1c9d7e0376eda3e,keyword_template_aware,full,4.0,0;4;10;11,1,0.050915987230837345,cpu
7ecc29c39e9dd264,keyword_template_aware,full,4.0,0;4;10;11,1,0.049749971367418766,cpu
949ec333ee36794f,keyword_template_aware,full,4.0,0;4;10;11,1,0.04449998959898949,cpu
0b5bccccd2c59aac,keyword_template_aware,full,4.0,0;4;10;11,1,0.05070795305073261,cpu
343f68ecc3712e8f,keyword_template_aware,full,4.0,0;4;10;11,1,0.044792075641453266,cpu
77cbca82dad711b9,keyword_template_aware,full,4.0,0;4;10;11,1,0.03316695801913738,cpu
e905f54cfb28e976,keyword_template_aware,full,4.0,0;4;10;11,1,0.07195805665105581,cpu
3197efefa7e620fd,keyword_template_aware,full,4.0,0;4;10;11,1,0.04983297549188137,cpu
5220f08954408d10,keyword_template_aware,full,4.0,0;4;10;11,1,0.06970798131078482,cpu
90deed5b9a813f10,keyword_template_aware,full,4.0,0;4;10;11,1,0.053541967645287514,cpu
3facd4c49c63acfd,keyword_template_aware,full,4.0,0;4;10;11,1,0.06150000263005495,cpu
0b5785b982a465f5,keyword_template_aware,full,4.0,0;4;10;11,1,0.06745895370841026,cpu
0beeeef6cc297fed,keyword_template_aware,full,4.0,0;4;10;11,1,0.06962497718632221,cpu
00d6730d9ac9b8c4,keyword_template_aware,full,4.0,0;4;10;11,1,0.0463330652564764,cpu
fc9e6387677313ef,keyword_template_aware,full,4.0,0;4;10;11,1,0.07333408575505018,cpu
7f2adf151f1647e1,keyword_template_aware,full,4.0,0;4;10;11,1,0.055958982557058334,cpu
538ddc5f9ef95706,keyword_template_aware,full,4.0,0;4;10;11,1,0.04258297849446535,cpu
e8b4773f697f3e2e,keyword_template_aware,full,4.0,0;4;10;11,1,0.05304196383804083,cpu
93555f10c4096456,keyword_template_aware,full,4.0,0;4;10;11,1,0.052458024583756924,cpu
948ead0345760f6f,keyword_template_aware,full,4.0,0;4;10;11,1,0.04916603211313486,cpu
ffe10b611afdff1d,keyword_template_aware,full,4.0,0;4;10;11,1,0.05291705019772053,cpu
1df74c8bf44665ff,keyword_template_aware,full,4.0,0;4;10;11,1,0.05004194099456072,cpu
0412a635eece2e50,keyword_template_aware,full,4.0,0;4;10;11,1,0.03562506753951311,cpu
12b13e16973afec5,keyword_template_aware,full,4.0,0;4;10;11,1,0.06891600787639618,cpu
edb3f1fbca1674e2,keyword_template_aware,full,4.0,0;4;10;11,1,0.04841701593250036,cpu
23f26ea2a8135464,keyword_template_aware,full,4.0,0;4;10;11,1,0.06583309732377529,cpu
5ba57fa889dffa4b,keyword_template_aware,full,4.0,0;4;10;11,1,0.050458009354770184,cpu
e7c6ca043047be24,keyword_template_aware,full,4.0,0;4;10;11,1,0.058125006034970284,cpu
19010cdd1634bcf5,keyword_template_aware,full,4.0,0;4;10;11,1,0.07020903285592794,cpu
1ff0f45a6ad0d37e,keyword_template_aware,full,4.0,0;4;10;11,1,0.06479094736278057,cpu
04986d84565bcf47,keyword_template_aware,full,4.0,0;4;10;11,1,0.045625027269124985,cpu
93f0712b4b2b49aa,keyword_template_aware,full,4.0,0;4;10;11,1,0.08091598283499479,cpu
610c2b4326b98c0e,keyword_template_aware,full,4.0,0;4;10;11,1,0.06216706242412329,cpu
157b813f720155ae,keyword_template_aware,full,4.0,0;4;10;11,1,0.04304107278585434,cpu
d39260cda9c4d5b9,keyword_template_aware,full,4.0,0;4;10;11,1,0.05412509199231863,cpu
ab9e09d4f3100bd2,keyword_template_aware,full,4.0,0;4;10;11,1,0.056040938943624496,cpu
e3fc9d56ce7fc5a7,keyword_template_aware,full,4.0,0;4;10;11,1,0.050166971050202847,cpu
02547393ef23e03f,keyword_template_aware,full,4.0,0;4;10;11,1,0.05866703577339649,cpu
0ca00c6818f69ce3,keyword_template_aware,full,4.0,0;4;10;11,1,0.05220901221036911,cpu
25ea69e168b457bb,keyword_template_aware,full,4.0,0;4;10;11,1,0.03700004890561104,cpu
4ad57d0eea752121,keyword_template_aware,full,4.0,0;4;10;11,1,0.06608397234231234,cpu
b11c6707ee23712e,keyword_template_aware,full,4.0,0;4;10;11,1,0.04091695882380009,cpu
34811b6b38a11155,keyword_template_aware,full,4.0,0;4;10;11,1,0.06858399137854576,cpu
b061d04211bff862,keyword_template_aware,full,4.0,0;4;10;11,1,0.04345795605331659,cpu
e554382537976549,keyword_template_aware,full,4.0,0;4;10;11,1,0.047999899834394455,cpu
3324ac656fc07a13,keyword_template_aware,full,4.0,0;4;10;11,1,0.06062502507120371,cpu
856b2001c9bd05f8,keyword_template_aware,full,4.0,0;4;10;11,1,0.05920790135860443,cpu
cffd2ec08b0d2ee8,keyword_template_aware,full,4.0,0;4;10;11,1,0.03841705620288849,cpu
0a5f625b4c3a7e7e,keyword_template_aware,full,4.0,0;4;10;11,1,0.06558303721249104,cpu
c263e7ba1c92cba5,keyword_template_aware,full,4.0,0;4;10;11,1,0.04583306144922972,cpu
525b8d4185eb8dbf,keyword_template_aware,full,4.0,0;4;10;11,1,0.03483297768980265,cpu
bb013548cc0a1a48,keyword_template_aware,full,4.0,0;4;10;11,1,0.04683295264840126,cpu
494ac83870952d43,keyword_template_aware,full,4.0,0;4;10;11,1,0.042458996176719666,cpu
1d78d9e0fccc5a59,keyword_template_aware,full,4.0,0;4;10;11,1,0.04575005732476711,cpu
ef71ca4e12ab6913,keyword_template_aware,full,4.0,0;4;10;11,1,0.0452499371021986,cpu
07cbbfae42be7a2b,keyword_template_aware,full,4.0,0;4;10;11,1,0.03979192115366459,cpu
b0fb65fbca7979c6,keyword_template_aware,full,4.0,0;4;10;11,1,0.027667032554745674,cpu
a68e5e048516883a,keyword_template_aware,full,4.0,0;4;10;11,1,0.07216702215373516,cpu
56597c33fd5f4d9e,keyword_template_aware,full,4.0,0;4;10;11,1,0.06220908835530281,cpu
84145f036e0b6666,keyword_template_aware,full,4.0,0;4;10;11,1,0.0727078877389431,cpu
f708adf5160ccf23,keyword_template_aware,full,4.0,0;4;10;11,1,0.06150000263005495,cpu
84e2b989dc9c000f,keyword_template_aware,full,4.0,0;4;10;11,1,0.05954096559435129,cpu
2c5752909f5e6266,keyword_template_aware,full,4.0,0;4;10;11,1,0.07216690573841333,cpu
b019525dd9efbc88,keyword_template_aware,full,4.0,0;4;10;11,1,0.07262500002980232,cpu
d2ab444a6ca0a124,keyword_template_aware,full,4.0,0;4;10;11,1,0.05025009158998728,cpu
2229914eff0d11b7,keyword_template_aware,full,4.0,0;4;10;11,1,0.08070794865489006,cpu
41a6ae924b0722dc,keyword_template_aware,full,4.0,0;4;10;11,1,0.059125013649463654,cpu
a8db3242977a3ca7,keyword_template_aware,full,4.0,0;4;10;11,1,0.045082997530698776,cpu
274a44dafa09a75e,keyword_template_aware,full,4.0,0;4;10;11,1,0.055208103731274605,cpu
de6e9f6dc8a8007c,keyword_template_aware,full,4.0,0;4;10;11,1,0.057709054090082645,cpu
efcf3bc0521e007b,keyword_template_aware,full,4.0,0;4;10;11,1,0.05183299072086811,cpu
32e1457efe489e02,keyword_template_aware,full,4.0,0;4;10;11,1,0.05904200952500105,cpu
29a767cc3b83b32d,keyword_template_aware,full,4.0,0;4;10;11,1,0.057958997786045074,cpu
dd76d106e5c16961,keyword_template_aware,full,4.0,0;4;10;11,1,0.04225003067404032,cpu
c4db7fd7ef5592e1,keyword_template_aware,full,4.0,0;4;10;11,1,0.07579103112220764,cpu
6504ac4cbd7515e8,keyword_template_aware,full,4.0,0;4;10;11,1,0.04937499761581421,cpu
82328da73ce1b109,keyword_template_aware,full,4.0,0;4;10;11,1,0.06912497337907553,cpu
5206567511ce52b9,keyword_template_aware,full,4.0,0;4;10;11,1,0.056832912378013134,cpu
5a642336135fa57c,keyword_template_aware,full,4.0,0;4;10;11,1,0.05937495734542608,cpu
3345ae855ba9f753,keyword_template_aware,full,4.0,0;4;10;11,1,0.0701249809935689,cpu
56ced4fb46c415af,keyword_template_aware,full,4.0,0;4;10;11,1,0.08000002708286047,cpu
f67b0038316da419,keyword_template_aware,full,4.0,0;4;10;11,1,0.052040908485651016,cpu
44d6b3f83ece56c9,keyword_template_aware,full,4.0,0;4;10;11,1,0.07641699630767107,cpu
54ba344e49aa33d7,keyword_template_aware,full,4.0,0;4;10;11,1,0.05966704338788986,cpu
818349278739a606,keyword_template_aware,full,4.0,0;4;10;11,1,0.04520791117101908,cpu
84828fd1e4400af8,keyword_template_aware,full,4.0,0;4;10;11,1,0.05783303640782833,cpu
52dd70cc0d9a3421,keyword_template_aware,full,4.0,0;4;10;11,1,0.05462497938424349,cpu
fa7a1e9a8f3564de,keyword_template_aware,full,4.0,0;4;10;11,1,0.051875016652047634,cpu
b220a2c8b24d5660,keyword_template_aware,full,4.0,0;4;10;11,1,0.05975004751235247,cpu
110fbd7dcc3d8d72,keyword_template_aware,full,4.0,0;4;10;11,1,0.05000003147870302,cpu
8e5d6ab7e52a1d2a,keyword_template_aware,full,4.0,0;4;10;11,1,0.03816699609160423,cpu
c8e2cae227d7801b,keyword_template_aware,full,4.0,0;4;10;11,1,0.07079204078763723,cpu
3f4b05fb1b05d46d,keyword_template_aware,full,4.0,0;4;10;11,1,0.04345795605331659,cpu
964b2561a8365fb9,keyword_template_aware,full,4.0,0;4;10;11,1,0.06333400961011648,cpu
f77b79b903abf2f3,keyword_template_aware,full,4.0,0;4;10;11,1,0.05579204298555851,cpu
507eb7b47a4f3911,keyword_template_aware,full,4.0,0;4;10;11,1,0.06733299233019352,cpu
703fe7b52f9cdd8d,keyword_template_aware,full,4.0,0;4;10;11,1,0.06716698408126831,cpu
e8ef225bc3fec877,keyword_template_aware,full,4.0,0;4;10;11,1,0.06354192737489939,cpu
a4b7b7e01c6d8b78,keyword_template_aware,full,4.0,0;4;10;11,1,0.044166925363242626,cpu
d7da433952c906dd,keyword_template_aware,full,4.0,0;4;10;11,1,0.07241696584969759,cpu
a925537f60f54696,keyword_template_aware,full,4.0,0;4;10;11,1,0.0517918961122632,cpu
583d6e0e9f8362e1,keyword_template_aware,full,4.0,0;4;10;11,1,0.0415000831708312,cpu
b2b7cf00e9fc22e8,keyword_template_aware,full,4.0,0;4;10;11,1,0.06791693158447742,cpu
9b9d891062941a5f,keyword_template_aware,full,4.0,0;4;10;11,1,0.04795799031853676,cpu
9c2b2578ebce4508,keyword_template_aware,full,4.0,0;4;10;11,1,0.04695903044193983,cpu
0694e49443a7c0f4,keyword_template_aware,full,4.0,0;4;10;11,1,0.050749978981912136,cpu
a1f3cab290c81e8b,keyword_template_aware,full,4.0,0;4;10;11,1,0.049708993174135685,cpu
de49460be05caaa9,keyword_template_aware,full,4.0,0;4;10;11,1,0.03345904406160116,cpu
872e7738cbdf8c0b,keyword_template_aware,full,4.0,0;4;10;11,1,0.0653330935165286,cpu
7a046e24a9ddd6d6,keyword_template_aware,full,4.0,0;4;10;11,1,0.05891697946935892,cpu
ab1f050e077d0914,keyword_template_aware,full,4.0,0;4;10;11,1,0.07366703357547522,cpu
b5eca9f59cdb3a21,keyword_template_aware,full,4.0,0;4;10;11,1,0.0551670091226697,cpu
22875418d6733512,keyword_template_aware,full,4.0,0;4;10;11,1,0.062415958382189274,cpu
35b60ea3facaad36,keyword_template_aware,full,4.0,0;4;10;11,1,0.06504205521196127,cpu
dbe2068fe7f77550,keyword_template_aware,full,4.0,0;4;10;11,1,0.06325007416307926,cpu
9d205b42bfebc659,keyword_template_aware,full,4.0,0;4;10;11,1,0.04570907913148403,cpu
7fbde8f52d5f6d91,keyword_template_aware,full,4.0,0;4;10;11,1,0.06891600787639618,cpu
dd4878b973fae0ac,keyword_template_aware,full,4.0,0;4;10;11,1,0.053750001825392246,cpu
c168af0417ed19c4,keyword_template_aware,full,4.0,0;4;10;11,1,0.04724995233118534,cpu
d21809009bb4ff27,keyword_template_aware,full,4.0,0;4;10;11,1,0.05266699008643627,cpu
e43d49f228a2d3a3,keyword_template_aware,full,4.0,0;4;10;11,1,0.05779101047664881,cpu
bc6e7981937169d9,keyword_template_aware,full,4.0,0;4;10;11,1,0.05820801015943289,cpu
bb8c72316a62b948,keyword_template_aware,full,4.0,0;4;10;11,1,0.06454205140471458,cpu
2f58b2ad35ba23c7,keyword_template_aware,full,4.0,0;4;10;11,1,0.057042110711336136,cpu
5dd4a2337fbae7cc,keyword_template_aware,full,4.0,0;4;10;11,1,0.04058296326547861,cpu
a60c08a6d13a25e5,keyword_template_aware,full,0.0,,1,0.07091695442795753,cpu
b0efa29a284fe5d6,keyword_template_aware,full,0.0,,1,0.06791693158447742,cpu
60ab1b86a3c9b1f6,keyword_template_aware,full,0.0,,1,0.06616697646677494,cpu
20690c57debf91c6,keyword_template_aware,full,0.0,,1,0.06687501445412636,cpu
1956477db6af2e32,keyword_template_aware,full,0.0,,1,0.0540000619366765,cpu
12619427f3e63732,keyword_template_aware,full,0.0,,1,0.04491698928177357,cpu
7e38321b58dc5b82,keyword_template_aware,full,0.0,,1,0.06145902443677187,cpu
dcd37f03cb2056ef,keyword_template_aware,full,0.0,,1,0.05441706161946058,cpu
efa958c2da3a38af,keyword_template_aware,full,0.0,,1,0.05549995694309473,cpu
d263fd00e714ba2d,keyword_template_aware,full,0.0,,1,0.05820801015943289,cpu
196a8191bbf45f56,keyword_template_aware,full,0.0,,1,0.0297910301014781,cpu
c3d6f01768c36c43,keyword_template_aware,full,0.0,,1,0.027708010748028755,cpu
270ad4d1c96ced0d,keyword_template_aware,full,0.0,,1,0.02787495031952858,cpu
6691d8e1c55ce645,keyword_template_aware,full,0.0,,1,0.030082999728620052,cpu
02e35d4f31070d4c,keyword_template_aware,full,0.0,,1,0.03683299291878939,cpu
714e5f071f71df71,keyword_template_aware,full,0.0,,1,0.02937507815659046,cpu
80d7a26ce77edcc6,keyword_template_aware,full,0.0,,1,0.02787495031952858,cpu
a024995845c6e923,keyword_template_aware,full,0.0,,1,0.03187498077750206,cpu
66b3cf1ad339f44f,keyword_template_aware,full,0.0,,1,0.029708025977015495,cpu
9331e27629b253c2,keyword_template_aware,full,0.0,,1,0.034624943509697914,cpu
8e3345d70c20f0b9,keyword_template_aware,full,0.0,,1,0.04845799412578344,cpu
279ed81e373a9e6c,keyword_template_aware,full,0.0,,1,0.05895807407796383,cpu
6cceba98e61e3271,keyword_template_aware,full,0.0,,1,0.0588330440223217,cpu
f82df6a131cad94d,keyword_template_aware,full,0.0,,1,0.06141606718301773,cpu
fb290d976159a08a,keyword_template_aware,full,0.0,,1,0.05866598803550005,cpu
2b4d61189e553ee9,keyword_template_aware,full,0.0,,1,0.05800009239464998,cpu
a077e978c9a60a2b,keyword_template_aware,full,0.0,,1,0.0588330440223217,cpu
e0a40ce23a1171d3,keyword_template_aware,full,0.0,,1,0.05104194860905409,cpu
4e0a49ed11cde9f2,keyword_template_aware,full,0.0,,1,0.06162503268569708,cpu
ab9300c909a681ec,keyword_template_aware,full,0.0,,1,0.05833292379975319,cpu
77d959554ad72a8d,keyword_template_aware,full,0.0,,1,0.029333052225410938,cpu
e29ff0365b8fb1fb,keyword_template_aware,full,0.0,,1,0.03545801155269146,cpu
90194748e67cd3af,keyword_template_aware,full,0.0,,1,0.03504101186990738,cpu
846e783d527b36b0,keyword_template_aware,full,0.0,,1,0.026999972760677338,cpu
f548c90b26f2ab9d,keyword_template_aware,full,0.0,,1,0.03595906309783459,cpu
8ad3bfed8e467405,keyword_template_aware,full,0.0,,1,0.02762500662356615,cpu
19859e1fcd4db4ad,keyword_template_aware,full,0.0,,1,0.034791999496519566,cpu
09427e9897a79650,keyword_template_aware,full,0.0,,1,0.03587501123547554,cpu
a073302860cecc53,keyword_template_aware,full,0.0,,1,0.03170897252857685,cpu
c7cb55746ebdb359,keyword_template_aware,full,0.0,,1,0.03133295103907585,cpu
8d55e5c7c01c9b29,keyword_template_aware,full,0.0,,1,0.04070799332112074,cpu
79a3d095b71a1a2d,keyword_template_aware,full,0.0,,1,0.04837499000132084,cpu
894ccab28db9b69c,keyword_template_aware,full,0.0,,1,0.04133302718400955,cpu
a83c917505f9419b,keyword_template_aware,full,0.0,,1,0.04349998198449612,cpu
1788f9b4a04005f5,keyword_template_aware,full,0.0,,1,0.0439999857917428,cpu
0304add1df90451e,keyword_template_aware,full,0.0,,1,0.041874940507113934,cpu
f30ffdf1bd2eae79,keyword_template_aware,full,0.0,,1,0.0391670037060976,cpu
12a45f8e2fd92932,keyword_template_aware,full,0.0,,1,0.04333304241299629,cpu
977e05c9184f2bb2,keyword_template_aware,full,0.0,,1,0.045208027586340904,cpu
6a2d44ef8af79af3,keyword_template_aware,full,0.0,,1,0.041874940507113934,cpu
8202fbf5a82ced72,keyword_template_aware,full,0.0,,1,0.06695894990116358,cpu
db7e350743b691d6,keyword_template_aware,full,0.0,,1,0.05850009620189667,cpu
fdc9dcf6eb48a972,keyword_template_aware,full,0.0,,1,0.05779205821454525,cpu
7f0d54b70df6bd59,keyword_template_aware,full,0.0,,1,0.06250001024454832,cpu
c3560db47db80654,keyword_template_aware,full,0.0,,1,0.059582991525530815,cpu
d68ec4aab66cce94,keyword_template_aware,full,0.0,,1,0.06104190833866596,cpu
b50b4c2dfb5f5471,keyword_template_aware,full,0.0,,1,0.06175006274133921,cpu
880c7a69ab1b0032,keyword_template_aware,full,0.0,,1,0.060416990891098976,cpu
453c74c634facf81,keyword_template_aware,full,0.0,,1,0.05095789674669504,cpu
4b17aecd572c38f9,keyword_template_aware,full,0.0,,1,0.06016704719513655,cpu
1e488897db571bd2,keyword_template_aware,full,0.0,,1,0.05041598342359066,cpu
f22abd196b1a1c60,keyword_template_aware,full,0.0,,1,0.05129189230501652,cpu
d7dd8e46204f0b91,keyword_template_aware,full,0.0,,1,0.048708985559642315,cpu
e5c517d8aaad1146,keyword_template_aware,full,0.0,,1,0.05183299072086811,cpu
37d7df7485fa665d,keyword_template_aware,full,0.0,,1,0.048042042180895805,cpu
966cf9d2f8610db5,keyword_template_aware,full,0.0,,1,0.04783307667821646,cpu
e6d81381d2ce2bee,keyword_template_aware,full,0.0,,1,0.048832967877388,cpu
621bbc5202600573,keyword_template_aware,full,0.0,,1,0.05062494892627001,cpu
13b00f5a25ada523,keyword_template_aware,full,0.0,,1,0.04700000863522291,cpu
f605a9adfc5ce0c7,keyword_template_aware,full,0.0,,1,0.044792075641453266,cpu
d9ca0c8895721cae,keyword_template_aware,full,0.0,,1,0.017332960851490498,cpu
26a3121d3894f994,keyword_template_aware,full,0.0,,1,0.01737498678267002,cpu
00c4b10fc7376a14,keyword_template_aware,full,0.0,,1,0.02037500962615013,cpu
7694af0a102d9f6a,keyword_template_aware,full,0.0,,1,0.018332968465983868,cpu
a492ff75b006e68d,keyword_template_aware,full,0.0,,1,0.020249979570508003,cpu
16a2d779b60613a9,keyword_template_aware,full,0.0,,1,0.023999949917197227,cpu
efcf37d1fb1e63bd,keyword_template_aware,full,0.0,,1,0.017333892174065113,cpu
d724c4fb7581d5b3,keyword_template_aware,full,0.0,,1,0.03112491685897112,cpu
d419d9e62acc0b64,keyword_template_aware,full,0.0,,1,0.017167069017887115,cpu
fd2d5679c1a884ad,keyword_template_aware,full,0.0,,1,0.019958941265940666,cpu
500a3796baa712d2,keyword_template_aware,full,0.0,,1,0.062417006120085716,cpu
d8c589469fc50b6e,keyword_template_aware,full,0.0,,1,0.06287498399615288,cpu
33ab55ac406d7a75,keyword_template_aware,full,0.0,,1,0.05654094275087118,cpu
19ae00f030087df2,keyword_template_aware,full,0.0,,1,0.06474996916949749,cpu
5a33323ece9a5dba,keyword_template_aware,full,0.0,,1,0.062290928326547146,cpu
17114ef2c291854c,keyword_template_aware,full,0.0,,1,0.06037496495991945,cpu
9f7f777581411ec7,keyword_template_aware,full,0.0,,1,0.06191700231283903,cpu
2ac4e374f84283fa,keyword_template_aware,full,0.0,,1,0.05837506614625454,cpu
9df109705d01fd45,keyword_template_aware,full,0.0,,1,0.06229197606444359,cpu
804ee1b173af1dde,keyword_template_aware,full,0.0,,1,0.058333040215075016,cpu
9a738deeaa12a95f,keyword_template_aware,full,0.0,,1,0.04616600926965475,cpu
e21d12983466e647,keyword_template_aware,full,0.0,,1,0.04366703797131777,cpu
a16962921ec6d13d,keyword_template_aware,full,0.0,,1,0.039665959775447845,cpu
1c4753a10ea4cb2d,keyword_template_aware,full,0.0,,1,0.04270800855010748,cpu
7fe7be8d1cd171b4,keyword_template_aware,full,0.0,,1,0.04137493669986725,cpu
2cb9edf394d4c8c4,keyword_template_aware,full,0.0,,1,0.02804200630635023,cpu
15d957cd007380ac,keyword_template_aware,full,0.0,,1,0.04249997437000275,cpu
912ae5725ab395d6,keyword_template_aware,full,0.0,,1,0.043082982301712036,cpu
8dd84e3937eb6f12,keyword_template_aware,full,0.0,,1,0.0415000831708312,cpu
81396bcc13de9930,keyword_template_aware,full,0.0,,1,0.040958053432404995,cpu
4a73744b2815dfc0,keyword_template_aware,full,0.0,,1,0.02587493509054184,cpu
bd80fc79e771698b,keyword_template_aware,full,0.0,,1,0.027542002499103546,cpu
d2e91f34b80f71b8,keyword_template_aware,full,0.0,,1,0.02812489401549101,cpu
1f549c3b1009c8e2,keyword_template_aware,full,0.0,,1,0.02129189670085907,cpu
87a6b8c7412ed2f7,keyword_template_aware,full,0.0,,1,0.027000089175999165,cpu
2ba8aac52352ff2d,keyword_template_aware,full,0.0,,1,0.027125002816319466,cpu
1878c6d787be2d36,keyword_template_aware,full,0.0,,1,0.02416700590401888,cpu
d986c48fd78ddf8d,keyword_template_aware,full,0.0,,1,0.02045789733529091,cpu
56411cf8ec5b6d05,keyword_template_aware,full,0.0,,1,0.036334036849439144,cpu
f9677dd91c21fc17,keyword_template_aware,full,0.0,,1,0.02862501423805952,cpu
56668101a0a87386,keyword_template_aware,full,0.0,,1,0.0452499371021986,cpu
711bce241d33e76c,keyword_template_aware,full,0.0,,1,0.03608304541558027,cpu
c1eebde4c3329f14,keyword_template_aware,full,0.0,,1,0.03700004890561104,cpu
a0b809846bc33b48,keyword_template_aware,full,0.0,,1,0.03474997356534004,cpu
90bcd6b774915453,keyword_template_aware,full,0.0,,1,0.03950006794184446,cpu
9cff1d33daa3ff79,keyword_template_aware,full,0.0,,1,0.03062502946704626,cpu
39189d1d93b5dad2,keyword_template_aware,full,1.0,7,1,0.035708071663975716,cpu
ea2b7baaf83a4156,keyword_template_aware,full,0.0,,1,0.03791600465774536,cpu
af0c2bfa5ae03826,keyword_template_aware,full,0.0,,1,0.03779109101742506,cpu
29819c5e05b922f6,keyword_template_aware,full,0.0,,1,0.03779097460210323,cpu
d10631ed00249631,keyword_template_aware,full,0.0,,1,0.02662499900907278,cpu
74e478b7beb91b24,keyword_template_aware,full,0.0,,1,0.032957992516458035,cpu
7a07a9048b601724,keyword_template_aware,full,0.0,,1,0.03191595897078514,cpu
05bf3debafdf6542,keyword_template_aware,full,0.0,,1,0.030082999728620052,cpu
7b2dfe7443a784e6,keyword_template_aware,full,0.0,,1,0.030125025659799576,cpu
11ac754497911ca1,keyword_template_aware,full,0.0,,1,0.03729201853275299,cpu
754a2e260db71ca7,keyword_template_aware,full,0.0,,1,0.03041699528694153,cpu
ef96e585c5c58ac6,keyword_template_aware,full,0.0,,1,0.03804103471338749,cpu
80b10fca5dc89fc7,keyword_template_aware,full,0.0,,1,0.030250055715441704,cpu
f8319b6d834c3b5e,keyword_template_aware,full,0.0,,1,0.025957939215004444,cpu
22cc6d92bf05af72,keyword_template_aware,full,0.0,,1,0.023667002096772194,cpu
26f7c9db7d51c55e,keyword_template_aware,full,0.0,,1,0.035334029234945774,cpu
26b934ab21a2ff1b,keyword_template_aware,full,0.0,,1,0.02804095856845379,cpu
a62f4e7ac2e99026,keyword_template_aware,full,0.0,,1,0.03445800393819809,cpu
2dce6705d8b39af3,keyword_template_aware,full,0.0,,1,0.02750009298324585,cpu
b6660b024d20df8d,keyword_template_aware,full,0.0,,1,0.026916037313640118,cpu
86d163b1ee6b9cce,keyword_template_aware,full,0.0,,1,0.023832893930375576,cpu
6bb9534075f2feb5,keyword_template_aware,full,0.0,,1,0.03145798109471798,cpu
3ac196b019ac4704,keyword_template_aware,full,0.0,,1,0.032832962460815907,cpu
f38b21f738baf00d,keyword_template_aware,full,0.0,,1,0.023082946427166462,cpu
5761be64e0e88214,keyword_template_aware,full,0.0,,1,0.03591692075133324,cpu
e15839a8cd39dafe,keyword_template_aware,full,0.0,,1,0.03250001464039087,cpu
852bd3838c757981,keyword_template_aware,full,0.0,,1,0.03825000021606684,cpu
e188f0a66b0269b2,keyword_template_aware,full,0.0,,1,0.0322909327223897,cpu
3cb1b05aa05d73de,keyword_template_aware,full,0.0,,1,0.04141696263104677,cpu
8db7d5e3c75ff180,keyword_template_aware,full,0.0,,1,0.033374992199242115,cpu
a4e7ca07f4ab2755,keyword_template_aware,full,0.0,,1,0.033542048186063766,cpu
6fcc019f40534c30,keyword_template_aware,full,0.0,,1,0.03629201091825962,cpu
8c19cb50243b72d7,keyword_template_aware,full,0.0,,1,0.030583934858441353,cpu
087561b8b415c01c,keyword_template_aware,full,0.0,,1,0.033125048503279686,cpu
0bd99d8881208ba0,keyword_template_aware,full,0.0,,1,0.027333968318998814,cpu
88a5760378787ecc,keyword_template_aware,full,0.0,,1,0.02916704397648573,cpu
1fdec1c5ccb4226e,keyword_template_aware,full,0.0,,1,0.02745899837464094,cpu
6f50cd2820c70cee,keyword_template_aware,full,0.0,,1,0.028208945877850056,cpu
fb02a38d92dec54e,keyword_template_aware,full,0.0,,1,0.02983398735523224,cpu
2d23021fe49adc88,keyword_template_aware,full,0.0,,1,0.027000089175999165,cpu
c3edb1fb3ce8102c,keyword_template_aware,full,0.0,,1,0.025124987587332726,cpu
6d41144dbe3b0a78,keyword_template_aware,full,0.0,,1,0.02829195000231266,cpu
ecacc36a7205ed1a,keyword_template_aware,full,0.0,,1,0.029250048100948334,cpu
4ac6a6ea54bbc076,keyword_template_aware,full,0.0,,1,0.033665914088487625,cpu
791d4363446f6506,keyword_template_aware,full,0.0,,1,0.024124979972839355,cpu
5fe02c51ba5cc964,keyword_template_aware,full,0.0,,1,0.025416957214474678,cpu
d04527655ba82a15,keyword_template_aware,full,0.0,,1,0.02633407711982727,cpu
c9f1b5e022f5b11b,keyword_template_aware,full,0.0,,1,0.022083986550569534,cpu
13f398f3c63ad83c,keyword_template_aware,full,0.0,,1,0.022833002731204033,cpu
20083874c27a487c,keyword_template_aware,full,0.0,,1,0.02370891161262989,cpu
27836ec420160970,keyword_template_aware,full,0.0,,1,0.004500034265220165,cpu
6322871385bbb958,keyword_template_aware,full,0.0,,1,0.026499968953430653,cpu
16ad0192a98fafc0,keyword_template_aware,full,0.0,,1,0.02216699067503214,cpu
82526ea1eee0ca3b,keyword_template_aware,full,0.0,,1,0.02274999860674143,cpu
20aedeeafd301fb1,keyword_template_aware,full,2.0,4;12,1,0.14462508261203766,cpu
339dc30f368ca0b7,keyword_template_aware,full,1.0,12,1,0.13308401685208082,cpu
3833c176eb89ea6c,keyword_template_aware,full,1.0,12,1,0.14783302322030067,cpu
0823e0ae83402377,keyword_template_aware,full,1.0,12,1,0.15154201537370682,cpu
5ecf2a4d67be6e59,keyword_template_aware,full,2.0,7;12,1,0.17166603356599808,cpu
d25de6423fa7be99,keyword_template_aware,full,2.0,7;12,1,0.14195905532687902,cpu
27c18344e253c35c,keyword_template_aware,full,1.0,12,1,0.16358401626348495,cpu
4ebd75b80f2b870b,keyword_template_aware,full,1.0,12,1,0.1985830022022128,cpu
a20c19fb97e5407f,keyword_template_aware,full,2.0,6;12,1,0.18045795150101185,cpu
139425227f88c638,keyword_template_aware,full,2.0,6;12,1,0.2193748950958252,cpu
894c740ac7894b15,keyword_template_aware,full,1.0,12,1,0.1574999187141657,cpu
5fda4731d5cf9a4b,keyword_template_aware,full,1.0,12,1,0.16287504695355892,cpu
cf782107725d0a76,keyword_template_aware,full,1.0,12,1,0.2051249612122774,cpu
a375e0f8c81e298d,keyword_template_aware,full,1.0,12,1,0.1953340834006667,cpu
0094bd68d401e306,keyword_template_aware,full,4.0,4;12;13;14,1,0.22799998987466097,cpu
8e9d01415a5bdec8,keyword_template_aware,full,3.0,12;13;14,1,0.21929200738668442,cpu
8eec9fe6fdc7ee3b,keyword_template_aware,full,3.0,12;13;14,1,0.2404170809313655,cpu
a94992c846e70acb,keyword_template_aware,full,4.0,4;12;13;14,1,0.2377079799771309,cpu
71986cbdc25ea636,keyword_template_aware,full,4.0,7;12;13;14,1,0.2663329942151904,cpu
257fb6ac665c57ad,keyword_template_aware,full,4.0,7;12;13;14,1,0.2357501070946455,cpu
52dc2712351afbd2,keyword_template_aware,full,4.0,4;12;13;14,1,0.24170801043510437,cpu
7e0af2aed3e69e51,keyword_template_aware,full,4.0,4;12;13;14,1,0.2870830940082669,cpu
de3d07f3f6bb133f,keyword_template_aware,full,5.0,4;6;12;13;14,1,0.2680410398170352,cpu
af10fc5373e01642,keyword_template_aware,full,5.0,4;6;12;13;14,1,0.28845807537436485,cpu
71f401330e37d5e1,keyword_template_aware,full,4.0,4;12;13;14,1,0.2502079587429762,cpu
9e791edb7f5c101f,keyword_template_aware,full,4.0,4;12;13;14,1,0.24483294691890478,cpu
6cead76a38d7d3e2,keyword_template_aware,full,4.0,4;12;13;14,1,0.29674998950213194,cpu
9ce5b361e2d3afcc,keyword_template_aware,full,3.0,12;13;14,1,0.29491609893739223,cpu
ab8ea8eee91d2b47,keyword_template_aware,full,4.0,4;12;13;14,1,0.13712502550333738,cpu
af4e84657ec917e4,keyword_template_aware,full,3.0,12;13;14,1,0.1337919384241104,cpu
7707aaaf6a987b80,keyword_template_aware,full,3.0,12;13;14,1,0.1512920716777444,cpu
e1c89d5446504fa6,keyword_template_aware,full,4.0,4;12;13;14,1,0.14920905232429504,cpu
33e193231d0889e6,keyword_template_aware,full,4.0,7;12;13;14,1,0.25112496223300695,cpu
b3f233b9b1d97224,keyword_template_aware,full,4.0,7;12;13;14,1,0.15137495938688517,cpu
a14b67f72694ed7b,keyword_template_aware,full,4.0,4;12;13;14,1,0.15499989967793226,cpu
b8eedd1ec0bbb700,keyword_template_aware,full,4.0,4;12;13;14,1,0.1800829777494073,cpu
041273dc064eb782,keyword_template_aware,full,5.0,4;6;12;13;14,1,0.15862495638430119,cpu
260067bb21b102e8,keyword_template_aware,full,5.0,4;6;12;13;14,1,0.20283297635614872,cpu
ee47d7047169284e,keyword_template_aware,full,4.0,4;12;13;14,1,0.1468330156058073,cpu
8ea2109d4b7f94c1,keyword_template_aware,full,4.0,4;12;13;14,1,0.15391595661640167,cpu
5eacd2e5d5fd12fa,keyword_template_aware,full,4.0,4;12;13;14,1,0.18550001550465822,cpu
f1c3370b08f43293,keyword_template_aware,full,3.0,12;13;14,1,0.20187499467283487,cpu
1d1285f9442df7e6,keyword_template_aware,full,0.0,,1,0.0019170111045241356,cpu
0431684bf9b929bd,keyword_template_aware,full,4.0,4;12;13;14,1,0.2548749325796962,cpu
ddbeffdbb114092d,keyword_template_aware,full,3.0,12;13;14,1,0.24641596246510744,cpu
ccc7a4923e81499b,keyword_template_aware,full,3.0,12;13;14,1,0.26354193687438965,cpu
c9890a3a88dd9bb8,keyword_template_aware,full,4.0,4;12;13;14,1,0.2567080082371831,cpu
1a1b859f3febc74f,keyword_template_aware,full,4.0,7;12;13;14,1,0.2876250073313713,cpu
4c659facbab93d19,keyword_template_aware,full,4.0,7;12;13;14,1,0.25770801585167646,cpu
9dbfc263502a5730,keyword_template_aware,full,4.0,4;12;13;14,1,0.2638330915942788,cpu
b6a0f561c3abb293,keyword_template_aware,full,4.0,4;12;13;14,1,0.29016693588346243,cpu
02b61c8820e03be4,keyword_template_aware,full,5.0,4;6;12;13;14,1,0.271917087957263,cpu
64089d410ca79e7b,keyword_template_aware,full,5.0,4;6;12;13;14,1,0.3035829868167639,cpu
866add5f8c962089,keyword_template_aware,full,4.0,4;12;13;14,1,0.28608296997845173,cpu
9b60647021512a34,keyword_template_aware,full,4.0,4;12;13;14,1,0.27437496464699507,cpu
9a55103f7df1ccd0,keyword_template_aware,full,4.0,4;12;13;14,1,0.2979590790346265,cpu
d83ec1317678ca41,keyword_template_aware,full,3.0,12;13;14,1,0.30379206873476505,cpu
62b8b37cc2f00603,keyword_template_aware,full,4.0,4;12;13;14,1,0.1674999948590994,cpu
4b854461903e6070,keyword_template_aware,full,0.0,,1,0.04225003067404032,cpu
d1728f15f6885762,keyword_template_aware,full,3.0,12;13;14,1,0.16941700596362352,cpu
c8b9c545a1beaab9,keyword_template_aware,full,3.0,12;13;14,1,0.17987494356930256,cpu
c83886f9686568b8,keyword_template_aware,full,4.0,4;12;13;14,1,0.17183308955281973,cpu
e0fc53754191ef26,keyword_template_aware,full,4.0,7;12;13;14,1,0.19525003153830767,cpu
136a4b55e2a2c306,keyword_template_aware,full,4.0,7;12;13;14,1,0.17033307813107967,cpu
f74e7bd0712182d0,keyword_template_aware,full,4.0,4;12;13;14,1,0.17212494276463985,cpu
d29be1f62f6a49ef,keyword_template_aware,full,4.0,4;12;13;14,1,0.19579194486141205,cpu
d2ba6837c75807d1,keyword_template_aware,full,5.0,4;6;12;13;14,1,0.18141604959964752,cpu
aab4a53e3449ecd7,keyword_template_aware,full,5.0,4;6;12;13;14,1,0.2055000513792038,cpu
aef6bc1970c0342d,keyword_template_aware,full,4.0,4;12;13;14,1,0.1683329464867711,cpu
d1c958ad8cc03a47,keyword_template_aware,full,4.0,4;12;13;14,1,0.17537502571940422,cpu
57801e6be49ad06a,keyword_template_aware,full,4.0,4;12;13;14,1,0.20808400586247444,cpu
c5ee7ca9b12a7157,keyword_template_aware,full,3.0,12;13;14,1,0.22475002333521843,cpu
130a31a74d54c2b5,keyword_template_aware,full,4.0,4;12;13;14,1,0.1751669915392995,cpu
28bda23bc4eec19a,keyword_template_aware,full,0.0,,1,0.05079200491309166,cpu
a58c3d87394fdd55,keyword_template_aware,full,3.0,12;13;14,1,0.17066695727407932,cpu
5d2f4a20fba8e7e3,keyword_template_aware,full,3.0,12;13;14,1,0.18383399583399296,cpu
9bb89062a963613a,keyword_template_aware,full,4.0,4;12;13;14,1,0.17616606783121824,cpu
392e640c45cb5bfe,keyword_template_aware,full,4.0,7;12;13;14,1,0.20558293908834457,cpu
9ddb62cb695bd713,keyword_template_aware,full,4.0,7;12;13;14,1,0.18112501129508018,cpu
35b2ee765697867e,keyword_template_aware,full,4.0,4;12;13;14,1,0.1853749854490161,cpu
b70505858bc35c83,keyword_template_aware,full,4.0,4;12;13;14,1,0.21408393513411283,cpu
e7077b801dcdcf4e,keyword_template_aware,full,5.0,4;6;12;13;14,1,0.1912500010803342,cpu
7c977349fc268ecf,keyword_template_aware,full,5.0,4;6;12;13;14,1,0.225124997086823,cpu
d2c409b70ef4f49c,keyword_template_aware,full,4.0,4;12;13;14,1,0.1787500223144889,cpu
5ba5fe95c4c3faef,keyword_template_aware,full,4.0,4;12;13;14,1,0.18616695888340473,cpu
87ef5d59a3c77dde,keyword_template_aware,full,4.0,4;12;13;14,1,0.21766603458672762,cpu
8b41654dafcb2a6f,keyword_template_aware,full,3.0,12;13;14,1,0.23054098710417747,cpu
fc39570dac6581e5,keyword_template_aware,full,4.0,4;12;13;14,1,0.12241699732840061,cpu
09c294b7a7bee469,keyword_template_aware,full,4.0,4;12;13;14,1,0.1253749942407012,cpu
5a13aaf2ee923042,keyword_template_aware,full,3.0,12;13;14,1,0.12025004252791405,cpu
2ebaa7d01e5c7dac,keyword_template_aware,full,3.0,12;13;14,1,0.12333295308053493,cpu
1dfc6ac027c1faec,keyword_template_aware,full,3.0,12;13;14,1,0.13533397577703,cpu
da5f9087ecb4cf44,keyword_template_aware,full,3.0,12;13;14,1,0.14916702639311552,cpu
b7dc79a9b1071476,keyword_template_aware,full,4.0,4;12;13;14,1,0.1271669752895832,cpu
899bfe96cdf33749,keyword_template_aware,full,4.0,4;12;13;14,1,0.13070798013359308,cpu
bb7e8957b6fef118,keyword_template_aware,full,4.0,7;12;13;14,1,0.15512504614889622,cpu
65cb6130fcf48c6c,keyword_template_aware,full,4.0,7;12;13;14,1,0.15966698992997408,cpu
3da13ead9de6d750,keyword_template_aware,full,4.0,7;12;13;14,1,0.12766593135893345,cpu
d8d7b6fc64d12528,keyword_template_aware,full,4.0,7;12;13;14,1,0.13337505515664816,cpu
7e2c9707ebfc201c,keyword_template_aware,full,4.0,4;12;13;14,1,0.13629195746034384,cpu
903131813a5e804b,keyword_template_aware,full,4.0,4;12;13;14,1,0.13624993152916431,cpu
747c6e8c49962756,keyword_template_aware,full,4.0,4;12;13;14,1,0.17758295871317387,cpu
1945d25e17874f65,keyword_template_aware,full,4.0,4;12;13;14,1,0.17083296552300453,cpu
89cb16ec0711d5ed,keyword_template_aware,full,5.0,4;6;12;13;14,1,0.1433748984709382,cpu
5a7784007da8768c,keyword_template_aware,full,5.0,4;6;12;13;14,1,0.14312495477497578,cpu
a2661111bbce1894,keyword_template_aware,full,5.0,4;6;12;13;14,1,0.17679110169410706,cpu
a1a488cf98f325b8,keyword_template_aware,full,5.0,4;6;12;13;14,1,0.17600005958229303,cpu
651dc78c60e8f2b8,keyword_template_aware,full,4.0,4;12;13;14,1,0.12854195665568113,cpu
e527ae1148c6a4dc,keyword_template_aware,full,4.0,4;12;13;14,1,0.1360829919576645,cpu
157da6f431dfc29e,keyword_template_aware,full,4.0,4;12;13;14,1,0.1386249205097556,cpu
c4f410bcc3f956db,keyword_template_aware,full,4.0,4;12;13;14,1,0.14158303383737803,cpu
89926eccdf61ce46,keyword_template_aware,full,4.0,4;12;13;14,1,0.16954203601926565,cpu
1491009420527c54,keyword_template_aware,full,4.0,4;12;13;14,1,0.17245800700038671,cpu
962d093b099a53f5,keyword_template_aware,full,3.0,12;13;14,1,0.18604204524308443,cpu
8201c6a19286c2f2,keyword_template_aware,full,3.0,12;13;14,1,0.1860000193119049,cpu
c494c6c6a5aba0c7,keyword_template_aware,full,0.0,,1,0.053875031881034374,cpu
4268cd53ce46fc6b,keyword_template_aware,full,0.0,,1,0.041749910451471806,cpu
b540bfbb1b54a51c,keyword_template_aware,full,0.0,,1,0.05320797208696604,cpu
40071bfadde4fce7,keyword_template_aware,full,4.0,4;12;13;14,1,0.4883339861407876,cpu
9afc601493b389ca,keyword_template_aware,full,3.0,12;13;14,1,0.48399996012449265,cpu
b773f72fa0773c42,keyword_template_aware,full,3.0,12;13;14,1,0.502042006701231,cpu
31db90d9674a0b8d,keyword_template_aware,full,4.0,4;12;13;14,1,0.4731669323518872,cpu
fe0f0f760372f882,keyword_template_aware,full,4.0,7;12;13;14,1,0.5186250200495124,cpu
a94328267bcbf29e,keyword_template_aware,full,4.0,7;12;13;14,1,0.49341702833771706,cpu
d7c8b6f036ff2ab1,keyword_template_aware,full,4.0,4;12;13;14,1,0.49629202112555504,cpu
92b1e87633eac1a0,keyword_template_aware,full,4.0,4;12;13;14,1,0.5192910321056843,cpu
1284a19ee23a743b,keyword_template_aware,full,5.0,4;6;12;13;14,1,0.5040830001235008,cpu
b4d471a067538dea,keyword_template_aware,full,5.0,4;6;12;13;14,1,0.5270830588415265,cpu
917efecbb5229de6,keyword_template_aware,full,4.0,4;12;13;14,1,0.4961660597473383,cpu
38e037692eb620bc,keyword_template_aware,full,4.0,4;12;13;14,1,0.5018749507144094,cpu
097a520983cad315,keyword_template_aware,full,4.0,4;12;13;14,1,0.5475829821079969,cpu
36ecfdff40a82a10,keyword_template_aware,full,3.0,12;13;14,1,0.5594170652329922,cpu
533cbe391c3ef7ca,keyword_template_aware,full,5.0,4;7;12;13;14,1,0.17479201778769493,cpu
e4b6655a467639a0,keyword_template_aware,full,4.0,7;12;13;14,1,0.16479194164276123,cpu
d199b2a5954be1b0,keyword_template_aware,full,4.0,7;12;13;14,1,0.1882920041680336,cpu
ddcf128ee1e5bee7,keyword_template_aware,full,5.0,4;7;12;13;14,1,0.17254194244742393,cpu
5581e8968d7cd8dc,keyword_template_aware,full,4.0,7;12;13;14,1,0.21716603077948093,cpu
2852516848f64df5,keyword_template_aware,full,4.0,7;12;13;14,1,0.20066602155566216,cpu
10348586c216b08c,keyword_template_aware,full,5.0,4;7;12;13;14,1,0.17795793246477842,cpu
bfbd97064256bafc,keyword_template_aware,full,5.0,4;7;12;13;14,1,0.2109999768435955,cpu
ad0f1678ff7cabdf,keyword_template_aware,full,6.0,4;6;7;12;13;14,1,0.18716708291321993,cpu
5ff5121832cffff4,keyword_template_aware,full,6.0,4;6;7;12;13;14,1,0.21595798898488283,cpu
129eb2146165bbf0,keyword_template_aware,full,5.0,4;7;12;13;14,1,0.17641705926507711,cpu
1d809df5bf0e3416,keyword_template_aware,full,5.0,4;7;12;13;14,1,0.18675008323043585,cpu
728dac179796b9b0,keyword_template_aware,full,5.0,4;7;12;13;14,1,0.21133397240191698,cpu
d6d432efd9cdb022,keyword_template_aware,full,4.0,7;12;13;14,1,0.22862502373754978,cpu
85d5c261b9810280,keyword_template_aware,full,4.0,4;12;13;14,1,0.33062498550862074,cpu
38c5d1f63548c7ad,keyword_template_aware,full,3.0,12;13;14,1,0.32558408565819263,cpu
91d271e1aef443f9,keyword_template_aware,full,3.0,12;13;14,1,0.3430829383432865,cpu
a63ec17ad25987dc,keyword_template_aware,full,4.0,4;12;13;14,1,0.3172500291839242,cpu
01b757f7339ff2ee,keyword_template_aware,full,4.0,7;12;13;14,1,0.38762507028877735,cpu
5a6072dfb54ddb3e,keyword_template_aware,full,4.0,7;12;13;14,1,0.3304999554529786,cpu
95fb3c9a3d5146b9,keyword_template_aware,full,4.0,4;12;13;14,1,0.34212495665997267,cpu
9b8412297d1de7ed,keyword_template_aware,full,4.0,4;12;13;14,1,0.35862496588379145,cpu
9b6d806020c86661,keyword_template_aware,full,5.0,4;6;12;13;14,1,0.33891701605170965,cpu
b911cd229054e143,keyword_template_aware,full,5.0,4;6;12;13;14,1,0.37949997931718826,cpu
3157a736e9b7927e,keyword_template_aware,full,4.0,4;12;13;14,1,0.329792033880949,cpu
4528fbfbf7f5a416,keyword_template_aware,full,4.0,4;12;13;14,1,0.3352499334141612,cpu
bee02ec334897644,keyword_template_aware,full,4.0,4;12;13;14,1,0.36095804534852505,cpu
9c2f7c0579a47b41,keyword_template_aware,full,3.0,12;13;14,1,0.37599995266646147,cpu
a28042d77ac037d5,keyword_template_aware,full,3.0,4;7;12,1,0.24679198395460844,cpu
8700fc337329906f,keyword_template_aware,full,2.0,7;12,1,0.2394999610260129,cpu
c7f18134f6aa91bc,keyword_template_aware,full,2.0,7;12,1,0.26287499349564314,cpu
517ae549ead6050e,keyword_template_aware,full,3.0,4;7;12,1,0.25887496303766966,cpu
5652b86d0adc5494,keyword_template_aware,full,2.0,7;12,1,0.29879098292440176,cpu
daca2f49c8454788,keyword_template_aware,full,2.0,7;12,1,0.25275000371038914,cpu
b5aca5b2c2f4a9fe,keyword_template_aware,full,3.0,4;7;12,1,0.24879199918359518,cpu
5d7536c9a5512fe4,keyword_template_aware,full,3.0,4;7;12,1,0.27600000612437725,cpu
ee23ec7df7c61910,keyword_template_aware,full,4.0,4;6;7;12,1,0.2542500151321292,cpu
8e3a1f184b5a3154,keyword_template_aware,full,4.0,4;6;7;12,1,0.2930409973487258,cpu
e008a56a60dae87a,keyword_template_aware,full,3.0,4;7;12,1,0.24275004398077726,cpu
faab3f36a46d4014,keyword_template_aware,full,3.0,4;7;12,1,0.2573329256847501,cpu
25544f192eb8f246,keyword_template_aware,full,3.0,4;7;12,1,0.28487504459917545,cpu
3a6b118b6863a30e,keyword_template_aware,full,2.0,7;12,1,0.29987492598593235,cpu
9f1cff754c8290b7,keyword_template_aware,full,5.0,4;7;12;13;14,1,0.5037919618189335,cpu
5730922b23b235a8,keyword_template_aware,full,4.0,7;12;13;14,1,0.5047089653089643,cpu
77172d4b7b999bc3,keyword_template_aware,full,4.0,7;12;13;14,1,0.5383749958127737,cpu
65a9bd82f24fc314,keyword_template_aware,full,5.0,4;7;12;13;14,1,0.5109159974381328,cpu
d5d0ebba18849a67,keyword_template_aware,full,4.0,7;12;13;14,1,0.5735419690608978,cpu
a6b75ef8ea0fdc4a,keyword_template_aware,full,4.0,7;12;13;14,1,0.528041971847415,cpu
2d01ed8e82da74d3,keyword_template_aware,full,5.0,4;7;12;13;14,1,0.5302079953253269,cpu
d457f3a26b749660,keyword_template_aware,full,5.0,4;7;12;13;14,1,0.5736250896006823,cpu
3dc872e14ca4b678,keyword_template_aware,full,6.0,4;6;7;12;13;14,1,0.5175420083105564,cpu
c4e61936d6e1a51f,keyword_template_aware,full,6.0,4;6;7;12;13;14,1,0.5712920101359487,cpu
2a319a9696bbae18,keyword_template_aware,full,5.0,4;7;12;13;14,1,0.5091249477118254,cpu
c9ab3ae4eee417b4,keyword_template_aware,full,5.0,4;7;12;13;14,1,0.5544580053538084,cpu
5b759f8ca3ba58b3,keyword_template_aware,full,5.0,4;7;12;13;14,1,0.5747079849243164,cpu
0276247c738b5d0b,keyword_template_aware,full,4.0,7;12;13;14,1,0.6235420005396008,cpu
ed8de356d92e03fb,keyword_template_aware,full,4.0,4;12;13;14,1,4.370749928057194,cpu
2cbef3e299ccbd86,keyword_template_aware,full,4.0,4;12;13;14,1,4.484166973270476,cpu
7733bf475cadc14d,keyword_template_aware,full,4.0,4;12;13;14,1,4.760541021823883,cpu
24f8543c55d0825a,keyword_template_aware,full,4.0,4;12;13;14,1,4.026957903988659,cpu
e5edbd6b6d5c5ba5,keyword_template_aware,full,5.0,4;7;12;13;14,1,4.238041001372039,cpu
553d19a6debe24b0,keyword_template_aware,full,5.0,4;7;12;13;14,1,4.3071669060736895,cpu
a75130cab847bb18,keyword_template_aware,full,4.0,4;12;13;14,1,4.3597499607130885,cpu
aa712a1f5c578493,keyword_template_aware,full,4.0,4;12;13;14,1,4.298666957765818,cpu
16396431478223d9,keyword_template_aware,full,5.0,4;6;12;13;14,1,3.8814579602330923,cpu
16621a67fd7cb787,keyword_template_aware,full,5.0,4;6;12;13;14,1,4.133665934205055,cpu
29fed3dfadecf5d4,keyword_template_aware,full,4.0,4;12;13;14,1,4.090750007890165,cpu
f6effd36701b5da3,keyword_template_aware,full,4.0,4;12;13;14,1,3.9146250346675515,cpu
b7ed66f22fca17ba,keyword_template_aware,full,4.0,4;12;13;14,1,4.357959027402103,cpu
652c35666a4aec0d,keyword_template_aware,full,4.0,4;12;13;14,1,4.916875041089952,cpu
f3b6a32983827369,keyword_template_aware,full,4.0,4;12;13;14,1,0.2823329996317625,cpu
f2e5655bee9c70a5,keyword_template_aware,full,3.0,12;13;14,1,0.2973749069496989,cpu
87164912ac4ee637,keyword_template_aware,full,3.0,12;13;14,1,0.29254204127937555,cpu
245db27842630b16,keyword_template_aware,full,4.0,4;12;13;14,1,0.2820839872583747,cpu
0dc4ba278951bc5a,keyword_template_aware,full,4.0,7;12;13;14,1,0.317040947265923,cpu
d5e0d2f7cf9f6e21,keyword_template_aware,full,4.0,7;12;13;14,1,0.28383301105350256,cpu
7587f1f4e0c0903a,keyword_template_aware,full,4.0,4;12;13;14,1,0.28608296997845173,cpu
b8c6f0b901086e58,keyword_template_aware,full,4.0,4;12;13;14,1,0.3293749177828431,cpu
26c8d7f80ed91c5f,keyword_template_aware,full,5.0,4;6;12;13;14,1,0.3066250355914235,cpu
0a9afdf1098a87b5,keyword_template_aware,full,5.0,4;6;12;13;14,1,0.3234168980270624,cpu
1f4592d626c4bcd2,keyword_template_aware,full,4.0,4;12;13;14,1,0.28495804872363806,cpu
5f23826128b5b81a,keyword_template_aware,full,4.0,4;12;13;14,1,0.2909590257331729,cpu
bdbc0848e95abba6,keyword_template_aware,full,4.0,4;12;13;14,1,0.3207920817658305,cpu
9195c80e9581d18e,keyword_template_aware,full,3.0,12;13;14,1,0.3357080277055502,cpu
2f49cda5b0dd5177,keyword_template_aware,full,1.0,12,1,0.6872500525787473,cpu
b8c3b97295a616e5,keyword_template_aware,full,1.0,12,1,0.6440000142902136,cpu
ec2ec8b195831f30,keyword_template_aware,full,1.0,12,1,0.7127911085262895,cpu
f7e5e9afad7f7436,keyword_template_aware,full,2.0,4;12,1,0.7975419284775853,cpu
7033a466be1b8756,keyword_template_aware,full,3.0,4;7;12,1,0.7421249756589532,cpu
a7549a2deb8a24fa,keyword_template_aware,full,3.0,4;7;12,1,0.740666058845818,cpu
2670def12527b5ff,keyword_template_aware,full,1.0,12,1,0.7353330729529262,cpu
be1c7c91f1e13750,keyword_template_aware,full,1.0,12,1,0.7667499594390392,cpu
73e2f549d929e9b7,keyword_template_aware,full,2.0,6;12,1,0.7769579533487558,cpu
16c1a1a6f952174a,keyword_template_aware,full,2.0,6;12,1,0.7945830002427101,cpu
86c198f71c46f9bc,keyword_template_aware,full,1.0,12,1,0.7281249854713678,cpu
0e43361388820fae,keyword_template_aware,full,1.0,12,1,0.8033750345930457,cpu
bc739072c77cfaa4,keyword_template_aware,full,1.0,12,1,0.7787499343976378,cpu
19aac7fe1b64564b,keyword_template_aware,full,1.0,12,1,0.8033339399844408,cpu
22ac80d73a857d16,keyword_template_aware,full,4.0,4;12;13;14,1,0.5184590118005872,cpu
bf4159abc95dcbe7,keyword_template_aware,full,0.0,,1,0.33429195173084736,cpu
8fd5aa31b0550086,keyword_template_aware,full,3.0,12;13;14,1,0.518792076036334,cpu
68d7590cc6f1c4e2,keyword_template_aware,full,3.0,12;13;14,1,0.5337500479072332,cpu
c4af7e06619b0981,keyword_template_aware,full,4.0,4;12;13;14,1,0.540458015166223,cpu
476405f450fe3f98,keyword_template_aware,full,4.0,7;12;13;14,1,0.5533749936148524,cpu
0f17e5e229bfc922,keyword_template_aware,full,4.0,7;12;13;14,1,0.5228749942034483,cpu
9746667a01700c04,keyword_template_aware,full,4.0,4;12;13;14,1,0.5231670802459121,cpu
9727c5f3f0a4ce13,keyword_template_aware,full,4.0,4;12;13;14,1,0.5521670682355762,cpu
d3dd10659db97039,keyword_template_aware,full,5.0,4;6;12;13;14,1,0.5343339871615171,cpu
9717fcb75c07785e,keyword_template_aware,full,5.0,4;6;12;13;14,1,0.5595000693574548,cpu
9c4af2ab6fba99a4,keyword_template_aware,full,4.0,4;12;13;14,1,0.5211659008637071,cpu
966b70e4ac549b18,keyword_template_aware,full,4.0,4;12;13;14,1,0.5282920319586992,cpu
85854a78877b8f8b,keyword_template_aware,full,4.0,4;12;13;14,1,0.5541670834645629,cpu
2f59cead66ad4b11,keyword_template_aware,full,3.0,12;13;14,1,0.5673340056091547,cpu
34ed838f27319182,keyword_template_aware,full,4.0,4;12;13;14,1,0.3801670391112566,cpu
5cfb2c10876e1c41,keyword_template_aware,full,3.0,12;13;14,1,0.36991701927036047,cpu
d26a681919b4d04e,keyword_template_aware,full,3.0,12;13;14,1,0.3860839642584324,cpu
f47d09b0cd01dc10,keyword_template_aware,full,4.0,4;12;13;14,1,0.37983409129083157,cpu
03a8182ea089ac05,keyword_template_aware,full,4.0,7;12;13;14,1,0.44533307664096355,cpu
c65799dc1c24f5d3,keyword_template_aware,full,4.0,7;12;13;14,1,0.38870901335030794,cpu
3185257af3bd5eaf,keyword_template_aware,full,4.0,4;12;13;14,1,0.3932920517399907,cpu
1ee361e6302feb5e,keyword_template_aware,full,4.0,4;12;13;14,1,0.4201249685138464,cpu
ef3ab518bc87ceb0,keyword_template_aware,full,5.0,4;6;12;13;14,1,0.4034589510411024,cpu
5e91b2bfbac0afaf,keyword_template_aware,full,5.0,4;6;12;13;14,1,0.42987498454749584,cpu
cde8fc4453e3080b,keyword_template_aware,full,4.0,4;12;13;14,1,0.41683309245854616,cpu
7314dc769080c99c,keyword_template_aware,full,4.0,4;12;13;14,1,0.397083000279963,cpu
cd4e5f41bd2480bd,keyword_template_aware,full,4.0,4;12;13;14,1,0.43287500739097595,cpu
4e3fff2b14bf9771,keyword_template_aware,full,3.0,12;13;14,1,0.4336669808253646,cpu
045d76a6df005f05,keyword_template_aware,full,0.0,,1,0.04129204899072647,cpu
621bf70f702ebefb,keyword_template_aware,full,0.0,,1,0.04308403003960848,cpu
ed33c352f99dd671,keyword_template_aware,full,0.0,,1,0.03841705620288849,cpu
78722400912dd6c9,keyword_template_aware,full,0.0,,1,0.0399579294025898,cpu
4f1083bf75697d3e,keyword_template_aware,full,1.0,12,1,0.8318329928442836,cpu
af0147714ba826a1,keyword_template_aware,full,0.0,,1,0.08533301297575235,cpu
cd1998ec6e775c51,keyword_template_aware,full,0.0,,1,0.08174998220056295,cpu
9f454252c7760c74,keyword_template_aware,full,1.0,12,1,0.7393340347334743,cpu
39a2e8768eb3683a,keyword_template_aware,full,1.0,12,1,0.7462080102413893,cpu
6ed44e11a13143da,keyword_template_aware,full,2.0,4;12,1,0.741582945920527,cpu
edbf707088d95d42,keyword_template_aware,full,3.0,4;7;12,1,0.7545419503003359,cpu
5dd30b7b3f0c4041,keyword_template_aware,full,3.0,4;7;12,1,0.7309579523280263,cpu
d8f5a4dd47414f32,keyword_template_aware,full,1.0,12,1,0.7560841040685773,cpu
fc6ee96b05be59c6,keyword_template_aware,full,1.0,12,1,0.7991669699549675,cpu
c9599fc6c7be9c59,keyword_template_aware,full,2.0,6;12,1,0.7296249968931079,cpu
707c295a27961b89,keyword_template_aware,full,2.0,6;12,1,0.7329590152949095,cpu
9ec1261186e154a4,keyword_template_aware,full,1.0,12,1,0.661207945086062,cpu
51f951b1d82abdc0,keyword_template_aware,full,1.0,12,1,0.676875002682209,cpu
2c011108ca8491a2,keyword_template_aware,full,1.0,12,1,0.7432909915223718,cpu
78569e2a62a299a7,keyword_template_aware,full,1.0,12,1,0.9102909825742245,cpu
f6eea1d0bd31fb1e,keyword_template_aware,full,0.0,,1,0.010165967978537083,cpu
08e5c6d6de4f066d,keyword_template_aware,full,0.0,,1,0.046459026634693146,cpu
d38bef95fe1b4049,keyword_template_aware,full,4.0,4;12;13;14,1,0.2992920344695449,cpu
3fa253281c08499a,keyword_template_aware,full,0.0,,1,0.04212500061839819,cpu
a0daf55723fb55b2,keyword_template_aware,full,3.0,12;13;14,1,0.28916599694639444,cpu
1799c2f5784658ac,keyword_template_aware,full,3.0,12;13;14,1,0.27770805172622204,cpu
e3427f01d380e838,keyword_template_aware,full,4.0,4;12;13;14,1,0.2702920464798808,cpu
7e5bc2eed35a2708,keyword_template_aware,full,4.0,7;12;13;14,1,0.2987500047311187,cpu
8e333f04600c684e,keyword_template_aware,full,4.0,7;12;13;14,1,0.2727500395849347,cpu
4261beee5b6c9cca,keyword_template_aware,full,4.0,4;12;13;14,1,0.3007500199601054,cpu
733f15a325f41919,keyword_template_aware,full,4.0,4;12;13;14,1,0.3013339592143893,cpu
993726935e01264e,keyword_template_aware,full,5.0,4;6;12;13;14,1,0.30195899307727814,cpu
847bde902f40500e,keyword_template_aware,full,5.0,4;6;12;13;14,1,0.31508307438343763,cpu
f30511734d241e65,keyword_template_aware,full,4.0,4;12;13;14,1,0.2809999277815223,cpu
7358c49336ffe63a,keyword_template_aware,full,4.0,4;12;13;14,1,0.28079201001673937,cpu
8da79fd82319db7d,keyword_template_aware,full,4.0,4;12;13;14,1,0.3107499796897173,cpu
5050a71bd4d47ae3,keyword_template_aware,full,3.0,12;13;14,1,0.34258398227393627,cpu
d51c7e26c7ad5b27,keyword_template_aware,full,4.0,4;12;13;14,1,0.2758749760687351,cpu
ff6352ed8f3c075b,keyword_template_aware,full,0.0,,1,0.03570795524865389,cpu
d4c355f53d218e7f,keyword_template_aware,full,0.0,,1,0.03416696563363075,cpu
89f47966903357fa,keyword_template_aware,full,0.0,,1,0.03350002225488424,cpu
529708288473e80c,keyword_template_aware,full,4.0,4;12;13;14,1,0.2622079337015748,cpu
66e4b434946cb51f,keyword_template_aware,full,4.0,4;12;13;14,1,0.2844170667231083,cpu
ba835d4bad78438c,keyword_template_aware,full,4.0,4;12;13;14,1,0.25579205248504877,cpu
b807b502d75b4b40,keyword_template_aware,full,5.0,4;7;12;13;14,1,0.25450007524341345,cpu
4bfbb5da51c3180d,keyword_template_aware,full,5.0,4;7;12;13;14,1,0.23212505038827658,cpu
01d9181c0ecafa28,keyword_template_aware,full,4.0,4;12;13;14,1,0.25354104582220316,cpu
25605f7e9abb0917,keyword_template_aware,full,4.0,4;12;13;14,1,0.31825003679841757,cpu
d3836995a748ae50,keyword_template_aware,full,5.0,4;6;12;13;14,1,0.27008296456187963,cpu
2c4ffce3becb4f98,keyword_template_aware,full,5.0,4;6;12;13;14,1,0.300500076264143,cpu
0dd06ebe43964834,keyword_template_aware,full,4.0,4;12;13;14,1,0.26883394457399845,cpu
37a3337cc97e0b7d,keyword_template_aware,full,4.0,4;12;13;14,1,0.2698329044505954,cpu
54fd84f5cff60790,keyword_template_aware,full,4.0,4;12;13;14,1,0.29787502717226744,cpu
9fae2fed26cbe0be,keyword_template_aware,full,4.0,4;12;13;14,1,0.321083003655076,cpu
8466f64bc7059a6c,keyword_template_aware,full,0.0,,1,0.124208047054708,cpu
9cd404ca4b0e86a1,keyword_template_aware,full,0.0,,1,0.04570803139358759,cpu
c71b4a54a3c5bae6,keyword_template_aware,full,4.0,7;12;13;14,1,0.36766601260751486,cpu
83785c5235fc0106,keyword_template_aware,full,4.0,7;12;13;14,1,0.30783400870859623,cpu
84c15bdf3d139016,keyword_template_aware,full,4.0,4;12;13;14,1,0.1728750066831708,cpu
cfcee79f269850f9,keyword_template_aware,full,3.0,12;13;14,1,0.1582909608259797,cpu
0f280f06f7eef5a9,keyword_template_aware,full,3.0,12;13;14,1,0.196542008779943,cpu
2bea878ab0f91d45,keyword_template_aware,full,4.0,4;12;13;14,1,0.19024999346584082,cpu
5a05011bf2db9d66,keyword_template_aware,full,4.0,7;12;13;14,1,0.23404101375490427,cpu
14d1b8215bed7625,keyword_template_aware,full,4.0,7;12;13;14,1,0.20545802544802427,cpu
632f5afe5baa2b50,keyword_template_aware,full,4.0,4;12;13;14,1,0.15412503853440285,cpu
1779b26d725a8277,keyword_template_aware,full,4.0,4;12;13;14,1,0.18012500368058681,cpu
e6cbaba6204135fe,keyword_template_aware,full,5.0,4;6;12;13;14,1,0.15841703861951828,cpu
b75db01f2e09b4b0,keyword_template_aware,full,5.0,4;6;12;13;14,1,0.18924998585134745,cpu
5872ac2028f05996,keyword_template_aware,full,4.0,4;12;13;14,1,0.14804094098508358,cpu
c69ed015123887ae,keyword_template_aware,full,4.0,4;12;13;14,1,0.15491701196879148,cpu
1e1ec67d2eb7e35d,keyword_template_aware,full,4.0,4;12;13;14,1,0.18583296332508326,cpu
b975a73d4c4920a9,keyword_template_aware,full,3.0,12;13;14,1,0.2025000285357237,cpu
5beb8bb80f192ecd,keyword_template_aware,full,3.0,12;13;14,1,0.2975419629365206,cpu
86e33b382a9af90d,keyword_template_aware,full,3.0,12;13;14,1,0.2565419999882579,cpu
2b310d7b4f33c211,keyword_template_aware,full,3.0,12;13;14,1,0.29437500052154064,cpu
3030c8fe5b7752e9,keyword_template_aware,full,4.0,4;12;13;14,1,0.2898330567404628,cpu
11f54db9ecab9d50,keyword_template_aware,full,5.0,4;7;12;13;14,1,0.30987500213086605,cpu
79efadd5bf652677,keyword_template_aware,full,5.0,4;7;12;13;14,1,0.2874169731512666,cpu
3d54f6aedf1a2c36,keyword_template_aware,full,3.0,12;13;14,1,0.2683750353753567,cpu
90247469ff991df0,keyword_template_aware,full,3.0,12;13;14,1,0.2963750157505274,cpu
c55a6cc3b9a8b5d4,keyword_template_aware,full,4.0,6;12;13;14,1,0.2737500471994281,cpu
68f5eae7721dc633,keyword_template_aware,full,4.0,6;12;13;14,1,0.31216698698699474,cpu
c9cd5d6276e80f8f,keyword_template_aware,full,3.0,12;13;14,1,0.26008300483226776,cpu
a9d704d4f96c0b13,keyword_template_aware,full,3.0,12;13;14,1,0.28312508948147297,cpu
6456b68a246ce593,keyword_template_aware,full,3.0,12;13;14,1,0.28679193928837776,cpu
719df09ad7156315,keyword_template_aware,full,3.0,12;13;14,1,0.291000003926456,cpu
d1589983cc5631e6,keyword_template_aware,full,4.0,4;12;13;14,1,0.1694579841569066,cpu
215e1fed8cf584a7,keyword_template_aware,full,3.0,12;13;14,1,0.16149994917213917,cpu
d106b864c1d2ebbd,keyword_template_aware,full,3.0,12;13;14,1,0.22091600112617016,cpu
f71479db343c960b,keyword_template_aware,full,3.0,12;13;14,1,0.30200008768588305,cpu
8e6c9420fc48b13f,keyword_template_aware,full,4.0,7;12;13;14,1,0.2929579932242632,cpu
31ae45948b72ec9f,keyword_template_aware,full,4.0,7;12;13;14,1,0.22820895537734032,cpu
ecf50a8b85277b10,keyword_template_aware,full,3.0,12;13;14,1,0.18841703422367573,cpu
4f2d4b9a9d2db4ba,keyword_template_aware,full,3.0,12;13;14,1,0.2139160642400384,cpu
f23542cbe0ac3153,keyword_template_aware,full,4.0,6;12;13;14,1,0.19512500148266554,cpu
eaae15e8de20c69b,keyword_template_aware,full,4.0,6;12;13;14,1,0.2365410327911377,cpu
07ed90770fe2c01b,keyword_template_aware,full,3.0,12;13;14,1,0.1776249846443534,cpu
b5f928d4c249e968,keyword_template_aware,full,3.0,12;13;14,1,0.18258299678564072,cpu
2c5fbfa96abf5c50,keyword_template_aware,full,3.0,12;13;14,1,0.23508293088525534,cpu
176666e396c8f2b7,keyword_template_aware,full,3.0,12;13;14,1,0.21341699175536633,cpu
bd47aec89bc5786a,keyword_template_aware,full,3.0,12;13;14,1,0.3007500199601054,cpu
6963200cd91ca475,keyword_template_aware,full,3.0,12;13;14,1,0.2695409348234534,cpu
3afe76dfc50088d3,keyword_template_aware,full,3.0,12;13;14,1,0.30912505462765694,cpu
37682125eac01917,keyword_template_aware,full,3.0,12;13;14,1,0.32587500754743814,cpu
27b355f57661d174,keyword_template_aware,full,4.0,7;12;13;14,1,0.3634580643847585,cpu
1b81882720387252,keyword_template_aware,full,4.0,7;12;13;14,1,0.3310830798000097,cpu
1ad362f41dd8ecb2,keyword_template_aware,full,3.0,12;13;14,1,0.2857500221580267,cpu
d4ebef288ad5b8b8,keyword_template_aware,full,3.0,12;13;14,1,0.30975008849054575,cpu
617204e4a0a755fc,keyword_template_aware,full,4.0,6;12;13;14,1,0.2876250073313713,cpu
3267304f4b744ac4,keyword_template_aware,full,4.0,6;12;13;14,1,0.34312496427446604,cpu
14e01689130ee30d,keyword_template_aware,full,3.0,12;13;14,1,0.2799170324578881,cpu
609647904104c069,keyword_template_aware,full,3.0,12;13;14,1,0.3013330278918147,cpu
c9db3f20ddba6824,keyword_template_aware,full,3.0,12;13;14,1,0.31466700602322817,cpu
7a75c380d2384185,keyword_template_aware,full,3.0,12;13;14,1,0.3215830074623227,cpu
da70ef0709b87c72,keyword_template_aware,full,3.0,12;13;14,1,0.2295409794896841,cpu
c3c4cae09aa05819,keyword_template_aware,full,3.0,12;13;14,1,0.19708299078047276,cpu
b988ef84f4e12997,keyword_template_aware,full,3.0,12;13;14,1,0.23600005079060793,cpu
99fa03bb179d806c,keyword_template_aware,full,3.0,12;13;14,1,0.2506669843569398,cpu
c31f1bd0f05b15c9,keyword_template_aware,full,4.0,7;12;13;14,1,0.26887503918260336,cpu
b138c01e9efcf20c,keyword_template_aware,full,4.0,7;12;13;14,1,0.24020799901336432,cpu
fbe342e017de733e,keyword_template_aware,full,3.0,12;13;14,1,0.2073339419439435,cpu
d604c902b96a11bf,keyword_template_aware,full,3.0,12;13;14,1,0.26008300483226776,cpu
f12a4c59424b3156,keyword_template_aware,full,4.0,6;12;13;14,1,0.2228330122306943,cpu
593046747ab16b10,keyword_template_aware,full,4.0,6;12;13;14,1,0.25566702242940664,cpu
4dd8e9f0b6e59eb6,keyword_template_aware,full,3.0,12;13;14,1,0.20008301362395287,cpu
5e3ee371d43504ad,keyword_template_aware,full,3.0,12;13;14,1,0.20825001411139965,cpu
5dba57f505fe4314,keyword_template_aware,full,3.0,12;13;14,1,0.2519170520827174,cpu
3414a6573a3fca18,keyword_template_aware,full,3.0,12;13;14,1,0.24654192384332418,cpu
063e6877a87aaeb1,keyword_template_aware,full,4.0,4;12;13;14,1,0.21658302284777164,cpu
a9e608eac3f2cf55,keyword_template_aware,full,3.0,12;13;14,1,0.2022079424932599,cpu
ca18f5c0085b0387,keyword_template_aware,full,3.0,12;13;14,1,0.24604203645139933,cpu
957d8a10695f7235,keyword_template_aware,full,4.0,4;12;13;14,1,0.24208298418670893,cpu
4ffe180a44c2e285,keyword_template_aware,full,4.0,7;12;13;14,1,0.28170901350677013,cpu
b30aafd7daedeb93,keyword_template_aware,full,4.0,7;12;13;14,1,0.2513329964131117,cpu
a4b7d20f34887ead,keyword_template_aware,full,4.0,4;12;13;14,1,0.1990000018849969,cpu
1a653af426618c0a,keyword_template_aware,full,4.0,4;12;13;14,1,0.22429204545915127,cpu
b97417bf5f751275,keyword_template_aware,full,5.0,4;6;12;13;14,1,0.2095840172842145,cpu
76f853770f90c859,keyword_template_aware,full,5.0,4;6;12;13;14,1,0.23387500550597906,cpu
d1caaed90289ac9f,keyword_template_aware,full,4.0,4;12;13;14,1,0.19229098688811064,cpu
127c56757f204f55,keyword_template_aware,full,4.0,4;12;13;14,1,0.19966706167906523,cpu
d59ce00e74b4e5db,keyword_template_aware,full,4.0,4;12;13;14,1,0.22987497504800558,cpu
be65bea3ce742697,keyword_template_aware,full,3.0,12;13;14,1,0.2483749995008111,cpu
0cd5b16bd113018f,keyword_template_aware,full,3.0,12;13;14,1,0.18099998123943806,cpu
4bede2a9062693b4,keyword_template_aware,full,3.0,12;13;14,1,0.1842080382630229,cpu
27942017252f346b,keyword_template_aware,full,3.0,12;13;14,1,0.1521660014986992,cpu
18bcacaa88d754e9,keyword_template_aware,full,3.0,12;13;14,1,0.15595904551446438,cpu
a6769bb04bc50c81,keyword_template_aware,full,3.0,12;13;14,1,0.1907089026644826,cpu
fa0f51136a3a53e1,keyword_template_aware,full,3.0,12;13;14,1,0.1932079903781414,cpu
2d5a6d5c810937d6,keyword_template_aware,full,4.0,4;12;13;14,1,0.18637499306350946,cpu
5960720b8d01b424,keyword_template_aware,full,4.0,4;12;13;14,1,0.18887489568442106,cpu
12be0f60d5c75494,keyword_template_aware,full,5.0,4;7;12;13;14,1,0.21854101214557886,cpu
5171ab79d92cc0b0,keyword_template_aware,full,5.0,4;7;12;13;14,1,0.23795792367309332,cpu
80d0b063c9505b59,keyword_template_aware,full,5.0,4;7;12;13;14,1,0.2216249704360962,cpu
ce3b3afdf1964a8e,keyword_template_aware,full,5.0,4;7;12;13;14,1,0.18916698172688484,cpu
cda1fb804fa1c14a,keyword_template_aware,full,3.0,12;13;14,1,0.16395794227719307,cpu
89cc5f004506ebc6,keyword_template_aware,full,3.0,12;13;14,1,0.16345793846994638,cpu
e77f2516231964f6,keyword_template_aware,full,3.0,12;13;14,1,0.1836250303313136,cpu
b1ef114c16576712,keyword_template_aware,full,3.0,12;13;14,1,0.1894170418381691,cpu
bd3c17baa1cef2fb,keyword_template_aware,full,4.0,6;12;13;14,1,0.15899993013590574,cpu
949e2f7909366601,keyword_template_aware,full,4.0,6;12;13;14,1,0.16533304005861282,cpu
8441e508a78a347c,keyword_template_aware,full,4.0,6;12;13;14,1,0.19441707991063595,cpu
0a32566df5619149,keyword_template_aware,full,4.0,6;12;13;14,1,0.22562500089406967,cpu
bdf083c537465d7e,keyword_template_aware,full,3.0,12;13;14,1,0.15779200475662947,cpu
78d7f1268372d230,keyword_template_aware,full,3.0,12;13;14,1,0.1615830697119236,cpu
58e2a72487a24462,keyword_template_aware,full,3.0,12;13;14,1,0.16549997963011265,cpu
c202709245581e8e,keyword_template_aware,full,3.0,12;13;14,1,0.17012492753565311,cpu
1696d3a047d18c20,keyword_template_aware,full,3.0,12;13;14,1,0.20908296573907137,cpu
05c67cbb06ecaddb,keyword_template_aware,full,3.0,12;13;14,1,0.20637502893805504,cpu
3b333ed8b35b8a0a,keyword_template_aware,full,3.0,12;13;14,1,0.1994590274989605,cpu
bf64495d8ff8dff3,keyword_template_aware,full,3.0,12;13;14,1,0.1978330546990037,cpu
d0845c4159f89e68,keyword_template_aware,full,4.0,4;12;13;14,1,0.5758750485256314,cpu
2e1fbce8b9e5cb93,keyword_template_aware,full,3.0,12;13;14,1,0.4931249422952533,cpu
bd07eecda820cedb,keyword_template_aware,full,3.0,12;13;14,1,0.5271669942885637,cpu
4402c1f81d480cb1,keyword_template_aware,full,3.0,12;13;14,1,0.5417079664766788,cpu
253405519fe3011a,keyword_template_aware,full,4.0,7;12;13;14,1,0.5647089565172791,cpu
264cb54ab7cff55e,keyword_template_aware,full,4.0,7;12;13;14,1,0.5388329736888409,cpu
e775f21f116687f4,keyword_template_aware,full,3.0,12;13;14,1,0.5000419914722443,cpu
be325487c85ffd86,keyword_template_aware,full,3.0,12;13;14,1,0.5303340731188655,cpu
98754c611e66413f,keyword_template_aware,full,4.0,6;12;13;14,1,0.5051660118624568,cpu
f030cc231efe50de,keyword_template_aware,full,4.0,6;12;13;14,1,0.5429580342024565,cpu
cf448c3b9b4fe08a,keyword_template_aware,full,3.0,12;13;14,1,0.4912089789286256,cpu
c635d37818a37f94,keyword_template_aware,full,3.0,12;13;14,1,0.497999950312078,cpu
3a4837b8c6c32812,keyword_template_aware,full,3.0,12;13;14,1,0.5405419506132603,cpu
95c07053adbda365,keyword_template_aware,full,3.0,12;13;14,1,0.5303749348968267,cpu
3c48891a34e5341e,keyword_template_aware,full,5.0,4;7;12;13;14,1,0.19754201639443636,cpu
7dcb325a64fc2506,keyword_template_aware,full,4.0,7;12;13;14,1,0.1829169923439622,cpu
f13e927dc59fe6db,keyword_template_aware,full,4.0,7;12;13;14,1,0.2170410007238388,cpu
8867743d25f5d829,keyword_template_aware,full,4.0,7;12;13;14,1,0.2294579753652215,cpu
92145c8a41c5f1ff,keyword_template_aware,full,4.0,7;12;13;14,1,0.27166702784597874,cpu
bf648e513ada6a1a,keyword_template_aware,full,4.0,7;12;13;14,1,0.24495809338986874,cpu
632b0fab035fcd1e,keyword_template_aware,full,4.0,7;12;13;14,1,0.1926249824464321,cpu
a2f637ff5e879c99,keyword_template_aware,full,4.0,7;12;13;14,1,0.21962495520710945,cpu
71f5ae06345902cc,keyword_template_aware,full,5.0,6;7;12;13;14,1,0.19729207269847393,cpu
dc8f014b56e3e275,keyword_template_aware,full,5.0,6;7;12;13;14,1,0.23074995260685682,cpu
29144780b860becd,keyword_template_aware,full,4.0,7;12;13;14,1,0.19233301281929016,cpu
b15d887655b8ac8e,keyword_template_aware,full,4.0,7;12;13;14,1,0.1924589741975069,cpu
97dfae4137bed5b2,keyword_template_aware,full,4.0,7;12;13;14,1,0.24887500330805779,cpu
4daa9b7c8a46191c,keyword_template_aware,full,4.0,7;12;13;14,1,0.24458300322294235,cpu
725450de77fdb782,keyword_template_aware,full,4.0,4;12;13;14,1,0.3176670288667083,cpu
820e4f849888b771,keyword_template_aware,full,3.0,12;13;14,1,0.30554202385246754,cpu
539f09bd639f8b82,keyword_template_aware,full,3.0,12;13;14,1,0.3712910693138838,cpu
2ea1b44dba98eadf,keyword_template_aware,full,3.0,12;13;14,1,0.39062497671693563,cpu
1fb52713136da2e1,keyword_template_aware,full,4.0,7;12;13;14,1,0.3775421064347029,cpu
0a17445f80f77963,keyword_template_aware,full,4.0,7;12;13;14,1,0.3522919723764062,cpu
99217731bb443fd3,keyword_template_aware,full,3.0,12;13;14,1,0.2971249632537365,cpu
c721c03d0f42061b,keyword_template_aware,full,3.0,12;13;14,1,0.3530000103637576,cpu
a14264694c69c2e0,keyword_template_aware,full,4.0,6;12;13;14,1,0.32524997368454933,cpu
4416de3be09ad73e,keyword_template_aware,full,4.0,6;12;13;14,1,0.3608749248087406,cpu
5ad19952b29d5983,keyword_template_aware,full,3.0,12;13;14,1,0.3111669793725014,cpu
50bd858fedeae0db,keyword_template_aware,full,3.0,12;13;14,1,0.3407079493626952,cpu
d32491d496572b14,keyword_template_aware,full,3.0,12;13;14,1,0.45129202771931887,cpu
c8782707372964b3,keyword_template_aware,full,3.0,12;13;14,1,0.3804579610005021,cpu
da751be85c8d1bae,keyword_template_aware,full,4.0,7;12;13;14,1,0.27279206551611423,cpu
186fb619ca2b80e6,keyword_template_aware,full,4.0,7;12;13;14,1,0.24416705127805471,cpu
3c770cff236c6dd3,keyword_template_aware,full,4.0,7;12;13;14,1,0.2774579916149378,cpu
77d9ba9f014acfb1,keyword_template_aware,full,5.0,4;7;12;13;14,1,0.2722919452935457,cpu
d43e7a7e28e7bdb4,keyword_template_aware,full,5.0,4;7;12;13;14,1,0.3102499758824706,cpu
8fcdf3efd357996b,keyword_template_aware,full,5.0,4;7;12;13;14,1,0.2853749319911003,cpu
6b1e4c0a611b69c0,keyword_template_aware,full,4.0,7;12;13;14,1,0.2541670110076666,cpu
df0447a1ab0316c1,keyword_template_aware,full,4.0,7;12;13;14,1,0.28129201382398605,cpu
d48649e26dcb1226,keyword_template_aware,full,5.0,6;7;12;13;14,1,0.25887496303766966,cpu
54d1b918a7d1aab0,keyword_template_aware,full,5.0,6;7;12;13;14,1,0.2919159596785903,cpu
dda17f78b8670d90,keyword_template_aware,full,4.0,7;12;13;14,1,0.24704099632799625,cpu
9eb853c978a4a706,keyword_template_aware,full,4.0,7;12;13;14,1,0.254084006883204,cpu
d857f28f4336302d,keyword_template_aware,full,4.0,7;12;13;14,1,0.28974993620067835,cpu
64279c37444d0daf,keyword_template_aware,full,4.0,7;12;13;14,1,0.2882500411942601,cpu
2be6a703446d3229,keyword_template_aware,full,5.0,4;7;12;13;14,1,0.5498329410329461,cpu
93a6a7e0cc064320,keyword_template_aware,full,4.0,7;12;13;14,1,0.5389170255511999,cpu
9a3af093368da1e0,keyword_template_aware,full,4.0,7;12;13;14,1,0.5819170037284493,cpu
4e1256d06c621e67,keyword_template_aware,full,4.0,7;12;13;14,1,0.7267090259119868,cpu
69fad265ae8d78ad,keyword_template_aware,full,4.0,7;12;13;14,1,0.7050000131130219,cpu
44238e5b6db1411f,keyword_template_aware,full,4.0,7;12;13;14,1,0.6500829476863146,cpu
3730ff4cf1e74dca,keyword_template_aware,full,4.0,7;12;13;14,1,0.5532909417524934,cpu
262ed21c8d0b0142,keyword_template_aware,full,4.0,7;12;13;14,1,0.601625069975853,cpu
68c1c610a9f10fee,keyword_template_aware,full,5.0,6;7;12;13;14,1,0.5479579558596015,cpu
acfbe8677e8637ad,keyword_template_aware,full,5.0,6;7;12;13;14,1,0.6233330350369215,cpu
447afef0f7240f82,keyword_template_aware,full,4.0,7;12;13;14,1,0.5385000258684158,cpu
36763fe30c03ecf1,keyword_template_aware,full,4.0,7;12;13;14,1,0.5458330269902945,cpu
624c8fe1b6faa213,keyword_template_aware,full,4.0,7;12;13;14,1,0.613874988630414,cpu
fbf55196569c2742,keyword_template_aware,full,4.0,7;12;13;14,1,0.6024580216035247,cpu
9e97a60dfabdc7c6,keyword_template_aware,full,4.0,4;12;13;14,1,4.473999957554042,cpu
241b7ed099e9d7d2,keyword_template_aware,full,4.0,4;12;13;14,1,5.037750001065433,cpu
dce96998e7a449d0,keyword_template_aware,full,4.0,4;12;13;14,1,5.211750045418739,cpu
fa283d5b5455a567,keyword_template_aware,full,4.0,4;12;13;14,1,4.697374999523163,cpu
083dea34337050ef,keyword_template_aware,full,5.0,4;7;12;13;14,1,4.437583032995462,cpu
5ef15e73fd217c6a,keyword_template_aware,full,5.0,4;7;12;13;14,1,4.517916007898748,cpu
63a7bbed64b25a48,keyword_template_aware,full,4.0,4;12;13;14,1,4.403541912324727,cpu
7182bf2c379521ef,keyword_template_aware,full,4.0,4;12;13;14,1,4.510500002652407,cpu
e6ce7d1bebe37969,keyword_template_aware,full,5.0,4;6;12;13;14,1,4.089792026206851,cpu
e14cedfbee7d9e17,keyword_template_aware,full,5.0,4;6;12;13;14,1,4.345499910414219,cpu
c7119e2bbeeba0da,keyword_template_aware,full,4.0,4;12;13;14,1,4.276665975339711,cpu
5c2b6ffb68a940b3,keyword_template_aware,full,4.0,4;12;13;14,1,4.216499975882471,cpu
47de2fa1f9d7ab67,keyword_template_aware,full,4.0,4;12;13;14,1,4.199833027087152,cpu
3a97d863dc74c89c,keyword_template_aware,full,4.0,4;12;13;14,1,4.758374998345971,cpu
1bac2c6547ab1e60,keyword_template_aware,full,2.0,4;12,1,0.32308301888406277,cpu
ac785a40d9c8b64f,keyword_template_aware,full,1.0,12,1,0.31508400570601225,cpu
cc0a7e45a4037021,keyword_template_aware,full,1.0,12,1,0.35445799585431814,cpu
d5a36a0db0049ace,keyword_template_aware,full,2.0,4;12,1,0.32958295196294785,cpu
1152b4dfd5a51dd5,keyword_template_aware,full,2.0,7;12,1,0.36341696977615356,cpu
c6052a509ad2e975,keyword_template_aware,full,2.0,7;12,1,0.33670803532004356,cpu
257078bd8b6fd6e5,keyword_template_aware,full,2.0,4;12,1,0.2872920595109463,cpu
550d005c8950402b,keyword_template_aware,full,2.0,4;12,1,0.30933297239243984,cpu
b22cdf23c289bbc3,keyword_template_aware,full,3.0,4;6;12,1,0.3012919332832098,cpu
f40435dc973dd627,keyword_template_aware,full,3.0,4;6;12,1,0.3265839768573642,cpu
5407bce0378aa238,keyword_template_aware,full,2.0,4;12,1,0.2815420739352703,cpu
a7a1e4df279248b4,keyword_template_aware,full,2.0,4;12,1,0.290375086478889,cpu
2511eb0f5101dda9,keyword_template_aware,full,2.0,4;12,1,0.32195798121392727,cpu
bfd42f5f40bccc7d,keyword_template_aware,full,1.0,12,1,0.3517919685691595,cpu
ed616db383f6c306,keyword_template_aware,full,2.0,12;14,1,0.6988340755924582,cpu
96e4414b06274349,keyword_template_aware,full,2.0,12;14,1,0.6633750163018703,cpu
184d1f5106e11e71,keyword_template_aware,full,2.0,12;14,1,0.6934580160304904,cpu
e5aa12b03d43426f,keyword_template_aware,full,3.0,4;12;14,1,0.7216660305857658,cpu
69c7b8ddbe580949,keyword_template_aware,full,4.0,4;7;12;14,1,0.756082939915359,cpu
b6d0d7e04e144592,keyword_template_aware,full,4.0,4;7;12;14,1,0.8076250087469816,cpu
809199a76359bc18,keyword_template_aware,full,2.0,12;14,1,0.7243750151246786,cpu
9f379289547aca15,keyword_template_aware,full,2.0,12;14,1,0.74058398604393,cpu
e563277cb7c6fb16,keyword_template_aware,full,3.0,6;12;14,1,0.751083018258214,cpu
04e9309c37481063,keyword_template_aware,full,3.0,6;12;14,1,0.777415931224823,cpu
7bbcea91cb384385,keyword_template_aware,full,2.0,12;14,1,0.7111250888556242,cpu
083b8c53f2a81ea5,keyword_template_aware,full,2.0,12;14,1,0.7634999928995967,cpu
8f0b4b3f59d758ee,keyword_template_aware,full,2.0,12;14,1,0.757874920964241,cpu
9a0178070277e585,keyword_template_aware,full,2.0,12;14,1,0.7469999836757779,cpu
91758132eb1b6788,keyword_template_aware,full,2.0,4;12,1,0.5599579308182001,cpu
fe713d2a07304087,keyword_template_aware,full,1.0,12,1,0.5287500098347664,cpu
45b35f44c3e5a81f,keyword_template_aware,full,1.0,12,1,0.5770419957116246,cpu
15103eced43db063,keyword_template_aware,full,2.0,4;12,1,0.5700410110875964,cpu
2d70b59b52c39207,keyword_template_aware,full,2.0,7;12,1,0.6178750190883875,cpu
a250182bd7c9238f,keyword_template_aware,full,2.0,7;12,1,0.5941669223830104,cpu
f0c723d6a3409e4f,keyword_template_aware,full,2.0,4;12,1,0.5322920624166727,cpu
837856f51e98bf9c,keyword_template_aware,full,2.0,4;12,1,0.5590830696746707,cpu
010a1422cd9cb074,keyword_template_aware,full,3.0,4;6;12,1,0.5192499374970794,cpu
2ef2a163f49b3e64,keyword_template_aware,full,3.0,4;6;12,1,0.5470829783007503,cpu
88d0e9d0c975b8d5,keyword_template_aware,full,2.0,4;12,1,0.48579194117337465,cpu
4835cfffe3ef63c3,keyword_template_aware,full,2.0,4;12,1,0.4974999465048313,cpu
602c72cae1328a1e,keyword_template_aware,full,2.0,4;12,1,0.552958925254643,cpu
5c618cdb081f15af,keyword_template_aware,full,1.0,12,1,0.5416249623522162,cpu
f88baeebb5d129b9,keyword_template_aware,full,4.0,4;12;13;14,1,0.42937498074024916,cpu
7f9afb3a387415a4,keyword_template_aware,full,3.0,12;13;14,1,0.378625001758337,cpu
d09aab35a4dd005e,keyword_template_aware,full,3.0,12;13;14,1,0.4058330086991191,cpu
a51e517606011498,keyword_template_aware,full,3.0,12;13;14,1,0.4439579788595438,cpu
9ad845c6715e81ab,keyword_template_aware,full,4.0,7;12;13;14,1,0.48504199367016554,cpu
d1a8baf828a2d520,keyword_template_aware,full,4.0,7;12;13;14,1,0.4802499897778034,cpu
dbe9045244f736f4,keyword_template_aware,full,3.0,12;13;14,1,0.4157919902354479,cpu
08fab8b3fd1a158e,keyword_template_aware,full,3.0,12;13;14,1,0.44608302414417267,cpu
3d4f0dd7f1afcab7,keyword_template_aware,full,4.0,6;12;13;14,1,0.409834086894989,cpu
75a305c63ada98d8,keyword_template_aware,full,4.0,6;12;13;14,1,0.46304205898195505,cpu
e54777292a67665f,keyword_template_aware,full,4.0,4;12;13;14,1,0.3787080058827996,cpu
33851f3476a42697,keyword_template_aware,full,3.0,12;13;14,1,0.41308405343443155,cpu
60807ff61973722f,keyword_template_aware,full,3.0,12;13;14,1,0.46712509356439114,cpu
7b5c8cf8c98548f6,keyword_template_aware,full,3.0,12;13;14,1,0.4527079872786999,cpu
b92d6c266189301e,keyword_template_aware,full,2.0,12;14,1,0.7717499975115061,cpu
2c30e50cdedc98f0,keyword_template_aware,full,2.0,12;14,1,0.766957993619144,cpu
13c879cd8e938207,keyword_template_aware,full,2.0,12;14,1,0.7787910290062428,cpu
24651d8d707d11d8,keyword_template_aware,full,3.0,4;12;14,1,0.7614589994773269,cpu
0cc429c1f0f85a44,keyword_template_aware,full,4.0,4;7;12;14,1,0.795957981608808,cpu
7816edd02a64fcbe,keyword_template_aware,full,4.0,4;7;12;14,1,0.7751249941065907,cpu
0b54e2e290aaa720,keyword_template_aware,full,2.0,12;14,1,0.7555420743301511,cpu
5f420d29cfffc46e,keyword_template_aware,full,2.0,12;14,1,0.7947500562295318,cpu
eb61672839e4c435,keyword_template_aware,full,3.0,6;12;14,1,0.7589169545099139,cpu
4f5f0d1f22efe195,keyword_template_aware,full,3.0,6;12;14,1,0.8044169517233968,cpu
2315e9c1d52bcbae,keyword_template_aware,full,2.0,12;14,1,0.7474160520359874,cpu
f7e158dcb3a8ff72,keyword_template_aware,full,2.0,12;14,1,0.7570419693365693,cpu
29624a8b14443150,keyword_template_aware,full,2.0,12;14,1,0.884957960806787,cpu
16cbd44fed15d76d,keyword_template_aware,full,2.0,12;14,1,0.8330419659614563,cpu
7e9310a95d8c8842,keyword_template_aware,full,4.0,4;12;13;14,1,0.313041964545846,cpu
2ef4ab559f7b9fbe,keyword_template_aware,full,3.0,12;13;14,1,0.2846249844878912,cpu
e646eeaf60d0879b,keyword_template_aware,full,3.0,12;13;14,1,0.33479195553809404,cpu
d8fdb5fd2d35afa0,keyword_template_aware,full,3.0,12;13;14,1,0.3564580110833049,cpu
684af79be65f7df0,keyword_template_aware,full,4.0,7;12;13;14,1,0.37416606210172176,cpu
2ead387563840877,keyword_template_aware,full,4.0,7;12;13;14,1,0.35254203248769045,cpu
3c262037d8a1ae95,keyword_template_aware,full,3.0,12;13;14,1,0.29966700822114944,cpu
2e8a3f6fb81a52a4,keyword_template_aware,full,3.0,12;13;14,1,0.34200004301965237,cpu
291db3fa36b39a9d,keyword_template_aware,full,4.0,6;12;13;14,1,0.31283299904316664,cpu
a0c0a13e49b6118f,keyword_template_aware,full,4.0,6;12;13;14,1,0.36204198841005564,cpu
a2b36ae9d1308cb9,keyword_template_aware,full,4.0,4;12;13;14,1,0.29200001154094934,cpu
0aad0a81a02b9c10,keyword_template_aware,full,3.0,12;13;14,1,0.3189169801771641,cpu
c156ecb81d8f983f,keyword_template_aware,full,3.0,12;13;14,1,0.35691598895937204,cpu
4cf2c4f0c54a7558,keyword_template_aware,full,3.0,12;13;14,1,0.35566696897149086,cpu
0120b3d62449bdeb,keyword_template_aware,full,4.0,4;12;13;14,1,0.3213330637663603,cpu
ecd56ccfa22c90e9,keyword_template_aware,full,4.0,4;12;13;14,1,0.30200008768588305,cpu
0e7d3d14d563c3c2,keyword_template_aware,full,4.0,4;12;13;14,1,0.3386250464245677,cpu
fe4fc5d664f2d487,keyword_template_aware,full,4.0,4;12;13;14,1,0.3558750031515956,cpu
3d621ca3697b90e6,keyword_template_aware,full,5.0,4;7;12;13;14,1,0.35900005605071783,cpu
a0ed48dbe76a3113,keyword_template_aware,full,5.0,4;7;12;13;14,1,0.34912489354610443,cpu
63be6bf616f6e55a,keyword_template_aware,full,4.0,4;12;13;14,1,0.34537503961473703,cpu
cc975403dfe572ab,keyword_template_aware,full,4.0,4;12;13;14,1,0.345667009241879,cpu
43090bc086ff39a2,keyword_template_aware,full,5.0,4;6;12;13;14,1,0.3299160161986947,cpu
85d50995616ac111,keyword_template_aware,full,5.0,4;6;12;13;14,1,0.3732910845428705,cpu
72dadcfabede90ba,keyword_template_aware,full,4.0,4;12;13;14,1,0.28024998027831316,cpu
3386b6da261e8614,keyword_template_aware,full,4.0,4;12;13;14,1,0.31062494963407516,cpu
792ce0565155a350,keyword_template_aware,full,4.0,4;12;13;14,1,0.3480419982224703,cpu
422cb9bad0e6cc48,keyword_template_aware,full,4.0,4;12;13;14,1,0.35512493923306465,cpu
15d430d9e6139b53,keyword_template_aware,full,5.0,4;7;12;13;14,1,0.5186670459806919,cpu
8539ca2e6615321f,keyword_template_aware,full,5.0,4;7;12;13;14,1,0.45595900155603886,cpu
4ff32fc11baf7329,keyword_template_aware,full,1.0,15,1,0.10212499182671309,cpu
0aba777e6ea3316f,keyword_template_aware,full,1.0,15,1,0.09391701314598322,cpu
03adacbcc0016336,keyword_template_aware,full,1.0,15,1,0.11404207907617092,cpu
107902eebb71c743,keyword_template_aware,full,1.0,15,1,0.10187493171542883,cpu
b19bc3947dcc19b1,keyword_template_aware,full,3.0,4;7;15,1,0.11191598605364561,cpu
07a021d4de485f4c,keyword_template_aware,full,2.0,7;15,1,0.09083293844014406,cpu
3a9250dc2efd766c,keyword_template_aware,full,1.0,15,1,0.10474992450326681,cpu
a5e599595cda88ef,keyword_template_aware,full,1.0,15,1,0.13299996498972178,cpu
1355ac2524dc834d,keyword_template_aware,full,2.0,6;15,1,0.11116696987301111,cpu
7878407dfe5bcc15,keyword_template_aware,full,2.0,6;15,1,0.1509999856352806,cpu
0cf82c8934f300f4,keyword_template_aware,full,1.0,15,1,0.09504205081611872,cpu
1dbc201c50d16b38,keyword_template_aware,full,1.0,15,1,0.10333303362131119,cpu
e571f01f3e8e160c,keyword_template_aware,full,1.0,15,1,0.14154193922877312,cpu
1403f0f3440ee521,keyword_template_aware,full,1.0,15,1,0.1344579504802823,cpu
a1ad3b6d94099205,keyword_template_aware,full,2.0,4;15,1,0.17541693523526192,cpu
deb4feac1a1b78d1,keyword_template_aware,full,1.0,15,1,0.1668750774115324,cpu
b320a7aa091bdacd,keyword_template_aware,full,1.0,15,1,0.18170801922678947,cpu
97c64687f3a47c29,keyword_template_aware,full,2.0,4;15,1,0.17779204063117504,cpu
f1f12d1545cc36ca,keyword_template_aware,full,2.0,7;15,1,0.2056249650195241,cpu
6bdfe60711718348,keyword_template_aware,full,2.0,7;15,1,0.17775001469999552,cpu
716fef16ca0ed705,keyword_template_aware,full,2.0,4;15,1,0.18454098608344793,cpu
cb6d5aff86b34170,keyword_template_aware,full,2.0,4;15,1,0.21008402109146118,cpu
fcc6ad3757e0e7dd,keyword_template_aware,full,3.0,4;6;15,1,0.19279203843325377,cpu
6a22b62709a9540c,keyword_template_aware,full,3.0,4;6;15,1,0.22325001191347837,cpu
2e5616c428e64758,keyword_template_aware,full,2.0,4;15,1,0.17887505237013102,cpu
5534584e78a57703,keyword_template_aware,full,2.0,4;15,1,0.18579093739390373,cpu
19be062ad25c5d17,keyword_template_aware,full,2.0,4;15,1,0.21629210095852613,cpu
50e20c8137b4e5f0,keyword_template_aware,full,1.0,15,1,0.22704200819134712,cpu
f46a560cce749097,keyword_template_aware,full,1.0,15,1,0.09466591291129589,cpu
f7fd4d9d0388562f,keyword_template_aware,full,1.0,15,1,0.08170795626938343,cpu
d4cc00924742ed3b,keyword_template_aware,full,1.0,15,1,0.09662494994699955,cpu
7431a3b956252e24,keyword_template_aware,full,1.0,15,1,0.09874999523162842,cpu
f5095d63265d4b88,keyword_template_aware,full,3.0,4;7;15,1,0.10558299254626036,cpu
ef34c09ca3fe4f7d,keyword_template_aware,full,3.0,4;7;15,1,0.0832919031381607,cpu
8ad89062b395855d,keyword_template_aware,full,1.0,15,1,0.10737497359514236,cpu
906a566a03d98997,keyword_template_aware,full,1.0,15,1,0.13745797332376242,cpu
33379a55dcad7f1c,keyword_template_aware,full,2.0,6;15,1,0.11662498582154512,cpu
8f39e53d642422ec,keyword_template_aware,full,2.0,6;15,1,0.15487498603761196,cpu
7156997345281468,keyword_template_aware,full,1.0,15,1,0.10045792441815138,cpu
8994de6554a9acc8,keyword_template_aware,full,1.0,15,1,0.10920793283730745,cpu
65c245678da8812f,keyword_template_aware,full,1.0,15,1,0.146874925121665,cpu
dad0ce715878c8e1,keyword_template_aware,full,1.0,15,1,0.13912504073232412,cpu
07be77362f97ba99,keyword_template_aware,full,1.0,15,1,0.19141705706715584,cpu
b7b106f1a349bafc,keyword_template_aware,full,1.0,15,1,0.17916597425937653,cpu
d9ec17147ef06040,keyword_template_aware,full,1.0,15,1,0.19354198593646288,cpu
973c9aad595f6898,keyword_template_aware,full,1.0,15,1,0.19675004296004772,cpu
96330ec986b3ad42,keyword_template_aware,full,3.0,4;7;15,1,0.20908296573907137,cpu
ed3c9b25250ce0cc,keyword_template_aware,full,3.0,4;7;15,1,0.18524995539337397,cpu
86b568517b0c6cb5,keyword_template_aware,full,1.0,15,1,0.20587502513080835,cpu
4e74fdd85be9cf3b,keyword_template_aware,full,1.0,15,1,0.23583299480378628,cpu
d10cdc6a91559923,keyword_template_aware,full,2.0,6;15,1,0.22404093760997057,cpu
4a6891ad7cc5e462,keyword_template_aware,full,2.0,6;15,1,0.25479099713265896,cpu
133cd19af3f290fc,keyword_template_aware,full,1.0,15,1,0.2072920324280858,cpu
e22c5396c8f68a0a,keyword_template_aware,full,1.0,15,1,0.2130840439349413,cpu
70a7635777c5b280,keyword_template_aware,full,1.0,15,1,0.25695899967104197,cpu
c8c2e88f3469c6e5,keyword_template_aware,full,1.0,15,1,0.2383749233558774,cpu
f857153a02249932,keyword_template_aware,full,1.0,15,1,0.12233306188136339,cpu
7e5ea4105428a849,keyword_template_aware,full,1.0,15,1,0.10862492490559816,cpu
b8a6d8532cb11d7f,keyword_template_aware,full,1.0,15,1,0.12358301319181919,cpu
65ed9d376b9e2af4,keyword_template_aware,full,1.0,15,1,0.12645905371755362,cpu
fb1e4d4c1e62ed49,keyword_template_aware,full,3.0,4;7;15,1,0.15750003512948751,cpu
e078c6c24edaaec4,keyword_template_aware,full,3.0,4;7;15,1,0.10483409278094769,cpu
19354b9df29694c4,keyword_template_aware,full,1.0,15,1,0.148500083014369,cpu
7ebd108c1be8020a,keyword_template_aware,full,1.0,15,1,0.16887509264051914,cpu
0bcd35b5627ac8b4,keyword_template_aware,full,2.0,6;15,1,0.14183297753334045,cpu
94886b35f79bba64,keyword_template_aware,full,2.0,6;15,1,0.17558294348418713,cpu
4cd946d1615a0aeb,keyword_template_aware,full,1.0,15,1,0.12854195665568113,cpu
3ea5184466d7a594,keyword_template_aware,full,1.0,15,1,0.1308330101892352,cpu
9ac4cd4e973137d0,keyword_template_aware,full,1.0,15,1,0.17154193483293056,cpu
b58f9213624f9464,keyword_template_aware,full,1.0,15,1,0.1700000138953328,cpu
91f25d38956f6863,keyword_template_aware,full,2.0,4;15,1,0.11383299715816975,cpu
ba407de7c87cbf27,keyword_template_aware,full,1.0,15,1,0.1127920113503933,cpu
a180c033d65076d5,keyword_template_aware,full,1.0,15,1,0.1354999840259552,cpu
74aee4906bbd93d9,keyword_template_aware,full,1.0,15,1,0.1275839749723673,cpu
110235d89e64f979,keyword_template_aware,full,2.0,7;15,1,0.15645893290638924,cpu
f863997248aef90a,keyword_template_aware,full,2.0,7;15,1,0.12637500185519457,cpu
262e6aa12c4ee609,keyword_template_aware,full,1.0,15,1,0.13049994595348835,cpu
03dbee198f3311c9,keyword_template_aware,full,1.0,15,1,0.17454102635383606,cpu
5358135b55622e3a,keyword_template_aware,full,2.0,6;15,1,0.14525000005960464,cpu
19aa160395df045d,keyword_template_aware,full,2.0,6;15,1,0.1753329997882247,cpu
832d435ba017c6ea,keyword_template_aware,full,2.0,4;15,1,0.128875020891428,cpu
cbfcb26862b07e93,keyword_template_aware,full,1.0,15,1,0.13158307410776615,cpu
7f7c721f184b38ad,keyword_template_aware,full,1.0,15,1,0.16499997582286596,cpu
73176b66709fee85,keyword_template_aware,full,1.0,15,1,0.16083300579339266,cpu
4dec84581cfc5504,keyword_template_aware,full,2.0,4;15,1,0.06737501826137304,cpu
5bfbd48f3422976e,keyword_template_aware,full,2.0,4;15,1,0.07387506775557995,cpu
832e25e2e87900f2,keyword_template_aware,full,1.0,15,1,0.0629170099273324,cpu
0fc61a5b98d1b2a5,keyword_template_aware,full,1.0,15,1,0.06837502587586641,cpu
105ab5d0a543492f,keyword_template_aware,full,1.0,15,1,0.0779579859226942,cpu
5044e4f1410e0f8d,keyword_template_aware,full,1.0,15,1,0.08000002708286047,cpu
45b370cd9af063dc,keyword_template_aware,full,2.0,4;15,1,0.07329205982387066,cpu
8825686d32ce8565,keyword_template_aware,full,2.0,4;15,1,0.07650000043213367,cpu
a5accd3c66938c53,keyword_template_aware,full,2.0,7;15,1,0.0980000477284193,cpu
52d2f5719a34cc1d,keyword_template_aware,full,2.0,7;15,1,0.1028749393299222,cpu
25283cd0c21d7507,keyword_template_aware,full,2.0,7;15,1,0.07341592572629452,cpu
006a63a5ef076e75,keyword_template_aware,full,2.0,7;15,1,0.08141598664224148,cpu
92170b03385f566a,keyword_template_aware,full,2.0,4;15,1,0.07845798972994089,cpu
50632da68b1bc4f6,keyword_template_aware,full,2.0,4;15,1,0.08841708768159151,cpu
631ca6034277dffc,keyword_template_aware,full,2.0,4;15,1,0.10233290959149599,cpu
8e6508fe9e0a729e,keyword_template_aware,full,2.0,4;15,1,0.11012505274266005,cpu
26c0039086eca8f5,keyword_template_aware,full,3.0,4;6;15,1,0.08962501306086779,cpu
3cadd33976fce41d,keyword_template_aware,full,3.0,4;6;15,1,0.08949998300522566,cpu
82ca8cf351d00de6,keyword_template_aware,full,3.0,4;6;15,1,0.11858402285724878,cpu
0c5d07b8581f1fb1,keyword_template_aware,full,3.0,4;6;15,1,0.12229103595018387,cpu
ddae8f2d929eb937,keyword_template_aware,full,2.0,4;15,1,0.07562502287328243,cpu
9129cc8463a5246f,keyword_template_aware,full,2.0,4;15,1,0.08341600187122822,cpu
a7d619feec4110a3,keyword_template_aware,full,2.0,4;15,1,0.08545909076929092,cpu
2591093e1b5a343c,keyword_template_aware,full,2.0,4;15,1,0.0891250092536211,cpu
7112778fef3815d6,keyword_template_aware,full,2.0,4;15,1,0.11445896234363317,cpu
4e58c14a2aaf0861,keyword_template_aware,full,2.0,4;15,1,0.11520797852426767,cpu
21152061b3bac7ed,keyword_template_aware,full,1.0,15,1,0.13045896776020527,cpu
0e2e8a42f0c354a5,keyword_template_aware,full,1.0,15,1,0.12766593135893345,cpu
eba1fd89420018fd,keyword_template_aware,full,1.0,15,1,0.39016606751829386,cpu
e9ff58eefce3e0cc,keyword_template_aware,full,1.0,15,1,0.4527500132098794,cpu
d0291e9412d7b3fd,keyword_template_aware,full,1.0,15,1,0.4254579544067383,cpu
5f61d4150e391cfc,keyword_template_aware,full,1.0,15,1,0.4010420525446534,cpu
4b69bedb5f656c06,keyword_template_aware,full,3.0,4;7;15,1,0.41745894122868776,cpu
0f0bbc00070efb82,keyword_template_aware,full,3.0,4;7;15,1,0.3796670353040099,cpu
1aa60d8c47fbc298,keyword_template_aware,full,1.0,15,1,0.4098339704796672,cpu
bd7a43a4d7c604e3,keyword_template_aware,full,1.0,15,1,0.4309159703552723,cpu
b73e31b624dcc72c,keyword_template_aware,full,2.0,6;15,1,0.40908309165388346,cpu
98685815c66d170b,keyword_template_aware,full,2.0,6;15,1,0.49299991223961115,cpu
832c8212f6df012a,keyword_template_aware,full,1.0,15,1,0.4006249364465475,cpu
f4c0d74a11349025,keyword_template_aware,full,1.0,15,1,0.3997919848188758,cpu
0f2a53b141a0a02a,keyword_template_aware,full,1.0,15,1,0.43004099279642105,cpu
5ef146a325facd72,keyword_template_aware,full,1.0,15,1,0.4355830606073141,cpu
da15707230ab9037,keyword_template_aware,full,2.0,7;15,1,0.12070906814187765,cpu
b612d53c1280ba3d,keyword_template_aware,full,2.0,7;15,1,0.0991669949144125,cpu
0f5c9b8cbc64dffe,keyword_template_aware,full,2.0,7;15,1,0.11383299715816975,cpu
f36f84d35c8080b3,keyword_template_aware,full,2.0,7;15,1,0.1253749942407012,cpu
b3f0c2b9cc72e498,keyword_template_aware,full,3.0,4;7;15,1,0.13804191257804632,cpu
7499e4912f06104e,keyword_template_aware,full,3.0,4;7;15,1,0.10583293624222279,cpu
4b1d7b533e09e186,keyword_template_aware,full,2.0,7;15,1,0.12933299876749516,cpu
12cefcf504b3cf30,keyword_template_aware,full,2.0,7;15,1,0.149125000461936,cpu
f95d61692c123c9c,keyword_template_aware,full,3.0,6;7;15,1,0.1526250271126628,cpu
0b86d057cb936cd6,keyword_template_aware,full,3.0,6;7;15,1,0.24095806293189526,cpu
5f88f40f250f6e66,keyword_template_aware,full,2.0,7;15,1,0.12129207607358694,cpu
a0521534511528a9,keyword_template_aware,full,2.0,7;15,1,0.12866698671132326,cpu
4db1e04ae6a5f2dc,keyword_template_aware,full,2.0,7;15,1,0.16195897478610277,cpu
6489cab937e8b5b6,keyword_template_aware,full,2.0,7;15,1,0.1543750986456871,cpu
e417a0cfc8cef25e,keyword_template_aware,full,1.0,15,1,0.24395796936005354,cpu
9f1964a07ab20e88,keyword_template_aware,full,1.0,15,1,0.2294579753652215,cpu
ef85b9ffd09d5ecb,keyword_template_aware,full,1.0,15,1,0.25275000371038914,cpu
6e60cb11951f79e3,keyword_template_aware,full,1.0,15,1,0.2448330633342266,cpu
a4afda5f51140488,keyword_template_aware,full,3.0,4;7;15,1,0.2547500189393759,cpu
dce3111c5f671b7f,keyword_template_aware,full,3.0,4;7;15,1,0.23229094222187996,cpu
ddbaa23c82db6309,keyword_template_aware,full,1.0,15,1,0.2626660279929638,cpu
b50c61b120419d78,keyword_template_aware,full,1.0,15,1,0.2816249616444111,cpu
b6d71c4655b1bd5f,keyword_template_aware,full,2.0,6;15,1,0.2619170118123293,cpu
e203efbc3b3abfc9,keyword_template_aware,full,2.0,6;15,1,0.2987920306622982,cpu
8c470799a6475b82,keyword_template_aware,full,1.0,15,1,0.25283393915742636,cpu
80dface086257d14,keyword_template_aware,full,1.0,15,1,0.2596670528873801,cpu
3a790ab05b9801b5,keyword_template_aware,full,1.0,15,1,0.30066596809774637,cpu
d4e7126dfac560a9,keyword_template_aware,full,1.0,15,1,0.291000003926456,cpu
859886d83369f75c,keyword_template_aware,full,3.0,4;7;15,1,0.1710830256342888,cpu
14aea70100993541,keyword_template_aware,full,2.0,7;15,1,0.15720794908702374,cpu
ee5e29a61142f166,keyword_template_aware,full,2.0,7;15,1,0.17487502191215754,cpu
98611d506386c775,keyword_template_aware,full,3.0,4;7;15,1,0.16570906154811382,cpu
1b428e5e9ec74027,keyword_template_aware,full,2.0,7;15,1,0.21304201800376177,cpu
e34aa8d2ba089bd3,keyword_template_aware,full,2.0,7;15,1,0.1722089946269989,cpu
dafb987bd9da827b,keyword_template_aware,full,3.0,4;7;15,1,0.174041953869164,cpu
7eada8395d107380,keyword_template_aware,full,3.0,4;7;15,1,0.1912500010803342,cpu
4550a9b07df06714,keyword_template_aware,full,4.0,4;6;7;15,1,0.17574999947100878,cpu
4e2e35dcd22e6258,keyword_template_aware,full,4.0,4;6;7;15,1,0.20262505859136581,cpu
79229627eb1bf2e0,keyword_template_aware,full,3.0,4;7;15,1,0.16508391126990318,cpu
cd3ac52700ad17ff,keyword_template_aware,full,3.0,4;7;15,1,0.17083296552300453,cpu
8aebb307ade4f48c,keyword_template_aware,full,3.0,4;7;15,1,0.1966669224202633,cpu
93bc33e4509ff56d,keyword_template_aware,full,2.0,7;15,1,0.26300002355128527,cpu
5ef601a23d78bb20,keyword_template_aware,full,2.0,7;15,1,0.4084591055288911,cpu
39bcb2e702821cbd,keyword_template_aware,full,2.0,7;15,1,0.38300000596791506,cpu
9a10598700f5b4a3,keyword_template_aware,full,2.0,7;15,1,0.4215420922264457,cpu
9e6a6c3a2b09e85c,keyword_template_aware,full,2.0,7;15,1,0.42095896787941456,cpu
8a48761711aa0b2c,keyword_template_aware,full,3.0,4;7;15,1,0.4480000352486968,cpu
4f20c44d2bc034b6,keyword_template_aware,full,3.0,4;7;15,1,0.4510000580921769,cpu
4a60375cb65ad609,keyword_template_aware,full,2.0,7;15,1,0.4035000456497073,cpu
0f358020349399ac,keyword_template_aware,full,2.0,7;15,1,0.45541604049503803,cpu
f17f2ee2b01e9995,keyword_template_aware,full,3.0,6;7;15,1,0.4177920054644346,cpu
30859d48f81816a3,keyword_template_aware,full,3.0,6;7;15,1,0.48395805060863495,cpu
aae948e0fc077a05,keyword_template_aware,full,2.0,7;15,1,0.39837497752159834,cpu
68852ccecd4381dc,keyword_template_aware,full,2.0,7;15,1,0.4051250871270895,cpu
9fa16068292a26dd,keyword_template_aware,full,2.0,7;15,1,0.48095802776515484,cpu
bfe1a830081e6113,keyword_template_aware,full,2.0,7;15,1,0.4605409922078252,cpu
d59026be5724148e,keyword_template_aware,full,2.0,4;15,1,3.7808329798281193,cpu
369720b8623e3923,keyword_template_aware,full,2.0,4;15,1,4.159084055572748,cpu
a2eb36f7d789e6e5,keyword_template_aware,full,2.0,4;15,1,4.1805419605225325,cpu
df5376a0a3b70a36,keyword_template_aware,full,2.0,4;15,1,3.8197500398382545,cpu
e1fbc6e998f9e3f3,keyword_template_aware,full,3.0,4;7;15,1,3.895499976351857,cpu
e406d7c1e7daf5d2,keyword_template_aware,full,3.0,4;7;15,1,3.741708933375776,cpu
35178f246c1d364b,keyword_template_aware,full,2.0,4;15,1,3.783582942560315,cpu
02b0bcbc1192d40b,keyword_template_aware,full,2.0,4;15,1,3.872166038490832,cpu
8f6a4066c237c39e,keyword_template_aware,full,3.0,4;6;15,1,3.485957975499332,cpu
39f8157a91334b08,keyword_template_aware,full,3.0,4;6;15,1,3.685625037178397,cpu
bea118358ea5a559,keyword_template_aware,full,2.0,4;15,1,3.6455829394981265,cpu
02680b0990770498,keyword_template_aware,full,2.0,4;15,1,3.7939579924568534,cpu
52140d7c88feb98d,keyword_template_aware,full,2.0,4;15,1,3.8554579950869083,cpu
f162585239b4e719,keyword_template_aware,full,2.0,4;15,1,4.271166981197894,cpu
15a8e20b962b9d7c,keyword_template_aware,full,2.0,4;15,1,0.21166692022234201,cpu
1af63290b9989ecf,keyword_template_aware,full,1.0,15,1,0.20995899103581905,cpu
40ea981bb7562f0b,keyword_template_aware,full,1.0,15,1,0.2162500750273466,cpu
dc88ec38ec6eec28,keyword_template_aware,full,2.0,4;15,1,0.22170809097588062,cpu
0bb5e3772a051774,keyword_template_aware,full,2.0,7;15,1,0.3052920801565051,cpu
747470bcf23b0473,keyword_template_aware,full,2.0,7;15,1,0.25754107628017664,cpu
1fd8697d7ce63be3,keyword_template_aware,full,2.0,4;15,1,0.22287503816187382,cpu
528f0f8a8916bd6d,keyword_template_aware,full,2.0,4;15,1,0.2467079320922494,cpu
009fd0b2c791b420,keyword_template_aware,full,3.0,4;6;15,1,0.2294579753652215,cpu
87aad06d57480fe8,keyword_template_aware,full,3.0,4;6;15,1,0.2574160462245345,cpu
630d84997974aa9f,keyword_template_aware,full,2.0,4;15,1,0.21608301904052496,cpu
15006e714e2ab3c7,keyword_template_aware,full,2.0,4;15,1,0.22291706409305334,cpu
e7835e91b9a31e17,keyword_template_aware,full,2.0,4;15,1,0.2510839840397239,cpu
a437db6744f0bc56,keyword_template_aware,full,1.0,15,1,0.2662499900907278,cpu
b71e72376566535b,keyword_template_aware,full,2.0,4;15,1,0.6026249611750245,cpu
89badca6881596a2,keyword_template_aware,full,1.0,15,1,0.5914589855819941,cpu
2677700993c1a5a0,keyword_template_aware,full,1.0,15,1,0.598583952523768,cpu
92289518b13bd922,keyword_template_aware,full,2.0,4;15,1,0.5952080246061087,cpu
8f6dd5fe2a039a0b,keyword_template_aware,full,2.0,7;15,1,0.6203330121934414,cpu
9b255c1e6b5903b8,keyword_template_aware,full,2.0,7;15,1,0.6174170412123203,cpu
539e0ea53eb2c9df,keyword_template_aware,full,2.0,4;15,1,0.6518330192193389,cpu
87faa40ca3e9a934,keyword_template_aware,full,2.0,4;15,1,0.6281249225139618,cpu
6aa8d0eeb474667d,keyword_template_aware,full,3.0,4;6;15,1,0.6111670518293977,cpu
9267b148d4dfa041,keyword_template_aware,full,3.0,4;6;15,1,0.6558750756084919,cpu
a0fcae1c162f4e91,keyword_template_aware,full,2.0,4;15,1,0.597915961407125,cpu
b3641457266cc3f4,keyword_template_aware,full,2.0,4;15,1,0.6053330143913627,cpu
e3af77510ff10a99,keyword_template_aware,full,2.0,4;15,1,0.6951660616323352,cpu
d4cca05d052fb422,keyword_template_aware,full,1.0,15,1,0.6935000419616699,cpu
8284a70b3fde048b,keyword_template_aware,full,1.0,15,1,0.43945806100964546,cpu
2742018ae2207966,keyword_template_aware,full,1.0,15,1,0.44225004967302084,cpu
f975f10e905be61d,keyword_template_aware,full,1.0,15,1,0.44654100202023983,cpu
cea9598565ee8879,keyword_template_aware,full,1.0,15,1,0.47099997755140066,cpu
bc21506532259de6,keyword_template_aware,full,3.0,4;7;15,1,0.43583300430327654,cpu
afb8620b54283dfb,keyword_template_aware,full,3.0,4;7;15,1,0.41195808444172144,cpu
69ae13767b26a800,keyword_template_aware,full,1.0,15,1,0.4552080063149333,cpu
97ede07bd7cdaf93,keyword_template_aware,full,1.0,15,1,0.472750049084425,cpu
f0ecea582a222777,keyword_template_aware,full,2.0,6;15,1,0.45170902740210295,cpu
4ee451834c0cdb9c,keyword_template_aware,full,2.0,6;15,1,0.48241601325571537,cpu
fda8c29a1d7d74bf,keyword_template_aware,full,1.0,15,1,0.4384589847177267,cpu
9f33a0500343cb2c,keyword_template_aware,full,1.0,15,1,0.4296669503673911,cpu
aa1588c8fa3c4f65,keyword_template_aware,full,1.0,15,1,0.48987497575581074,cpu
48d175c8c15c9792,keyword_template_aware,full,1.0,15,1,0.5550840869545937,cpu
109b17c5c2459737,keyword_template_aware,full,1.0,15,1,0.31712499912828207,cpu
3ec61e3102a06ced,keyword_template_aware,full,1.0,15,1,0.2911250339820981,cpu
d48f0e933a2ecd95,keyword_template_aware,full,1.0,15,1,0.316707999445498,cpu
1f2f60488fa5cdf0,keyword_template_aware,full,1.0,15,1,0.3144169459119439,cpu
74f83f35059f936f,keyword_template_aware,full,3.0,4;7;15,1,0.31649996526539326,cpu
70aec10a3da08556,keyword_template_aware,full,3.0,4;7;15,1,0.2934170188382268,cpu
8c66e5d11b0e221b,keyword_template_aware,full,1.0,15,1,0.3224170068278909,cpu
197913aedd549d69,keyword_template_aware,full,1.0,15,1,0.40079199243336916,cpu
b8bb9ae4f6375870,keyword_template_aware,full,2.0,6;15,1,0.5684579955413938,cpu
47f160e18bc4cf77,keyword_template_aware,full,2.0,6;15,1,0.3830420318990946,cpu
64341072e32643a8,keyword_template_aware,full,1.0,15,1,0.3056249115616083,cpu
737bcdc03e57f373,keyword_template_aware,full,1.0,15,1,0.3148330142721534,cpu
82150618840c183d,keyword_template_aware,full,1.0,15,1,0.3424999304115772,cpu
2bc9ee758c87340e,keyword_template_aware,full,1.0,15,1,0.364125007763505,cpu
e6f915d847a772d3,keyword_template_aware,full,2.0,4;15,1,0.6152089918032289,cpu
54ab4f16b8c7fe67,keyword_template_aware,full,1.0,15,1,0.6049580406397581,cpu
5544cface3830208,keyword_template_aware,full,1.0,15,1,0.6304999114945531,cpu
2efd8f7522ab4655,keyword_template_aware,full,2.0,4;15,1,0.6092499243095517,cpu
8d8a402e69890717,keyword_template_aware,full,2.0,7;15,1,0.674624927341938,cpu
ebab04937ed7e7c5,keyword_template_aware,full,2.0,7;15,1,0.6423749728128314,cpu
dcb7b62de6cba052,keyword_template_aware,full,2.0,4;15,1,0.6250839214771986,cpu
876c2e351688991c,keyword_template_aware,full,2.0,4;15,1,0.6494589615613222,cpu
960c547820956108,keyword_template_aware,full,3.0,4;6;15,1,0.6198339397087693,cpu
1195cc1a84d0a4a6,keyword_template_aware,full,3.0,4;6;15,1,0.6767499726265669,cpu
856d4455bf75307a,keyword_template_aware,full,2.0,4;15,1,0.6408329354599118,cpu
a4fe19f63976ccd1,keyword_template_aware,full,2.0,4;15,1,0.6320829270407557,cpu
2b6488a43a420459,keyword_template_aware,full,2.0,4;15,1,0.7015410810709,cpu
7d4c3024e8f7b651,keyword_template_aware,full,1.0,15,1,0.6644170498475432,cpu
caeccdd0808d09d5,keyword_template_aware,full,1.0,15,1,0.2246249932795763,cpu
72bf39f280b646bf,keyword_template_aware,full,1.0,15,1,0.19741698633879423,cpu
ff0ff214d4a9b069,keyword_template_aware,full,1.0,15,1,0.20837504416704178,cpu
3d868a70d80f3a8a,keyword_template_aware,full,1.0,15,1,0.222250004298985,cpu
5c6c5b879134c0f7,keyword_template_aware,full,3.0,4;7;15,1,0.23520796094089746,cpu
5be3f86151c90ea2,keyword_template_aware,full,3.0,4;7;15,1,0.23324997164309025,cpu
0a581134b20b5de0,keyword_template_aware,full,1.0,15,1,0.23620808497071266,cpu
51fb3b529ed0728c,keyword_template_aware,full,1.0,15,1,0.2663329942151904,cpu
76235534deba6dae,keyword_template_aware,full,2.0,6;15,1,0.24183408822864294,cpu
1cd4baaaca5e355e,keyword_template_aware,full,2.0,6;15,1,0.2662079641595483,cpu
a22135eafeb1b792,keyword_template_aware,full,1.0,15,1,0.2109999768435955,cpu
5fa499640c02132d,keyword_template_aware,full,1.0,15,1,0.21624995861202478,cpu
0e156ffadbb8ad6e,keyword_template_aware,full,1.0,15,1,0.25954097509384155,cpu
05e9c0fd72134d1b,keyword_template_aware,full,1.0,15,1,0.25041692424565554,cpu
37e2a8c836253720,keyword_template_aware,full,2.0,4;15,1,0.2097500255331397,cpu
6b351eb962e01768,keyword_template_aware,full,2.0,4;15,1,0.19445898942649364,cpu
c53bc5078a7aff1a,keyword_template_aware,full,2.0,4;15,1,0.20895805209875107,cpu
64d70941d61c4e7c,keyword_template_aware,full,2.0,4;15,1,0.2103749429807067,cpu
c287284087417fa4,keyword_template_aware,full,3.0,4;7;15,1,0.2007919829338789,cpu
a7a85f3dde0d67a9,keyword_template_aware,full,3.0,4;7;15,1,0.18041697330772877,cpu
d533b83d04d9296b,keyword_template_aware,full,2.0,4;15,1,0.2180000301450491,cpu
0aa53b0d78967373,keyword_template_aware,full,2.0,4;15,1,0.24441699497401714,cpu
ebcf7f1252f201db,keyword_template_aware,full,3.0,4;6;15,1,0.22254197392612696,cpu
8829305ad970b98c,keyword_template_aware,full,3.0,4;6;15,1,0.2543749287724495,cpu
3fdf47542771d419,keyword_template_aware,full,2.0,4;15,1,0.2131670480594039,cpu
250c962406547c5d,keyword_template_aware,full,2.0,4;15,1,0.22095802705734968,cpu
0ff7f1df36fa6c10,keyword_template_aware,full,2.0,4;15,1,0.2555419923737645,cpu
71a18cbe1424a9ab,keyword_template_aware,full,2.0,4;15,1,0.2728330437093973,cpu
5dc6313ab58a02cd,keyword_template_aware,full,3.0,4;7;15,1,0.23120897822082043,cpu
2f7d9c9c6c0c6685,keyword_template_aware,full,3.0,4;7;15,1,0.18316693603992462,cpu
aee55f924654b466,keyword_template_aware,full,4.0,0;4;10;11,1,0.07545796688646078,cpu
8ddc52c9c4176831,keyword_template_aware,full,3.0,0;10;11,1,0.06904196925461292,cpu
2c6eadc84bcb4089,keyword_template_aware,full,3.0,0;10;11,1,0.08099991828203201,cpu
54ed18567edbf84a,keyword_template_aware,full,3.0,0;10;11,1,0.08270901162177324,cpu
d05484e36bf4fdaf,keyword_template_aware,full,4.0,0;7;10;11,1,0.0967920059338212,cpu
2b9b358ff293cf5b,keyword_template_aware,full,4.0,0;7;10;11,1,0.07612502668052912,cpu
09c3142bd450966b,keyword_template_aware,full,4.0,0;4;10;11,1,0.08124997839331627,cpu
32285edfbf315785,keyword_template_aware,full,3.0,0;10;11,1,0.11233403347432613,cpu
e2857474f4570f74,keyword_template_aware,full,5.0,0;4;6;10;11,1,0.08716701995581388,cpu
9b4f5b9b6afd7a8f,keyword_template_aware,full,5.0,0;4;6;10;11,1,0.10987499263137579,cpu
c172fa6fe98df637,keyword_template_aware,full,4.0,0;4;10;11,1,0.07675006054341793,cpu
5fabc3045557ba0d,keyword_template_aware,full,3.0,0;10;11,1,0.09020802099257708,cpu
67e203e88a3b9404,keyword_template_aware,full,3.0,0;10;11,1,0.11887506116181612,cpu
36e5b022e6ce0235,keyword_template_aware,full,3.0,0;10;11,1,0.11641602031886578,cpu
70aded97a5bb81f6,keyword_template_aware,full,3.0,0;10;11,1,0.16554095782339573,cpu
402d168be12b1775,keyword_template_aware,full,3.0,0;10;11,1,0.1544170081615448,cpu
b4904cd6f4fa4314,keyword_template_aware,full,3.0,0;10;11,1,0.16695901285856962,cpu
8c3248240d9a6a62,keyword_template_aware,full,4.0,0;4;10;11,1,0.16299996059387922,cpu
3b883a896ff7863e,keyword_template_aware,full,5.0,0;4;7;10;11,1,0.17495802603662014,cpu
c512979828583d00,keyword_template_aware,full,5.0,0;4;7;10;11,1,0.16962504014372826,cpu
96132003013ffb73,keyword_template_aware,full,3.0,0;10;11,1,0.19408308435231447,cpu
dff6f65a8b74b8a8,keyword_template_aware,full,3.0,0;10;11,1,0.21995790302753448,cpu
625ff71bd33632cc,keyword_template_aware,full,4.0,0;6;10;11,1,0.21474994719028473,cpu
9275a9151be4410d,keyword_template_aware,full,4.0,0;6;10;11,1,0.23558398243039846,cpu
fa2d3df9b683d5b7,keyword_template_aware,full,3.0,0;10;11,1,0.1884580124169588,cpu
e46ab3caadadea7c,keyword_template_aware,full,3.0,0;10;11,1,0.19766599871218204,cpu
df62c6a4b5b3d63e,keyword_template_aware,full,3.0,0;10;11,1,0.29087497387081385,cpu
28efab7cb89d6048,keyword_template_aware,full,3.0,0;10;11,1,0.24758395738899708,cpu
3f03b09d7182eeba,keyword_template_aware,full,4.0,0;4;10;11,1,0.08458294905722141,cpu
a76b36e01ba300b3,keyword_template_aware,full,3.0,0;10;11,1,0.08224998600780964,cpu
c6b6a5056d98ee8d,keyword_template_aware,full,3.0,0;10;11,1,0.09012490045279264,cpu
91a56c3955d2959e,keyword_template_aware,full,3.0,0;10;11,1,0.08820800576359034,cpu
3cf78734e952c211,keyword_template_aware,full,4.0,0;7;10;11,1,0.10033394210040569,cpu
de6cfc0490b9c530,keyword_template_aware,full,4.0,0;7;10;11,1,0.07979199290275574,cpu
14dacee0be8980fa,keyword_template_aware,full,4.0,0;4;10;11,1,0.0837499974295497,cpu
4e604740bdb6b8d9,keyword_template_aware,full,3.0,0;10;11,1,0.11599995195865631,cpu
09d0d8e2cda025f0,keyword_template_aware,full,5.0,0;4;6;10;11,1,0.09108404628932476,cpu
10f344fbf5afafc3,keyword_template_aware,full,5.0,0;4;6;10;11,1,0.11870800517499447,cpu
f025c091b87464e8,keyword_template_aware,full,4.0,0;4;10;11,1,0.07945892866700888,cpu
066cb1fa75f9b89d,keyword_template_aware,full,3.0,0;10;11,1,0.09416695684194565,cpu
fc22da8c1818ebcd,keyword_template_aware,full,3.0,0;10;11,1,0.12358301319181919,cpu
4a6ee100e1952da1,keyword_template_aware,full,3.0,0;10;11,1,0.11895806528627872,cpu
0b00e7318a2a3582,keyword_template_aware,full,3.0,0;10;11,1,0.1763340551406145,cpu
6934878561e1d264,keyword_template_aware,full,3.0,0;10;11,1,0.1646250020712614,cpu
898351977293afe7,keyword_template_aware,full,3.0,0;10;11,1,0.18412491772323847,cpu
bd2dc6db9d8762e2,keyword_template_aware,full,3.0,0;10;11,1,0.17975002992898226,cpu
cf7c18fd7ddfdb3d,keyword_template_aware,full,4.0,0;7;10;11,1,0.19475002773106098,cpu
3295a758cd817226,keyword_template_aware,full,4.0,0;7;10;11,1,0.17454195767641068,cpu
bdddf60811761734,keyword_template_aware,full,3.0,0;10;11,1,0.18562492914497852,cpu
83e7526f609171ba,keyword_template_aware,full,3.0,0;10;11,1,0.2246249932795763,cpu
105de15b7f5f4a4d,keyword_template_aware,full,4.0,0;6;10;11,1,0.20124996080994606,cpu
46de11752e91be8c,keyword_template_aware,full,4.0,0;6;10;11,1,0.22533407900482416,cpu
2bbbb06803184129,keyword_template_aware,full,3.0,0;10;11,1,0.18204108346253633,cpu
276817b112072f7d,keyword_template_aware,full,3.0,0;10;11,1,0.18812506459653378,cpu
6e3e8988423ac07f,keyword_template_aware,full,3.0,0;10;11,1,0.2185420598834753,cpu
ffdd525bc666ff47,keyword_template_aware,full,3.0,0;10;11,1,0.21329207811504602,cpu
1397e256f76f105c,keyword_template_aware,full,3.0,0;10;11,1,0.10308390483260155,cpu
70eae1df742d89ec,keyword_template_aware,full,3.0,0;10;11,1,0.09254203177988529,cpu
803932371f7788da,keyword_template_aware,full,3.0,0;10;11,1,0.10487495455890894,cpu
17698aa835644570,keyword_template_aware,full,3.0,0;10;11,1,0.10787497740238905,cpu
e796bd760216e686,keyword_template_aware,full,4.0,0;7;10;11,1,0.11570809874683619,cpu
dea4d322c87501a0,keyword_template_aware,full,4.0,0;7;10;11,1,0.09620911441743374,cpu
c3d0f630cb74c18d,keyword_template_aware,full,3.0,0;10;11,1,0.11258397717028856,cpu
75ee3a49ce47f961,keyword_template_aware,full,3.0,0;10;11,1,0.13562501408159733,cpu
3d71dea19369c371,keyword_template_aware,full,4.0,0;6;10;11,1,0.12341700494289398,cpu
31fc06a54cb36f5c,keyword_template_aware,full,4.0,0;6;10;11,1,0.15604204963892698,cpu
577098f6a5d0f716,keyword_template_aware,full,3.0,0;10;11,1,0.10850001126527786,cpu
fc24a515475e1eab,keyword_template_aware,full,3.0,0;10;11,1,0.1401669578626752,cpu
110cae5483d0a693,keyword_template_aware,full,3.0,0;10;11,1,0.14470901805907488,cpu
7a63586717b2c039,keyword_template_aware,full,3.0,0;10;11,1,0.14758307952433825,cpu
9b7be1d11c8e366e,keyword_template_aware,full,4.0,0;4;10;11,1,0.10879093315452337,cpu
8cee9cfc77030bf2,keyword_template_aware,full,3.0,0;10;11,1,0.10404200293123722,cpu
d02c572afca6e049,keyword_template_aware,full,3.0,0;10;11,1,0.1152500044554472,cpu
04fbb90e2d010231,keyword_template_aware,full,4.0,0;4;10;11,1,0.11141598224639893,cpu
05e268b0751dab7f,keyword_template_aware,full,4.0,0;7;10;11,1,0.13175001367926598,cpu
17291f4fe4c69dee,keyword_template_aware,full,4.0,0;7;10;11,1,0.12149999383836985,cpu
eb20bbe0e12a08e7,keyword_template_aware,full,4.0,0;4;10;11,1,0.1136659411713481,cpu
8159b660ed401226,keyword_template_aware,full,4.0,0;4;10;11,1,0.13279193080961704,cpu
475eaf91cb228b29,keyword_template_aware,full,5.0,0;4;6;10;11,1,0.12087495997548103,cpu
acb58be00cf6b7da,keyword_template_aware,full,5.0,0;4;6;10;11,1,0.14279200695455074,cpu
239cae966b7150e8,keyword_template_aware,full,4.0,0;4;10;11,1,0.1105000264942646,cpu
1a6b16e901011424,keyword_template_aware,full,4.0,0;4;10;11,1,0.11562509462237358,cpu
954dbf9586cd09f9,keyword_template_aware,full,4.0,0;4;10;11,1,0.13879092875868082,cpu
6723a73fa3a33ca2,keyword_template_aware,full,3.0,0;10;11,1,0.1580000389367342,cpu
7a729e3a0c17a3e8,keyword_template_aware,full,3.0,0;10;11,1,0.06908399518579245,cpu
31fddbdbd079a2bb,keyword_template_aware,full,3.0,0;10;11,1,0.0730000901967287,cpu
f7b6a447f80015a3,keyword_template_aware,full,3.0,0;10;11,1,0.060542020946741104,cpu
497425e7093bc321,keyword_template_aware,full,3.0,0;10;11,1,0.071333022788167,cpu
831af2903e30a56b,keyword_template_aware,full,3.0,0;10;11,1,0.07449998520314693,cpu
1e18b5890a5aa629,keyword_template_aware,full,3.0,0;10;11,1,0.07804203778505325,cpu
d40f04866fd5b40b,keyword_template_aware,full,4.0,0;4;10;11,1,0.07637508679181337,cpu
79b80202ea3a6fa7,keyword_template_aware,full,4.0,0;4;10;11,1,0.07087492849677801,cpu
d416a29562705134,keyword_template_aware,full,5.0,0;4;7;10;11,1,0.08529203478246927,cpu
5b6961f9b8cb908c,keyword_template_aware,full,5.0,0;4;7;10;11,1,0.0802499707788229,cpu
48c1ce934f4f9393,keyword_template_aware,full,5.0,0;4;7;10;11,1,0.06183399818837643,cpu
b71ae2ebeadfd2c8,keyword_template_aware,full,5.0,0;4;7;10;11,1,0.06374996155500412,cpu
161f52275e6fdb20,keyword_template_aware,full,3.0,0;10;11,1,0.07941701915115118,cpu
2e38f7f2ec5fb9c5,keyword_template_aware,full,3.0,0;10;11,1,0.08283404167741537,cpu
2d48eacb5e3bb799,keyword_template_aware,full,3.0,0;10;11,1,0.10191602632403374,cpu
6a3ec706ddca0ae0,keyword_template_aware,full,3.0,0;10;11,1,0.1052080187946558,cpu
17cd2732b4b189b6,keyword_template_aware,full,4.0,0;6;10;11,1,0.09524996858090162,cpu
9420b71d77d65d24,keyword_template_aware,full,4.0,0;6;10;11,1,0.0908339861780405,cpu
4954ed878c048fb7,keyword_template_aware,full,4.0,0;6;10;11,1,0.11837505735456944,cpu
02342315f3591cfb,keyword_template_aware,full,4.0,0;6;10;11,1,0.12104201596230268,cpu
7233405a88476fba,keyword_template_aware,full,3.0,0;10;11,1,0.08312496356666088,cpu
d36f2f335b4e3c3b,keyword_template_aware,full,3.0,0;10;11,1,0.07949990686029196,cpu
fd49b09e5eae8665,keyword_template_aware,full,3.0,0;10;11,1,0.08187501225620508,cpu
87ff947306d824ac,keyword_template_aware,full,3.0,0;10;11,1,0.12504193000495434,cpu
fe279b90bcbf673b,keyword_template_aware,full,3.0,0;10;11,1,0.1332910032942891,cpu
7a3c252f3e1f4386,keyword_template_aware,full,3.0,0;10;11,1,0.11379097122699022,cpu
81253039a67ec480,keyword_template_aware,full,3.0,0;10;11,1,0.10675005614757538,cpu
5f56fb5ff57fa6aa,keyword_template_aware,full,3.0,0;10;11,1,0.11691695544868708,cpu
7c89ab3fb7a7b361,keyword_template_aware,full,4.0,0;4;10;11,1,0.37220900412648916,cpu
dc5a187ca0982390,keyword_template_aware,full,3.0,0;10;11,1,0.35574997309595346,cpu
9be88a7613fadea3,keyword_template_aware,full,3.0,0;10;11,1,0.37525000516325235,cpu
6d6f80bb08737a3c,keyword_template_aware,full,3.0,0;10;11,1,0.3741669934242964,cpu
000f768ccf63a324,keyword_template_aware,full,4.0,0;7;10;11,1,0.38354203570634127,cpu
922b4209cd04f1a6,keyword_template_aware,full,4.0,0;7;10;11,1,0.3601659554988146,cpu
e83b7056021629a2,keyword_template_aware,full,3.0,0;10;11,1,0.37287501618266106,cpu
401de3b5e8943a2b,keyword_template_aware,full,3.0,0;10;11,1,0.3981669433414936,cpu
821340364a1595f1,keyword_template_aware,full,4.0,0;6;10;11,1,0.3999589243903756,cpu
07d53ee1094be936,keyword_template_aware,full,4.0,0;6;10;11,1,0.45133393723517656,cpu
0c76fdb166a90468,keyword_template_aware,full,3.0,0;10;11,1,0.37162506487220526,cpu
8e6db1fbb874c905,keyword_template_aware,full,3.0,0;10;11,1,0.40195893961936235,cpu
c769867bc5e3937c,keyword_template_aware,full,3.0,0;10;11,1,0.4124999977648258,cpu
066bbea2deffc52e,keyword_template_aware,full,3.0,0;10;11,1,0.40695792995393276,cpu
e6d4ba130d362810,keyword_template_aware,full,5.0,0;4;7;10;11,1,0.1027500256896019,cpu
7dc3fc01d0d626f6,keyword_template_aware,full,4.0,0;7;10;11,1,0.09720807429403067,cpu
8b58a938d343d7dc,keyword_template_aware,full,4.0,0;7;10;11,1,0.10724994353950024,cpu
b9853b4ba0bd27f5,keyword_template_aware,full,4.0,0;7;10;11,1,0.11283298954367638,cpu
f4cd683b8e6a7e90,keyword_template_aware,full,4.0,0;7;10;11,1,0.12924999464303255,cpu
bb1196518f551722,keyword_template_aware,full,4.0,0;7;10;11,1,0.10950001887977123,cpu
495fefe356b0974f,keyword_template_aware,full,4.0,0;7;10;11,1,0.11687504593282938,cpu
c8acd8ca349c1fec,keyword_template_aware,full,4.0,0;7;10;11,1,0.13516703620553017,cpu
586bc5357960b2d3,keyword_template_aware,full,5.0,0;6;7;10;11,1,0.12154201976954937,cpu
8f2ab1ec3eadbaf9,keyword_template_aware,full,5.0,0;6;7;10;11,1,0.14725001528859138,cpu
508756d7269c8127,keyword_template_aware,full,4.0,0;7;10;11,1,0.11025008279830217,cpu
8253bb31b7210e3f,keyword_template_aware,full,4.0,0;7;10;11,1,0.1157920341938734,cpu
4d99de1d81fa73ea,keyword_template_aware,full,4.0,0;7;10;11,1,0.14241691678762436,cpu
6f2303172b27bd57,keyword_template_aware,full,4.0,0;7;10;11,1,0.13745902106165886,cpu
3f41b6786260f7d5,keyword_template_aware,full,4.0,0;4;10;11,1,0.22479204926639795,cpu
9202668c47fcc73f,keyword_template_aware,full,3.0,0;10;11,1,0.2180000301450491,cpu
2ad0bbb07c4caa6a,keyword_template_aware,full,3.0,0;10;11,1,0.23129198234528303,cpu
56511111134ce9fa,keyword_template_aware,full,3.0,0;10;11,1,0.23233296815305948,cpu
a0c41db61412c493,keyword_template_aware,full,4.0,0;7;10;11,1,0.24620897602289915,cpu
7471a6ad0b2898f7,keyword_template_aware,full,4.0,0;7;10;11,1,0.224041985347867,cpu
f9eb5d62431d29c8,keyword_template_aware,full,3.0,0;10;11,1,0.2342079533264041,cpu
2c37ee735b321e1c,keyword_template_aware,full,3.0,0;10;11,1,0.2573330421000719,cpu
10bad6c8f4488300,keyword_template_aware,full,4.0,0;6;10;11,1,0.24920806754380465,cpu
ab49d0c78d0cc477,keyword_template_aware,full,4.0,0;6;10;11,1,0.3240829100832343,cpu
000571fe8c67ad2e,keyword_template_aware,full,3.0,0;10;11,1,0.2474159700796008,cpu
adb0597da5414b8d,keyword_template_aware,full,3.0,0;10;11,1,0.2631250536069274,cpu
3a9906dd2c405031,keyword_template_aware,full,3.0,0;10;11,1,0.27787499129772186,cpu
286c31869b6e93e2,keyword_template_aware,full,3.0,0;10;11,1,0.28254196513444185,cpu
00ed5a5c2178791b,keyword_template_aware,full,4.0,0;7;10;11,1,0.1704589230939746,cpu
65e52286bfde48bb,keyword_template_aware,full,4.0,0;7;10;11,1,0.1558329677209258,cpu
acd6fc0e216200d3,keyword_template_aware,full,4.0,0;7;10;11,1,0.16900000628083944,cpu
05ae529742cc4280,keyword_template_aware,full,5.0,0;4;7;10;11,1,0.16324990428984165,cpu
2b31e72f8c47fa67,keyword_template_aware,full,5.0,0;4;7;10;11,1,0.17995794769376516,cpu
13b311765623b8e3,keyword_template_aware,full,5.0,0;4;7;10;11,1,0.16195804346352816,cpu
7ac8cae55bc12a3e,keyword_template_aware,full,4.0,0;7;10;11,1,0.18629198893904686,cpu
e42f0900cb834d3a,keyword_template_aware,full,4.0,0;7;10;11,1,0.2282910281792283,cpu
cef0e81aa1330280,keyword_template_aware,full,5.0,0;6;7;10;11,1,0.19533291924744844,cpu
b1af372935ddfac8,keyword_template_aware,full,5.0,0;6;7;10;11,1,0.20962499547749758,cpu
b7ffe40945b9aa9d,keyword_template_aware,full,4.0,0;7;10;11,1,0.18779200036078691,cpu
46452ad9baee7f6b,keyword_template_aware,full,4.0,0;7;10;11,1,0.2087079919874668,cpu
d71451740b40537a,keyword_template_aware,full,4.0,0;7;10;11,1,0.20175008103251457,cpu
a8d4c15183240e27,keyword_template_aware,full,4.0,0;7;10;11,1,0.1876250607892871,cpu
882692997e3be2ed,keyword_template_aware,full,5.0,0;4;7;10;11,1,0.331832910887897,cpu
44d026218fd3ba13,keyword_template_aware,full,4.0,0;7;10;11,1,0.3362920833751559,cpu
8fbfc8519e8285e8,keyword_template_aware,full,4.0,0;7;10;11,1,0.35358406603336334,cpu
6d29e7a357a7d902,keyword_template_aware,full,4.0,0;7;10;11,1,0.35862496588379145,cpu
1306632fd44c7453,keyword_template_aware,full,4.0,0;7;10;11,1,0.4182080738246441,cpu
f807c6c33e267029,keyword_template_aware,full,4.0,0;7;10;11,1,0.35741599276661873,cpu
9cc1dd1106bd3d3a,keyword_template_aware,full,4.0,0;7;10;11,1,0.36149995867162943,cpu
0d4471b5fde6da48,keyword_template_aware,full,4.0,0;7;10;11,1,0.40458294097334146,cpu
0b480db28255b173,keyword_template_aware,full,5.0,0;6;7;10;11,1,0.3825420280918479,cpu
8cab301c03d8bf97,keyword_template_aware,full,5.0,0;6;7;10;11,1,0.4278749693185091,cpu
19a23d1b1ce1ce60,keyword_template_aware,full,4.0,0;7;10;11,1,0.3530000103637576,cpu
f5a5944c176bd270,keyword_template_aware,full,4.0,0;7;10;11,1,0.38016599137336016,cpu
cbba768b5406efe0,keyword_template_aware,full,4.0,0;7;10;11,1,0.4190410254523158,cpu
eae2d4bc7bb83143,keyword_template_aware,full,4.0,0;7;10;11,1,0.41741703171283007,cpu
92f0f778a5ab4ead,keyword_template_aware,full,4.0,0;4;10;11,1,3.8383749779313803,cpu
cc638b26b3386b8e,keyword_template_aware,full,4.0,0;4;10;11,1,3.7875829730182886,cpu
2fc5a2ce2400ff7d,keyword_template_aware,full,4.0,0;4;10;11,1,3.592332941479981,cpu
2df579e9189339d2,keyword_template_aware,full,4.0,0;4;10;11,1,3.4204579424113035,cpu
e4eb07a62f6195e3,keyword_template_aware,full,5.0,0;4;7;10;11,1,2.6865829713642597,cpu
501cdce6122019d3,keyword_template_aware,full,5.0,0;4;7;10;11,1,2.619875012896955,cpu
8e3c2794aacb76fb,keyword_template_aware,full,4.0,0;4;10;11,1,3.5492079332470894,cpu
32a3118b3d6cae5b,keyword_template_aware,full,4.0,0;4;10;11,1,3.700000001117587,cpu
a0c1a790c2ce011a,keyword_template_aware,full,5.0,0;4;6;10;11,1,3.223958075977862,cpu
14c6930e130736ba,keyword_template_aware,full,5.0,0;4;6;10;11,1,3.5011249128729105,cpu
a6a888ea316def57,keyword_template_aware,full,4.0,0;4;10;11,1,3.4637500066310167,cpu
a471e4bd8c2aaa68,keyword_template_aware,full,4.0,0;4;10;11,1,3.5136250080540776,cpu
1c60acba6eeb3bd2,keyword_template_aware,full,4.0,0;4;10;11,1,4.090333008207381,cpu
3de8a56b5bfb2fdc,keyword_template_aware,full,4.0,0;4;10;11,1,3.678375040180981,cpu
ecdd7f531d48dbcc,keyword_template_aware,full,3.0,0;10;11,1,0.21837500389665365,cpu
f263c4dab28ec9d7,keyword_template_aware,full,3.0,0;10;11,1,0.19537494517862797,cpu
e163f0c5802ab070,keyword_template_aware,full,3.0,0;10;11,1,0.20708295051008463,cpu
b5b1dfaf37af7b27,keyword_template_aware,full,3.0,0;10;11,1,0.20816700998693705,cpu
81dbcf1a35e5ac89,keyword_template_aware,full,5.0,0;4;7;10;11,1,0.21483399905264378,cpu
8acb4894f414e89a,keyword_template_aware,full,5.0,0;4;7;10;11,1,0.19225000869482756,cpu
90b2433dfbae951c,keyword_template_aware,full,3.0,0;10;11,1,0.21441595163196325,cpu
62d4a3eceea77b0e,keyword_template_aware,full,3.0,0;10;11,1,0.2381670055910945,cpu
79c2ba704adc50d4,keyword_template_aware,full,4.0,0;6;10;11,1,0.22074999287724495,cpu
4d9b9aa53b86a09f,keyword_template_aware,full,4.0,0;6;10;11,1,0.33716694451868534,cpu
06366924bc7e07eb,keyword_template_aware,full,3.0,0;10;11,1,0.39695901796221733,cpu
30bcd31469dd18fc,keyword_template_aware,full,3.0,0;10;11,1,0.41550002060830593,cpu
bc91cbc0c21b3b86,keyword_template_aware,full,3.0,0;10;11,1,0.4605830181390047,cpu
cb5608854ba5ea02,keyword_template_aware,full,3.0,0;10;11,1,0.44374994467943907,cpu
7b146689ab1b1e8d,keyword_template_aware,full,2.0,0;11,1,0.7791250245645642,cpu
259cc82ca5082dce,keyword_template_aware,full,2.0,0;11,1,0.5694580031558871,cpu
31da1872a3eff702,keyword_template_aware,full,2.0,0;11,1,0.5889999447390437,cpu
a8b2ac0dcaefaedf,keyword_template_aware,full,2.0,0;11,1,0.5870420718565583,cpu
8470266a3f009048,keyword_template_aware,full,4.0,0;4;7;11,1,0.6005419418215752,cpu
50e2e63c6be7ea34,keyword_template_aware,full,4.0,0;4;7;11,1,0.579790910705924,cpu
d8a7f9ad04817f48,keyword_template_aware,full,2.0,0;11,1,0.5871250759810209,cpu
38d396d362bb649d,keyword_template_aware,full,2.0,0;11,1,0.6236250046640635,cpu
e5abdbc9aa7e040f,keyword_template_aware,full,3.0,0;6;11,1,0.6051670061424375,cpu
9c1b06ee028a247b,keyword_template_aware,full,3.0,0;6;11,1,0.6318750092759728,cpu
f8b1ba40513788de,keyword_template_aware,full,2.0,0;11,1,0.592833966948092,cpu
8f018d8f8aa66482,keyword_template_aware,full,2.0,0;11,1,0.614666030742228,cpu
9761de85fa07daab,keyword_template_aware,full,2.0,0;11,1,0.6599579937756062,cpu
92cc5aa863ec8807,keyword_template_aware,full,2.0,0;11,1,0.741290976293385,cpu
1de4eb5c37d9cea4,keyword_template_aware,full,4.0,0;4;10;11,1,0.4794161068275571,cpu
4254b981387e78b9,keyword_template_aware,full,3.0,0;10;11,1,0.47616695519536734,cpu
083534770910caf7,keyword_template_aware,full,3.0,0;10;11,1,0.4704580642282963,cpu
7a872637d77d7265,keyword_template_aware,full,3.0,0;10;11,1,0.46541704796254635,cpu
51b2ad9d4084a134,keyword_template_aware,full,4.0,0;7;10;11,1,0.4712500376626849,cpu
d6ec9cabcc3e9cff,keyword_template_aware,full,4.0,0;7;10;11,1,0.4569169832393527,cpu
4d743bdb0a23ae38,keyword_template_aware,full,4.0,0;4;10;11,1,0.45058305840939283,cpu
43b11c691b2c7c19,keyword_template_aware,full,3.0,0;10;11,1,0.4928751150146127,cpu
aa9370064960cdcb,keyword_template_aware,full,5.0,0;4;6;10;11,1,0.5038749659433961,cpu
59db6ab1d4f77509,keyword_template_aware,full,5.0,0;4;6;10;11,1,0.5477500380948186,cpu
141f53f33e1b455c,keyword_template_aware,full,4.0,0;4;10;11,1,0.4182499833405018,cpu
3b59c606d494c46a,keyword_template_aware,full,3.0,0;10;11,1,0.42033300269395113,cpu
5628c178872eaaf1,keyword_template_aware,full,3.0,0;10;11,1,0.45012496411800385,cpu
c9bb2fde3bf13306,keyword_template_aware,full,3.0,0;10;11,1,0.4467089893296361,cpu
bf2d7bd83c7b22b6,keyword_template_aware,full,4.0,0;4;10;11,1,0.28962502256035805,cpu
345881cbf4ebbe43,keyword_template_aware,full,3.0,0;10;11,1,0.2803750103339553,cpu
2854cfbcab3d3064,keyword_template_aware,full,3.0,0;10;11,1,0.29075006023049355,cpu
853df8d5d4996977,keyword_template_aware,full,3.0,0;10;11,1,0.29341597110033035,cpu
3f50d00ef309bd39,keyword_template_aware,full,4.0,0;7;10;11,1,0.3143330104649067,cpu
8f939b45d681a4f3,keyword_template_aware,full,4.0,0;7;10;11,1,0.2872080076485872,cpu
a9a057433ed7d3f9,keyword_template_aware,full,4.0,0;4;10;11,1,0.29087497387081385,cpu
e87970f03648384d,keyword_template_aware,full,3.0,0;10;11,1,0.3192499279975891,cpu
63f56ef4148f726c,keyword_template_aware,full,5.0,0;4;6;10;11,1,0.3381249262019992,cpu
e6699f540aff60b9,keyword_template_aware,full,5.0,0;4;6;10;11,1,0.4077919293195009,cpu
bf79fc910d092e7d,keyword_template_aware,full,4.0,0;4;10;11,1,0.34374999813735485,cpu
42d736a9d3f03a95,keyword_template_aware,full,3.0,0;10;11,1,0.35154097713530064,cpu
40e19773ca0cd494,keyword_template_aware,full,3.0,0;10;11,1,0.3864169120788574,cpu
c0e28541d0833bd0,keyword_template_aware,full,3.0,0;10;11,1,0.38350000977516174,cpu
e734e5408f42bcdf,keyword_template_aware,full,2.0,0;11,1,0.6949580274522305,cpu
e8408aa2e75075db,keyword_template_aware,full,2.0,0;11,1,0.6813750369474292,cpu
73c3c23e68809606,keyword_template_aware,full,2.0,0;11,1,0.7323749596253037,cpu
43c41c64de472ff2,keyword_template_aware,full,2.0,0;11,1,0.6992080016061664,cpu
ff03d08618d4000b,keyword_template_aware,full,4.0,0;4;7;11,1,0.7051670690998435,cpu
fb9a8e9b40f05aa3,keyword_template_aware,full,3.0,0;4;11,1,0.6784580182284117,cpu
f9a54cd4bd250e2e,keyword_template_aware,full,2.0,0;11,1,0.6916660349816084,cpu
331c8fbfac1eb1b8,keyword_template_aware,full,2.0,0;11,1,0.7237920071929693,cpu
b76e23121d372e0e,keyword_template_aware,full,3.0,0;6;11,1,0.744874938391149,cpu
b6e9507a3ed8713b,keyword_template_aware,full,3.0,0;6;11,1,0.7168329320847988,cpu
2858198903d22169,keyword_template_aware,full,2.0,0;11,1,0.6017079576849937,cpu
4bba431fd7c35cb5,keyword_template_aware,full,2.0,0;11,1,0.6888329517096281,cpu
cb06d0b2dd05b677,keyword_template_aware,full,2.0,0;11,1,0.7446249946951866,cpu
f106cdadfd396b2b,keyword_template_aware,full,2.0,0;11,1,0.7255000527948141,cpu
6455ae807200dbca,keyword_template_aware,full,4.0,0;4;10;11,1,0.2300000051036477,cpu
4b2ced5b0d17faad,keyword_template_aware,full,3.0,0;10;11,1,0.2352920128032565,cpu
20a7bb77da6950f4,keyword_template_aware,full,3.0,0;10;11,1,0.23541704285889864,cpu
edd3ccfa360bf518,keyword_template_aware,full,3.0,0;10;11,1,0.23383297957479954,cpu
b4d3eaaada893b70,keyword_template_aware,full,4.0,0;7;10;11,1,0.251916004344821,cpu
ed52e235202fb0ce,keyword_template_aware,full,4.0,0;7;10;11,1,0.22737495601177216,cpu
280e4a4a19e5adf1,keyword_template_aware,full,4.0,0;4;10;11,1,0.23904105182737112,cpu
be75738be06e9b9d,keyword_template_aware,full,3.0,0;10;11,1,0.282042077742517,cpu
9a7e309d245bc617,keyword_template_aware,full,5.0,0;4;6;10;11,1,0.2464590361341834,cpu
de0b80bea5752a1b,keyword_template_aware,full,5.0,0;4;6;10;11,1,0.2756250323727727,cpu
e05736ccbe2ea653,keyword_template_aware,full,4.0,0;4;10;11,1,0.2279590116813779,cpu
56111bc2505feac2,keyword_template_aware,full,3.0,0;10;11,1,0.24624995421618223,cpu
3572173e912d7d3c,keyword_template_aware,full,3.0,0;10;11,1,0.28304196894168854,cpu
e6da65c1b4b071a4,keyword_template_aware,full,3.0,0;10;11,1,0.2874170895665884,cpu
d2f592ebd0efc7f3,keyword_template_aware,full,4.0,0;4;10;11,1,0.20725000649690628,cpu
b75788de23c8adec,keyword_template_aware,full,4.0,0;4;10;11,1,0.2087499015033245,cpu
825ac7ca83b7296c,keyword_template_aware,full,4.0,0;4;10;11,1,0.21220906637609005,cpu
6e34ca047b4adf59,keyword_template_aware,full,4.0,0;4;10;11,1,0.21562492474913597,cpu
8d4c7aecc8b123de,keyword_template_aware,full,5.0,0;4;7;10;11,1,0.2350409049540758,cpu
723379c4ef75e7b5,keyword_template_aware,full,5.0,0;4;7;10;11,1,0.2013749908655882,cpu
771ab47323228bb2,keyword_template_aware,full,4.0,0;4;10;11,1,0.2102090511471033,cpu
a4d3287fde0a045f,keyword_template_aware,full,4.0,0;4;10;11,1,0.25262509007006884,cpu
bd5a0a9f2eb211e8,keyword_template_aware,full,5.0,0;4;6;10;11,1,0.2077920362353325,cpu
9ed8e4154463a550,keyword_template_aware,full,5.0,0;4;6;10;11,1,0.23104099091142416,cpu
cf829e72a401a2a5,keyword_template_aware,full,4.0,0;4;10;11,1,0.20791601855307817,cpu
06927e9cbeb274d7,keyword_template_aware,full,4.0,0;4;10;11,1,0.22591697052121162,cpu
6370a66684c8a107,keyword_template_aware,full,4.0,0;4;10;11,1,0.2620829036459327,cpu
fc3d1bcdab31bb6e,keyword_template_aware,full,4.0,0;4;10;11,1,0.26545801665633917,cpu
e4543f5bdc1d0095,keyword_template_aware,full,5.0,0;4;7;10;11,1,0.26829203125089407,cpu
1962d2f35b0fe728,keyword_template_aware,full,5.0,0;4;7;10;11,1,0.2103749429807067,cpu
579ac1eeba594acf,keyword_template_aware,full,2.0,4;16,1,0.07737497799098492,cpu
5da425fccef10195,keyword_template_aware,full,1.0,16,1,0.07312500383704901,cpu
4623fd00e3d1132a,keyword_template_aware,full,1.0,16,1,0.08487503509968519,cpu
be0489ed97184d73,keyword_template_aware,full,2.0,4;16,1,0.08004193659871817,cpu
a0647412545b9a8e,keyword_template_aware,full,2.0,7;16,1,0.10941701475530863,cpu
3aa6586481176cf2,keyword_template_aware,full,2.0,7;16,1,0.07974996697157621,cpu
f513f11501ab3486,keyword_template_aware,full,2.0,4;16,1,0.08658296428620815,cpu
c2206ef4829bc3ad,keyword_template_aware,full,1.0,16,1,0.1253749942407012,cpu
f0e837767f440001,keyword_template_aware,full,3.0,4;6;16,1,0.09724998380988836,cpu
fde1e2a2c0abd474,keyword_template_aware,full,3.0,4;6;16,1,0.12983300257474184,cpu
69b130ad8faf26a5,keyword_template_aware,full,2.0,4;16,1,0.08066592272371054,cpu
e8f667ae6ab7e772,keyword_template_aware,full,2.0,4;16,1,0.08808297570794821,cpu
fa6219af0cea20fd,keyword_template_aware,full,2.0,4;16,1,0.11791696306318045,cpu
695ace429e0d8d6c,keyword_template_aware,full,1.0,16,1,0.13116595800966024,cpu
eaf3424570b46b23,keyword_template_aware,full,1.0,16,1,0.18129206728190184,cpu
6a1b9e689a109f39,keyword_template_aware,full,1.0,16,1,0.17004203982651234,cpu
5893d9ddbeb05089,keyword_template_aware,full,1.0,16,1,0.18204108346253633,cpu
8a981ef0e4d0d242,keyword_template_aware,full,2.0,4;16,1,0.18058298155665398,cpu
c35399bc94efee5d,keyword_template_aware,full,3.0,4;7;16,1,0.1960000954568386,cpu
c3008acd618d58fc,keyword_template_aware,full,3.0,4;7;16,1,0.16362499445676804,cpu
6f635d43cd2addd9,keyword_template_aware,full,1.0,16,1,0.17879193183034658,cpu
9f93b51daaf32fd5,keyword_template_aware,full,1.0,16,1,0.21133397240191698,cpu
23bdca4a2d7f36e2,keyword_template_aware,full,2.0,6;16,1,0.18900004215538502,cpu
8a8c88bbffa77eaa,keyword_template_aware,full,2.0,6;16,1,0.2341249492019415,cpu
15ee93254d71ec03,keyword_template_aware,full,1.0,16,1,0.17224997282028198,cpu
972234d5269908c0,keyword_template_aware,full,1.0,16,1,0.19329204224050045,cpu
529ef3b9db5e5bf2,keyword_template_aware,full,1.0,16,1,0.21529197692871094,cpu
3628157a7443ff44,keyword_template_aware,full,1.0,16,1,0.20841695368289948,cpu
ac4bf0f1ecc20e4f,keyword_template_aware,full,2.0,4;16,1,0.0754999928176403,cpu
1dd32c127e49c42e,keyword_template_aware,full,1.0,16,1,0.0706670107319951,cpu
3a71274921ce79ad,keyword_template_aware,full,1.0,16,1,0.08933397475630045,cpu
a5b9ed9f1083d87d,keyword_template_aware,full,2.0,4;16,1,0.0849999487400055,cpu
5c8bfdc1954a67ee,keyword_template_aware,full,2.0,7;16,1,0.10341708548367023,cpu
3e8f8325ff821ce8,keyword_template_aware,full,2.0,7;16,1,0.08245906792581081,cpu
ed5c608d5263acd2,keyword_template_aware,full,2.0,4;16,1,0.08625001646578312,cpu
afb7d7523c8e669f,keyword_template_aware,full,1.0,16,1,0.12066599447280169,cpu
9574fe34112e900a,keyword_template_aware,full,3.0,4;6;16,1,0.09120895992964506,cpu
9d26ff4918db826c,keyword_template_aware,full,3.0,4;6;16,1,0.12154108844697475,cpu
9842aea8fc7a0ab7,keyword_template_aware,full,2.0,4;16,1,0.07904204539954662,cpu
5b57c54889805fa5,keyword_template_aware,full,2.0,4;16,1,0.08537492249161005,cpu
53d2de25c0c04419,keyword_template_aware,full,2.0,4;16,1,0.11333299335092306,cpu
a5f921b8fb7edc18,keyword_template_aware,full,1.0,16,1,0.1255829120054841,cpu
03b62d5ad58b2fa0,keyword_template_aware,full,2.0,4;16,1,0.20058301743119955,cpu
ff32addcc0a2f5a1,keyword_template_aware,full,1.0,16,1,0.17870892770588398,cpu
723e031517945750,keyword_template_aware,full,1.0,16,1,0.18562492914497852,cpu
28e13769d09404a5,keyword_template_aware,full,1.0,16,1,0.1895000459626317,cpu
fab9088f0105bc78,keyword_template_aware,full,2.0,7;16,1,0.20933395717293024,cpu
dfe9af0e47a40070,keyword_template_aware,full,2.0,7;16,1,0.18383399583399296,cpu
02c1047ddfb95dbd,keyword_template_aware,full,1.0,16,1,0.19687495660036802,cpu
34a77f4eb3c8cbb5,keyword_template_aware,full,1.0,16,1,0.22912502754479647,cpu
338cfe9c88fcf9d7,keyword_template_aware,full,2.0,6;16,1,0.20841602236032486,cpu
1626d5fcc256b6bf,keyword_template_aware,full,2.0,6;16,1,0.24670804850757122,cpu
f3bf05146453d6fb,keyword_template_aware,full,2.0,4;16,1,0.18387497402727604,cpu
9b9dfe4849d42353,keyword_template_aware,full,1.0,16,1,0.20100001711398363,cpu
81b94cdc14b10df7,keyword_template_aware,full,1.0,16,1,0.23924990091472864,cpu
2560b3ca1dc06dea,keyword_template_aware,full,1.0,16,1,0.23016601335257292,cpu
4c281627082ed931,keyword_template_aware,full,2.0,4;16,1,0.10016700252890587,cpu
3363f411d71aebb6,keyword_template_aware,full,1.0,16,1,0.10104198008775711,cpu
cff015f83bf5bc24,keyword_template_aware,full,1.0,16,1,0.11270900722593069,cpu
610e37e39a345e64,keyword_template_aware,full,1.0,16,1,0.11795794125646353,cpu
cf225173182a2ac2,keyword_template_aware,full,2.0,7;16,1,0.1299170544371009,cpu
cbd7388b20f7f0a6,keyword_template_aware,full,2.0,7;16,1,0.10395795106887817,cpu
e824e9a4aaf94f6b,keyword_template_aware,full,1.0,16,1,0.12358301319181919,cpu
a62ab63550a6c3c3,keyword_template_aware,full,1.0,16,1,0.1521669328212738,cpu
da146356eb89bbfe,keyword_template_aware,full,2.0,6;16,1,0.12958294246345758,cpu
b194c1ce681beb95,keyword_template_aware,full,2.0,6;16,1,0.16554200556129217,cpu
4b96dfb1ef5d2dd4,keyword_template_aware,full,2.0,4;16,1,0.1040829811245203,cpu
0b04707ec49f1924,keyword_template_aware,full,1.0,16,1,0.1247089821845293,cpu
8f2ee2d2fcf87aa3,keyword_template_aware,full,1.0,16,1,0.15941692981868982,cpu
b398fa144771cc5e,keyword_template_aware,full,1.0,16,1,0.1621660776436329,cpu
88943f4bc242c2f9,keyword_template_aware,full,1.0,16,1,0.11779193300753832,cpu
cdc15b83bdeab1a3,keyword_template_aware,full,1.0,16,1,0.10487495455890894,cpu
fdce6f834724f0fc,keyword_template_aware,full,1.0,16,1,0.11970801278948784,cpu
df5cf9d1aa457c64,keyword_template_aware,full,2.0,4;16,1,0.11566700413823128,cpu
ccd473d7a44c4515,keyword_template_aware,full,3.0,4;7;16,1,0.13037503231316805,cpu
65306f9c69720dad,keyword_template_aware,full,3.0,4;7;16,1,0.11204194743186235,cpu
9fbae01e0ac1975f,keyword_template_aware,full,1.0,16,1,0.14583300799131393,cpu
a161325b2802c1ef,keyword_template_aware,full,1.0,16,1,0.1580000389367342,cpu
38625485809441fa,keyword_template_aware,full,2.0,6;16,1,0.14620809815824032,cpu
677067f82a6399cf,keyword_template_aware,full,2.0,6;16,1,0.18337497022002935,cpu
998d1098ea5b978e,keyword_template_aware,full,1.0,16,1,0.12479198630899191,cpu
db9205c0152c6329,keyword_template_aware,full,1.0,16,1,0.1324170734733343,cpu
40c2f50cfa5c92b5,keyword_template_aware,full,1.0,16,1,0.1663749571889639,cpu
8682e1440f6ea5ee,keyword_template_aware,full,1.0,16,1,0.16066606622189283,cpu
ffc26ac8dc6aba86,keyword_template_aware,full,1.0,16,1,0.07062498480081558,cpu
be9930c59f605d88,keyword_template_aware,full,1.0,16,1,0.07641606498509645,cpu
657a690f25ce7231,keyword_template_aware,full,1.0,16,1,0.05904200952500105,cpu
2ae0bc4c253559fa,keyword_template_aware,full,1.0,16,1,0.06483308970928192,cpu
ddac244cdb854902,keyword_template_aware,full,1.0,16,1,0.07595797069370747,cpu
854a374be411872a,keyword_template_aware,full,1.0,16,1,0.08599995635449886,cpu
475cb36231851c60,keyword_template_aware,full,2.0,4;16,1,0.06999995093792677,cpu
34448c77f0c7eb69,keyword_template_aware,full,1.0,16,1,0.08091703057289124,cpu
1c2b845b3caaa7bc,keyword_template_aware,full,3.0,4;7;16,1,0.08379202336072922,cpu
f976675b3d96e9d5,keyword_template_aware,full,3.0,4;7;16,1,0.08674990385770798,cpu
2bfe3fabe851bd1c,keyword_template_aware,full,3.0,4;7;16,1,0.06258301436901093,cpu
ee225f7ac883135f,keyword_template_aware,full,3.0,4;7;16,1,0.06629107519984245,cpu
8b1f4b2910c96660,keyword_template_aware,full,1.0,16,1,0.08537492249161005,cpu
d68d45505167c23a,keyword_template_aware,full,1.0,16,1,0.08979206904768944,cpu
7d845cfccb13b6d7,keyword_template_aware,full,1.0,16,1,0.1301660668104887,cpu
638ba131d405ea8f,keyword_template_aware,full,1.0,16,1,0.1237909309566021,cpu
5b5d123b26804881,keyword_template_aware,full,2.0,6;16,1,0.10729092173278332,cpu
ee9c94fd36b3aadd,keyword_template_aware,full,2.0,6;16,1,0.1052080187946558,cpu
792be70cefd998cc,keyword_template_aware,full,2.0,6;16,1,0.13658404350280762,cpu
7c1186e1b1d08598,keyword_template_aware,full,2.0,6;16,1,0.15104201156646013,cpu
a5d9eaa20b9104f2,keyword_template_aware,full,1.0,16,1,0.09445904288440943,cpu
5d89a635a4457ac7,keyword_template_aware,full,1.0,16,1,0.08820800576359034,cpu
b74d4b3918c42548,keyword_template_aware,full,1.0,16,1,0.08925003930926323,cpu
acde95a685b6d3c7,keyword_template_aware,full,1.0,16,1,0.09279092773795128,cpu
6962d1a92312b403,keyword_template_aware,full,1.0,16,1,0.12408394832164049,cpu
1ee3afe8f7fb0eac,keyword_template_aware,full,1.0,16,1,0.1271669752895832,cpu
4b5fac2af23f6b3b,keyword_template_aware,full,1.0,16,1,0.11699995957314968,cpu
0857645e4e73dabe,keyword_template_aware,full,1.0,16,1,0.11950009502470493,cpu
06bb07b1d7806cfa,keyword_template_aware,full,2.0,4;16,1,0.401041004806757,cpu
8d7f5c6fa798f85d,keyword_template_aware,full,1.0,16,1,0.3908750368282199,cpu
f5d74c2798480e0d,keyword_template_aware,full,1.0,16,1,0.39624993223696947,cpu
cf3e10c71f3b8dca,keyword_template_aware,full,2.0,4;16,1,0.39770791772753,cpu
d6b3009a7feb58de,keyword_template_aware,full,2.0,7;16,1,0.41858304757624865,cpu
f163b31235ad122b,keyword_template_aware,full,2.0,7;16,1,0.3949590027332306,cpu
11a9eb7bab7ff1ed,keyword_template_aware,full,2.0,4;16,1,0.39974995888769627,cpu
fb12ada3e563579e,keyword_template_aware,full,1.0,16,1,0.43570902198553085,cpu
83f81ed1b4d86514,keyword_template_aware,full,3.0,4;6;16,1,0.4070829600095749,cpu
6d51c6fd2e3c8ce3,keyword_template_aware,full,3.0,4;6;16,1,0.4396250005811453,cpu
47144828d8499fb7,keyword_template_aware,full,2.0,4;16,1,0.3926249919459224,cpu
defdbf730e337a98,keyword_template_aware,full,1.0,16,1,0.4182910779491067,cpu
0ec7bbbe1338c3aa,keyword_template_aware,full,1.0,16,1,0.44645892921835184,cpu
aee26ef231a8cce4,keyword_template_aware,full,1.0,16,1,0.4431250272318721,cpu
973d19ff0c0c5fe5,keyword_template_aware,full,3.0,4;7;16,1,0.10970805305987597,cpu
bb1ca0e94e74c865,keyword_template_aware,full,2.0,7;16,1,0.10074989404529333,cpu
25f98865d931de34,keyword_template_aware,full,2.0,7;16,1,0.11345802340656519,cpu
e30b7b5a15ba9418,keyword_template_aware,full,3.0,4;7;16,1,0.110041000880301,cpu
2e9f4fc33cdc57ba,keyword_template_aware,full,2.0,7;16,1,0.14416698832064867,cpu
00ada0dfe4364b8f,keyword_template_aware,full,2.0,7;16,1,0.11679099407047033,cpu
e0ffbc53944f1150,keyword_template_aware,full,3.0,4;7;16,1,0.11270807590335608,cpu
b927b3d819dcd1c7,keyword_template_aware,full,2.0,7;16,1,0.14591694343835115,cpu
f78c147d541adeb9,keyword_template_aware,full,4.0,4;6;7;16,1,0.12024992611259222,cpu
05703fa594ca3b76,keyword_template_aware,full,4.0,4;6;7;16,1,0.14587503392249346,cpu
9ad589ac91984513,keyword_template_aware,full,3.0,4;7;16,1,0.10787497740238905,cpu
cbb732aabbb6fa8d,keyword_template_aware,full,2.0,7;16,1,0.12166600208729506,cpu
94146dbf9950cfc9,keyword_template_aware,full,2.0,7;16,1,0.15783298294991255,cpu
d1345dcea996bc37,keyword_template_aware,full,2.0,7;16,1,0.15145796351134777,cpu
917689c1de3bff4b,keyword_template_aware,full,2.0,4;16,1,0.23762497585266829,cpu
dcd7638c0702bea3,keyword_template_aware,full,1.0,16,1,0.2276659943163395,cpu
38cb21c962df2e43,keyword_template_aware,full,1.0,16,1,0.24091696832329035,cpu
a642ccd11d768fd8,keyword_template_aware,full,2.0,4;16,1,0.2364999381825328,cpu
aa95dc598a7dc5a4,keyword_template_aware,full,2.0,7;16,1,0.2631660318002105,cpu
b696f0ce8da998ef,keyword_template_aware,full,2.0,7;16,1,0.23983302526175976,cpu
6ddc2c44237474f1,keyword_template_aware,full,2.0,4;16,1,0.2470420440658927,cpu
b4d7f9e810f49eb2,keyword_template_aware,full,1.0,16,1,0.28062507044523954,cpu
4c7d6b34983884b7,keyword_template_aware,full,3.0,4;6;16,1,0.2655419521033764,cpu
dc53349f15b82f6c,keyword_template_aware,full,3.0,4;6;16,1,0.2823329996317625,cpu
4108f2449c6192da,keyword_template_aware,full,2.0,4;16,1,0.24283293168991804,cpu
ec2d52c688424f53,keyword_template_aware,full,1.0,16,1,0.25412498507648706,cpu
b4c904f443de013d,keyword_template_aware,full,1.0,16,1,0.2917080419138074,cpu
32964574c9aeeaa7,keyword_template_aware,full,1.0,16,1,0.28529204428195953,cpu
68dfbba85de41609,keyword_template_aware,full,2.0,7;16,1,0.16837497241795063,cpu
a2f8cff86cb05729,keyword_template_aware,full,2.0,7;16,1,0.15541689936071634,cpu
81b24595e6565619,keyword_template_aware,full,2.0,7;16,1,0.16816600691527128,cpu
af2ae8e1700e9cc9,keyword_template_aware,full,2.0,7;16,1,0.17066695727407932,cpu
7a976f0f17563089,keyword_template_aware,full,3.0,4;7;16,1,0.18366589210927486,cpu
4e494fe3bb590384,keyword_template_aware,full,3.0,4;7;16,1,0.16200006939470768,cpu
3b8c185e58208716,keyword_template_aware,full,2.0,7;16,1,0.17691694665700197,cpu
9e8edabc91a17db9,keyword_template_aware,full,2.0,7;16,1,0.20187499467283487,cpu
85cae91538de21d1,keyword_template_aware,full,3.0,6;7;16,1,0.18541701138019562,cpu
3cb02a0cee1451be,keyword_template_aware,full,3.0,6;7;16,1,0.2211249666288495,cpu
2d1b55a52805ad45,keyword_template_aware,full,2.0,7;16,1,0.18020800780504942,cpu
359d09bbd8d5c183,keyword_template_aware,full,2.0,7;16,1,0.18741702660918236,cpu
ed428e5c8a3237c1,keyword_template_aware,full,2.0,7;16,1,0.22108398843556643,cpu
8d97a1cf210acab8,keyword_template_aware,full,2.0,7;16,1,0.21358300000429153,cpu
a705485a4a449632,keyword_template_aware,full,3.0,4;7;16,1,0.3707499708980322,cpu
6fe399bc102b1a34,keyword_template_aware,full,2.0,7;16,1,0.35924999974668026,cpu
8b8c6c4308d85a22,keyword_template_aware,full,2.0,7;16,1,0.38587499875575304,cpu
cfc0efa61e59bab5,keyword_template_aware,full,3.0,4;7;16,1,0.37379190325737,cpu
44b67a03c5af9391,keyword_template_aware,full,2.0,7;16,1,0.5416669882833958,cpu
2fff9855f43a1b7a,keyword_template_aware,full,2.0,7;16,1,0.35337498411536217,cpu
e774bf7cc1193f3c,keyword_template_aware,full,3.0,4;7;16,1,0.35154190845787525,cpu
4c298643a5315197,keyword_template_aware,full,2.0,7;16,1,0.4052920266985893,cpu
6775ec2512886059,keyword_template_aware,full,4.0,4;6;7;16,1,0.3571249544620514,cpu
f874ecae2b7643d6,keyword_template_aware,full,4.0,4;6;7;16,1,0.39408402517437935,cpu
fbf619badc94084c,keyword_template_aware,full,3.0,4;7;16,1,0.34441601019352674,cpu
83712161ee273173,keyword_template_aware,full,2.0,7;16,1,0.3773330245167017,cpu
2b990d1822d96a7d,keyword_template_aware,full,2.0,7;16,1,0.4224589793011546,cpu
60185bbacbec81f6,keyword_template_aware,full,2.0,7;16,1,0.5039579700678587,cpu
9209b078cbfe5f04,keyword_template_aware,full,2.0,4;16,1,4.5432079350575805,cpu
c860c97173fb344c,keyword_template_aware,full,2.0,4;16,1,4.867207957431674,cpu
0eb2c1ff83e3507e,keyword_template_aware,full,2.0,4;16,1,4.234459018334746,cpu
f834d135e73801a8,keyword_template_aware,full,2.0,4;16,1,4.3535829754546285,cpu
e726bace9f8cde5d,keyword_template_aware,full,3.0,4;7;16,1,3.5207499749958515,cpu
9c0e1004f3c76011,keyword_template_aware,full,3.0,4;7;16,1,3.3520000288262963,cpu
d9fb8237794fd281,keyword_template_aware,full,2.0,4;16,1,5.665082950145006,cpu
debc928282c9fa7c,keyword_template_aware,full,2.0,4;16,1,5.3657500538975,cpu
96fe17e46d77779c,keyword_template_aware,full,3.0,4;6;16,1,4.693207913078368,cpu
6f763971b3d56396,keyword_template_aware,full,3.0,4;6;16,1,4.423334030434489,cpu
6739174715fa1886,keyword_template_aware,full,2.0,4;16,1,7.81412492506206,cpu
dc64f5e72ddaddef,keyword_template_aware,full,2.0,4;16,1,6.720167002640665,cpu
d0d7efbbbf89404c,keyword_template_aware,full,2.0,4;16,1,5.838874960318208,cpu
f069017956d2e88c,keyword_template_aware,full,2.0,4;16,1,4.641750012524426,cpu
4e2125975cdaa0e2,keyword_template_aware,full,0.0,,1,0.2983750309795141,cpu
675daf2a2e88fde4,keyword_template_aware,full,0.0,,1,0.28912501875311136,cpu
bbff49b000af03e9,keyword_template_aware,full,0.0,,1,0.2388330176472664,cpu
4931681071d61cca,keyword_template_aware,full,0.0,,1,0.25337503757327795,cpu
b718d2859dd98541,keyword_template_aware,full,2.0,4;7,1,0.2382081001996994,cpu
271058220592d164,keyword_template_aware,full,2.0,4;7,1,0.2175000263378024,cpu
7e16786f363861cc,keyword_template_aware,full,0.0,,1,0.24324993137270212,cpu
8f1fb222bd376d7f,keyword_template_aware,full,0.0,,1,0.27845799922943115,cpu
418e74574a26fb75,keyword_template_aware,full,1.0,6,1,0.2549169585108757,cpu
2d6d3ba77ae53e08,keyword_template_aware,full,1.0,6,1,0.307207927107811,cpu
2c44e80ba2d2106b,keyword_template_aware,full,0.0,,1,0.25524990633130074,cpu
110a1b4a6dc2aed8,keyword_template_aware,full,0.0,,1,0.28504105284810066,cpu
526bd44f70c3fab7,keyword_template_aware,full,0.0,,1,0.2828750293701887,cpu
50b55b0d2a102e1f,keyword_template_aware,full,0.0,,1,0.26362494099885225,cpu
92b2d69bdc81e020,keyword_template_aware,full,0.0,,1,0.695333001203835,cpu
8d435c24963f5bdc,keyword_template_aware,full,0.0,,1,0.6504160119220614,cpu
b301ed83b8597be6,keyword_template_aware,full,0.0,,1,0.6666249828413129,cpu
f467bad768ca722f,keyword_template_aware,full,0.0,,1,0.6684169638901949,cpu
aa70be07401903b0,keyword_template_aware,full,2.0,4;7,1,0.6977500161156058,cpu
9a60a49f174ad91e,keyword_template_aware,full,2.0,4;7,1,0.6600839551538229,cpu
86f3f7f2828cee6c,keyword_template_aware,full,0.0,,1,0.6730830064043403,cpu
6318e4b0bb29ab80,keyword_template_aware,full,0.0,,1,0.6848330376669765,cpu
b91e5a3fdb6f3519,keyword_template_aware,full,1.0,6,1,0.6586250383406878,cpu
1b2ea43236f7da87,keyword_template_aware,full,1.0,6,1,0.6984160281717777,cpu
1b0147f6fe39b44a,keyword_template_aware,full,0.0,,1,0.643917010165751,cpu
7e1adcfee144539c,keyword_template_aware,full,0.0,,1,0.6321250693872571,cpu
0d03453302afac71,keyword_template_aware,full,0.0,,1,0.7184169953688979,cpu
f1ca5f9d8c0d1f16,keyword_template_aware,full,0.0,,1,0.739790964871645,cpu
d2dc7268bd9992ea,keyword_template_aware,full,2.0,4;16,1,0.46558305621147156,cpu
464b90e982d18fdd,keyword_template_aware,full,1.0,16,1,0.4342499887570739,cpu
ca04d8d9654568de,keyword_template_aware,full,1.0,16,1,0.44720794539898634,cpu
a23c88395884eb15,keyword_template_aware,full,2.0,4;16,1,0.4497499903663993,cpu
38ce5b4bb34ec992,keyword_template_aware,full,2.0,7;16,1,0.5113749066367745,cpu
27a33661521b2c35,keyword_template_aware,full,2.0,7;16,1,0.44179195538163185,cpu
c2d0ec009bb3c69a,keyword_template_aware,full,2.0,4;16,1,0.4807909717783332,cpu
9e93e62a794fa6ac,keyword_template_aware,full,1.0,16,1,0.46479201409965754,cpu
3e5b25efc5fc58b5,keyword_template_aware,full,3.0,4;6;16,1,0.43474999256432056,cpu
e368ea2061f096b8,keyword_template_aware,full,3.0,4;6;16,1,0.4653750220313668,cpu
df657699f1fbb081,keyword_template_aware,full,2.0,4;16,1,0.42212498374283314,cpu
6c48691b5ccf597d,keyword_template_aware,full,2.0,4;16,1,0.42245804797858,cpu
745dcae058d03840,keyword_template_aware,full,2.0,4;16,1,0.4563330439850688,cpu
ebfbdb23752e7d2c,keyword_template_aware,full,1.0,16,1,0.4588749725371599,cpu
44b8c135f2107940,keyword_template_aware,full,2.0,4;16,1,0.29745791107416153,cpu
059304e924abbed4,keyword_template_aware,full,1.0,16,1,0.28262496925890446,cpu
38ccd7aeeb4ae268,keyword_template_aware,full,1.0,16,1,0.30054093804210424,cpu
1d34da026d8cd2df,keyword_template_aware,full,2.0,4;16,1,0.29787502717226744,cpu
a34bf1637e03e8e2,keyword_template_aware,full,2.0,7;16,1,0.32445904798805714,cpu
6333dd8e13675ca4,keyword_template_aware,full,2.0,7;16,1,0.2999170683324337,cpu
f0dbd0eaac56d9af,keyword_template_aware,full,2.0,4;16,1,0.3082500770688057,cpu
85a3860986ab5b6f,keyword_template_aware,full,1.0,16,1,0.3552091075107455,cpu
944bf75cfd1cffdd,keyword_template_aware,full,3.0,4;6;16,1,0.32662495505064726,cpu
1a80efb003fe8ae0,keyword_template_aware,full,3.0,4;6;16,1,0.35558303352445364,cpu
beb118c2bc3596f2,keyword_template_aware,full,2.0,4;16,1,0.3422090085223317,cpu
46a5c9122cc09b4d,keyword_template_aware,full,2.0,4;16,1,0.3041670424863696,cpu
e51c058a83585d90,keyword_template_aware,full,2.0,4;16,1,0.3227080451324582,cpu
072950d2030b3c10,keyword_template_aware,full,1.0,16,1,0.33362500835210085,cpu
149b6cc9f96eb96b,keyword_template_aware,full,0.0,,1,0.607249909080565,cpu
cae229e10166f3f5,keyword_template_aware,full,0.0,,1,0.6310000317171216,cpu
644354e083e8c0c2,keyword_template_aware,full,0.0,,1,0.6183331133797765,cpu
f0948d019cae236e,keyword_template_aware,full,0.0,,1,0.632665934972465,cpu
0b4f0687d61ab2c8,keyword_template_aware,full,2.0,4;7,1,0.6432500667870045,cpu
5744d1ec5b174cdc,keyword_template_aware,full,2.0,4;7,1,0.6278330693021417,cpu
561e7fd04323f119,keyword_template_aware,full,0.0,,1,0.7146249990910292,cpu
d172740fb65fa3bf,keyword_template_aware,full,0.0,,1,0.7482500514015555,cpu
19b8d73096f11b12,keyword_template_aware,full,1.0,6,1,0.7261250866577029,cpu
1381e5d6a203b74c,keyword_template_aware,full,1.0,6,1,0.7825830252841115,cpu
deff6850007a30b1,keyword_template_aware,full,0.0,,1,0.7119160145521164,cpu
b46a9bde712d23fd,keyword_template_aware,full,0.0,,1,0.7452500285580754,cpu
6f79a36f38121f08,keyword_template_aware,full,0.0,,1,0.7658330723643303,cpu
ea319ecd77b2fd2e,keyword_template_aware,full,0.0,,1,0.7337919669225812,cpu
f5d447dfd85036d2,keyword_template_aware,full,2.0,4;16,1,0.2210830571129918,cpu
096219011fbeb8e2,keyword_template_aware,full,1.0,16,1,0.20537502132356167,cpu
267ae38480603bdc,keyword_template_aware,full,1.0,16,1,0.21954101976007223,cpu
c5db31397746ac68,keyword_template_aware,full,2.0,4;16,1,0.2229160163551569,cpu
45b57ac8a4084c6b,keyword_template_aware,full,2.0,7;16,1,0.25525002274662256,cpu
37eb4d1c1a24ae39,keyword_template_aware,full,2.0,7;16,1,0.2175829140469432,cpu
0b381c4745beb952,keyword_template_aware,full,2.0,4;16,1,0.22383290342986584,cpu
d31e967c5ab0baf9,keyword_template_aware,full,1.0,16,1,0.2645829226821661,cpu
4f206eb3fc28ab95,keyword_template_aware,full,3.0,4;6;16,1,0.23458409123122692,cpu
b5e7ba36c4157e0b,keyword_template_aware,full,3.0,4;6;16,1,0.26145903393626213,cpu
241ba02d8129b42c,keyword_template_aware,full,2.0,4;16,1,0.2271659905090928,cpu
453e8540b3b5eb46,keyword_template_aware,full,2.0,4;16,1,0.23145799059420824,cpu
3b723fd920eccd8a,keyword_template_aware,full,2.0,4;16,1,0.268499949015677,cpu
b33ddb83c40ccdd2,keyword_template_aware,full,1.0,16,1,0.2807079581543803,cpu
cec38d2c833ffb29,keyword_template_aware,full,2.0,4;16,1,0.21399999968707561,cpu
604aefeb82344f11,keyword_template_aware,full,2.0,4;16,1,0.2191669773310423,cpu
74c75318bb068b67,keyword_template_aware,full,2.0,4;16,1,0.22433395497500896,cpu
d3ebd70645c50cca,keyword_template_aware,full,2.0,4;16,1,0.21087494678795338,cpu
b683a56f88c8e0f3,keyword_template_aware,full,3.0,4;7;16,1,0.26787503156811,cpu
a63beee85385c016,keyword_template_aware,full,3.0,4;7;16,1,0.18862495198845863,cpu
fcf8e2522e4d88da,keyword_template_aware,full,2.0,4;16,1,0.18704088870435953,cpu
de92df0fdbaf9fe6,keyword_template_aware,full,2.0,4;16,1,0.22616703063249588,cpu
ecdaf44d51826c3a,keyword_template_aware,full,3.0,4;6;16,1,0.18391595222055912,cpu
eab2c155b669a00a,keyword_template_aware,full,3.0,4;6;16,1,0.20899996161460876,cpu
85f79c1d7d4f6102,keyword_template_aware,full,2.0,4;16,1,0.18012500368058681,cpu
4e5585450fa2b8e1,keyword_template_aware,full,2.0,4;16,1,0.1944160321727395,cpu
b3bd124a01b8f7fa,keyword_template_aware,full,2.0,4;16,1,0.2200409071519971,cpu
2e3a298511576d21,keyword_template_aware,full,2.0,4;16,1,0.24295796174556017,cpu
7a317a701f142f1d,keyword_template_aware,full,3.0,4;7;16,1,0.22141705267131329,cpu
a7fcfc9af6f6ee5f,keyword_template_aware,full,3.0,4;7;16,1,0.18454203382134438,cpu
7a16683ac8c6fe2a,keyword_template_aware,full,0.0,,1,0.06574997678399086,cpu
28d0fb7170979aa3,keyword_template_aware,full,0.0,,1,0.14783290680497885,cpu
6c8d319ed5a14ad8,keyword_template_aware,full,0.0,,1,0.06108405068516731,cpu
8a8fe69c1d60e054,keyword_template_aware,full,0.0,,1,0.17008301801979542,cpu
93748086cb1f6209,keyword_template_aware,full,0.0,,1,0.0981249613687396,cpu
2792af732f889b2b,keyword_template_aware,full,0.0,,1,0.09208300616592169,cpu
1b2b1ea466d3af93,keyword_template_aware,full,0.0,,1,0.05487492308020592,cpu
605e48fae281c4fe,keyword_template_aware,full,0.0,,1,0.061666942201554775,cpu
9fc9a0d22714dfd8,keyword_template_aware,full,0.0,,1,0.36516599357128143,cpu
2b1b18a8307de79a,keyword_template_aware,full,1.0,7,1,0.09575008880347013,cpu
a97e775d3d3874bc,keyword_template_aware,full,0.0,,1,0.2306249225512147,cpu
60af4975ed263c68,keyword_template_aware,full,1.0,7,1,0.14837493654340506,cpu
67215ad75071cfd4,keyword_template_aware,full,1.0,7,1,0.3257079515606165,cpu
005b7591968b9a24,keyword_template_aware,full,1.0,4,1,5.683625000528991,cpu
cfcd5cec5f03472e,keyword_template_aware,full,0.0,,1,0.2495000371709466,cpu
4f3250d571874f4f,keyword_template_aware,full,0.0,,1,0.6721670506522059,cpu
20a7fe2da2476e7a,keyword_template_aware,full,0.0,,1,0.48275000881403685,cpu
391d51bdc2e63775,keyword_template_aware,full,0.0,,1,0.33304200042039156,cpu
24970e48a18ac9c9,keyword_template_aware,full,0.0,,1,0.6701250094920397,cpu
514eb683b6ce29b9,keyword_template_aware,full,0.0,,1,0.21116691641509533,cpu
7294880a8fb74aa8,keyword_template_aware,full,1.0,4,1,0.21791690960526466,cpu
384b2361e470a65c,keyword_template_aware,full,1.0,12,1,0.111832981929183,cpu
ea7d924782c7f658,keyword_template_aware,full,0.0,,1,0.01645891461521387,cpu
8bac53caab3a12f4,keyword_template_aware,full,1.0,12,1,0.1169589813798666,cpu
0ef141b939b58bed,keyword_template_aware,full,1.0,12,1,0.1176249934360385,cpu
f2dbc886902e663f,keyword_template_aware,full,1.0,12,1,0.1213329378515482,cpu
767942a0de01c155,keyword_template_aware,full,2.0,4;12,1,0.1230000052601099,cpu
978a477db25cd8a5,keyword_template_aware,full,1.0,12,1,0.10799989104270935,cpu
b54fd780c6f884ee,keyword_template_aware,full,2.0,4;12,1,0.1409579999744892,cpu
565aeeedaabbcde4,keyword_template_aware,full,1.0,12,1,0.10833307169377804,cpu
d56b2fd26ac39276,keyword_template_aware,full,0.0,,1,0.007333001121878624,cpu
996c288557d78ab5,keyword_template_aware,full,0.0,,1,0.01325004268437624,cpu
dbd4f0b011e8d02c,keyword_template_aware,full,0.0,,1,0.04812492989003658,cpu
c090c80b73e2a1d6,keyword_template_aware,full,1.0,12,1,0.11791696306318045,cpu
b95b8206633de312,keyword_template_aware,full,1.0,12,1,0.11654198169708252,cpu
f7b476ac5e4e23a4,keyword_template_aware,full,1.0,12,1,0.1230000052601099,cpu
0bb96af836f9a88d,keyword_template_aware,full,2.0,4;12,1,0.12529094237834215,cpu
9435facddd289f2b,keyword_template_aware,full,1.0,12,1,0.10929105337709188,cpu
9e106426c826538b,keyword_template_aware,full,2.0,4;12,1,0.14187500346451998,cpu
642fda894f7266ee,keyword_template_aware,full,0.0,,1,0.027416041120886803,cpu
7dbdba5779785f70,keyword_template_aware,full,0.0,,1,0.04412501584738493,cpu
f5b244eb7e3fb5ff,keyword_template_aware,full,1.0,12,1,0.28212496545165777,cpu
70198a176329e36f,keyword_template_aware,full,1.0,12,1,0.19675004296004772,cpu
385612a9e01374a0,keyword_template_aware,full,0.0,,1,0.003125052899122238,cpu
ceae80e16a195d39,keyword_template_aware,full,0.0,,1,0.0033330870792269707,cpu
0c29bac443f6c0c2,keyword_template_aware,full,1.0,12,1,0.2924170112237334,cpu
3cd56b877a316f1a,keyword_template_aware,full,1.0,12,1,0.20433298777788877,cpu
1596eb296807ab09,keyword_template_aware,full,1.0,12,1,0.2897500526160002,cpu
467e805efb5cbcc9,keyword_template_aware,full,1.0,12,1,0.20354206208139658,cpu
154689c883f39b70,keyword_template_aware,full,1.0,12,1,0.3010000800713897,cpu
4e3cdd296221d19d,keyword_template_aware,full,1.0,12,1,0.20904093980789185,cpu
b398b7fb62332016,keyword_template_aware,full,2.0,4;12,1,0.30337495263665915,cpu
40225d1293c0a011,keyword_template_aware,full,2.0,4;12,1,0.2007500734180212,cpu
1ada6db0e62479b7,keyword_template_aware,full,1.0,12,1,0.27929095085710287,cpu
26e4308a16379b85,keyword_template_aware,full,1.0,12,1,0.2019170206040144,cpu
12203c2fdc49b235,keyword_template_aware,full,2.0,4;12,1,0.32412505242973566,cpu
6244efcd41dda0f5,keyword_template_aware,full,2.0,4;12,1,0.22145896218717098,cpu
d7189c9eebec945d,keyword_template_aware,full,0.0,,1,0.012499978765845299,cpu
d3d6ab7bca84d3ee,keyword_template_aware,full,1.0,12,1,0.44895894825458527,cpu
2a128d176d4a7fcc,keyword_template_aware,full,0.0,,1,0.032708048820495605,cpu
2f42bce4ef5b0b03,keyword_template_aware,full,0.0,,1,0.01029099803417921,cpu
b13fef1aa0a39d6c,keyword_template_aware,full,0.0,,1,0.05237502045929432,cpu
28e24a27169cdd02,keyword_template_aware,full,1.0,12,1,0.45074999798089266,cpu
16e6bd41b00c21bc,keyword_template_aware,full,1.0,12,1,0.4468330880627036,cpu
6a6c513ed79d01f7,keyword_template_aware,full,1.0,12,1,0.5141249857842922,cpu
eb1d269cd229da17,keyword_template_aware,full,2.0,4;12,1,0.5091250641271472,cpu
458722f14263c3d6,keyword_template_aware,full,1.0,12,1,0.418792013078928,cpu
9e9d6e036371427d,keyword_template_aware,full,2.0,4;12,1,0.4938329802826047,cpu
234c936f4d7dca0d,keyword_template_aware,full,1.0,12,1,0.20729098469018936,cpu
2ef5f8c4f869a10a,keyword_template_aware,full,0.0,,1,0.008875038474798203,cpu
5214023c54205877,keyword_template_aware,full,0.0,,1,0.0541249755769968,cpu
28f6d87033df0cb2,keyword_template_aware,full,1.0,12,1,0.22308400366455317,cpu
0977ee9a0d408aca,keyword_template_aware,full,1.0,12,1,0.2203750191256404,cpu
1d890e6dff5d0fef,keyword_template_aware,full,1.0,12,1,0.22950000129640102,cpu
9c25767f9872b0b3,keyword_template_aware,full,2.0,4;12,1,0.22425001952797174,cpu
c88969c7d7dd4325,keyword_template_aware,full,1.0,12,1,0.2097089309245348,cpu
f44937c3a671cba1,keyword_template_aware,full,2.0,4;12,1,0.2537498949095607,cpu
ea97e896ad33a64d,keyword_template_aware,full,0.0,,1,0.012791948392987251,cpu
4bbd6d7a3fac4dde,keyword_template_aware,full,0.0,,1,0.03733392804861069,cpu
eb14a41bdb855016,keyword_template_aware,full,1.0,12,1,0.2507499884814024,cpu
967d695c5a261988,keyword_template_aware,full,0.0,,1,0.010249903425574303,cpu
d0b5dc8d2cdc6cd5,keyword_template_aware,full,1.0,12,1,0.2637089928612113,cpu
8c96e8829925c598,keyword_template_aware,full,1.0,12,1,0.2660000463947654,cpu
17184169c6618013,keyword_template_aware,full,1.0,12,1,0.27233397122472525,cpu
a579b08fa2d13688,keyword_template_aware,full,2.0,4;12,1,0.26345904916524887,cpu
c611fd69cdfbbc35,keyword_template_aware,full,1.0,12,1,0.2551659708842635,cpu
05d38fc5b9582570,keyword_template_aware,full,2.0,4;12,1,0.29324996285140514,cpu
e833403f9d4c0521,keyword_template_aware,full,1.0,12,1,0.10374991688877344,cpu
d96aa9c8f16cf859,keyword_template_aware,full,1.0,12,1,0.09333295747637749,cpu
a59e89879ef114f0,keyword_template_aware,full,1.0,12,1,0.11120899580419064,cpu
ed19be5db663690f,keyword_template_aware,full,1.0,12,1,0.10162510443478823,cpu
dbde58937d45cbd4,keyword_template_aware,full,1.0,12,1,0.1105000264942646,cpu
f49d4040c68f4944,keyword_template_aware,full,1.0,12,1,0.10087504051625729,cpu
f879b20d805774bb,keyword_template_aware,full,1.0,12,1,0.11558295227587223,cpu
b6cf8b7d71426851,keyword_template_aware,full,1.0,12,1,0.10562501847743988,cpu
da4e530cbf721865,keyword_template_aware,full,2.0,4;12,1,0.11837494093924761,cpu
f7d9df1fd44b408f,keyword_template_aware,full,2.0,4;12,1,0.10758393909782171,cpu
fb2ade53d5ae2dbb,keyword_template_aware,full,1.0,12,1,0.10433304123580456,cpu
ecedf677156215ac,keyword_template_aware,full,1.0,12,1,0.09479199070483446,cpu
90950b388de3aadd,keyword_template_aware,full,2.0,4;12,1,0.13349996879696846,cpu
de340bcc47aa636d,keyword_template_aware,full,2.0,4;12,1,0.12350000906735659,cpu
27cffd5b31b1ebc9,keyword_template_aware,full,1.0,12,1,0.11958298273384571,cpu
5a951c46f5096a7f,keyword_template_aware,full,0.0,,1,0.010334071703255177,cpu
e9fddd6adeb09bfe,keyword_template_aware,full,0.0,,1,0.04612491466104984,cpu
8c32432ce0d0e91f,keyword_template_aware,full,1.0,12,1,0.12595904991030693,cpu
5f38fe6f120c5d7b,keyword_template_aware,full,1.0,12,1,0.12408301699906588,cpu
0a86dc8fe51f6990,keyword_template_aware,full,1.0,12,1,0.12979097664356232,cpu
10f42bb43ddf2519,keyword_template_aware,full,2.0,4;12,1,0.12933299876749516,cpu
751ce34c73398cb7,keyword_template_aware,full,1.0,12,1,0.11920800898224115,cpu
0db65f30e55a2c5f,keyword_template_aware,full,2.0,4;12,1,0.1466670073568821,cpu
7aaae5f10e7060f5,keyword_template_aware,full,0.0,,1,0.0687920255586505,cpu
982c7d6e57ff60ee,keyword_template_aware,full,1.0,12,1,0.197333050891757,cpu
bfa465078eaa85f0,keyword_template_aware,full,0.0,,1,0.008999952115118504,cpu
bdae2143dcb08cb8,keyword_template_aware,full,0.0,,1,0.04791701212525368,cpu
6513899a72e267b7,keyword_template_aware,full,1.0,12,1,0.20458304788917303,cpu
b3de228b4fabbb2d,keyword_template_aware,full,1.0,12,1,0.20287500228732824,cpu
ef916e64261a3ba6,keyword_template_aware,full,1.0,12,1,0.20808307453989983,cpu
a11c121f4a5e850e,keyword_template_aware,full,2.0,4;12,1,0.19925006199628115,cpu
4b950d7c5e88b841,keyword_template_aware,full,1.0,12,1,0.19699998665601015,cpu
7ac9bae9342b92ce,keyword_template_aware,full,2.0,4;12,1,0.21587498486042023,cpu
648db4cb78945043,keyword_template_aware,full,0.0,,1,0.06954197306185961,cpu
92c1f6e3277a96b4,keyword_template_aware,full,1.0,12,1,0.09650003630667925,cpu
d1dd42de9054d6b8,keyword_template_aware,full,0.0,,1,0.009875046089291573,cpu
2149e467fd29564e,keyword_template_aware,full,1.0,12,1,0.10333303362131119,cpu
3fadad198def6b2f,keyword_template_aware,full,1.0,12,1,0.10187504813075066,cpu
ba0222d73b095d4f,keyword_template_aware,full,1.0,12,1,0.10666693560779095,cpu
cb2481e2e8dfda30,keyword_template_aware,full,2.0,4;12,1,0.10900001507252455,cpu
9ca8db28cbc77a77,keyword_template_aware,full,1.0,12,1,0.12945802882313728,cpu
fb12998eb70499bb,keyword_template_aware,full,2.0,4;12,1,0.161500065587461,cpu
bede58d2340c3c70,keyword_template_aware,full,0.0,,1,0.015459023416042328,cpu
f4af55fca3af41e9,keyword_template_aware,full,0.0,,1,0.060542020946741104,cpu
db1f29ee82b47180,keyword_template_aware,full,1.0,12,1,0.12341595720499754,cpu
e5bde2bff7c9632f,keyword_template_aware,full,0.0,,1,0.009415904060006142,cpu
b966c951ab354ded,keyword_template_aware,full,1.0,12,1,0.1301249722018838,cpu
182455dda7b9d436,keyword_template_aware,full,1.0,12,1,0.12766709551215172,cpu
19bc2ca791675119,keyword_template_aware,full,1.0,12,1,0.13091706205159426,cpu
03d2162d2e662685,keyword_template_aware,full,2.0,4;12,1,0.13149995356798172,cpu
89f4676242c80890,keyword_template_aware,full,1.0,12,1,0.12079102452844381,cpu
e6ee6ad7a1dd4852,keyword_template_aware,full,2.0,4;12,1,0.14875002671033144,cpu
895580e59a062f10,keyword_template_aware,full,0.0,,1,0.0030830269679427147,cpu
7e086c135cb302b6,keyword_template_aware,full,0.0,,1,0.00866700429469347,cpu
aa3e9912c94f43aa,keyword_template_aware,full,1.0,12,1,0.31054194550961256,cpu
0935b389fbca1689,keyword_template_aware,full,0.0,,1,0.007875030860304832,cpu
dd26f0d1bc781ad5,keyword_template_aware,full,1.0,12,1,0.3332910127937794,cpu
3887d01e6ab9bc61,keyword_template_aware,full,1.0,12,1,0.3493339754641056,cpu
c50895f17cd62e7f,keyword_template_aware,full,1.0,12,1,0.36745902616530657,cpu
89ae01aecd2f42fa,keyword_template_aware,full,2.0,4;12,1,0.3374170046299696,cpu
bae85fb668467118,keyword_template_aware,full,1.0,12,1,0.34895807038992643,cpu
5cd6fc38b711b0d9,keyword_template_aware,full,2.0,4;12,1,0.44254190288484097,cpu
a50bb79d38039194,keyword_template_aware,full,0.0,,1,0.013749930076301098,cpu
ab9e7e06c3f04c8a,keyword_template_aware,full,0.0,,1,0.022417050786316395,cpu
1c85c7458e3cb8c1,keyword_template_aware,full,1.0,12,1,0.11633301619440317,cpu
98269c52e67c5b7a,keyword_template_aware,full,1.0,12,1,0.12266600970178843,cpu
b04527a85bde2d96,keyword_template_aware,full,1.0,12,1,0.12104108463972807,cpu
11261987b8982d51,keyword_template_aware,full,1.0,12,1,0.12574996799230576,cpu
ef59647062688778,keyword_template_aware,full,2.0,4;12,1,0.1259170239791274,cpu
c776efbd922d962d,keyword_template_aware,full,1.0,12,1,0.1152500044554472,cpu
f3375c2c46b4e11b,keyword_template_aware,full,2.0,4;12,1,0.1408749958500266,cpu
e57100fa2aa26f03,keyword_template_aware,full,0.0,,1,0.02204196061939001,cpu
432c04587476fdb9,keyword_template_aware,full,1.0,12,1,0.1082499511539936,cpu
86dd01071bf8c970,keyword_template_aware,full,0.0,,1,0.003166031092405319,cpu
5fe069c6d9dce6b2,keyword_template_aware,full,1.0,12,1,0.11558295227587223,cpu
04991e59f7f8e088,keyword_template_aware,full,1.0,12,1,0.11458294466137886,cpu
d80899618284e6f7,keyword_template_aware,full,1.0,12,1,0.11991593055427074,cpu
ca764430d1d7d262,keyword_template_aware,full,2.0,4;12,1,0.11987495236098766,cpu
2e925557fda57a56,keyword_template_aware,full,1.0,12,1,0.10916590690612793,cpu
5a9727424e35e420,keyword_template_aware,full,2.0,4;12,1,0.1359580783173442,cpu
97aba41b3e621255,keyword_template_aware,full,0.0,,1,0.00400003045797348,cpu
e362950d3797608d,keyword_template_aware,full,0.0,,1,0.07833295967429876,cpu
565ef7ff5299f710,keyword_template_aware,full,0.0,,1,0.00929099041968584,cpu
a4c9b48bcb208521,keyword_template_aware,full,1.0,12,1,0.1051250146701932,cpu
2022f8701d824513,keyword_template_aware,full,0.0,,1,0.0035420525819063187,cpu
e76cf25d04b7dc1e,keyword_template_aware,full,1.0,12,1,0.11066591832786798,cpu
47670811ef736387,keyword_template_aware,full,1.0,12,1,0.11029106099158525,cpu
4f9da95696e55c98,keyword_template_aware,full,1.0,12,1,0.11549994815140963,cpu
9e9625b5168f8008,keyword_template_aware,full,2.0,4;12,1,0.11645792983472347,cpu
07c0014af2682eca,keyword_template_aware,full,1.0,12,1,0.10362500324845314,cpu
2fe456f7a30f4ae8,keyword_template_aware,full,2.0,4;12,1,0.13237493112683296,cpu
1d8746e95533f92f,keyword_template_aware,full,0.0,,1,0.011249911040067673,cpu
c0a1a97ebd5564b0,keyword_template_aware,full,0.0,,1,0.05837506614625454,cpu
fa2e2a2495a77d13,keyword_template_aware,full,0.0,,1,0.004583969712257385,cpu
f5e94769587bec26,keyword_template_aware,full,0.0,,1,0.014750054106116295,cpu
d10691359464f2f8,keyword_template_aware,full,1.0,12,1,0.5284580402076244,cpu
4642af9ba7b9ce7c,keyword_template_aware,full,1.0,12,1,0.5585839971899986,cpu
84ce30690426d8af,keyword_template_aware,full,1.0,12,1,0.5565830506384373,cpu
4157822db52d51d8,keyword_template_aware,full,1.0,12,1,0.5745829548686743,cpu
a9f5efdc4e6e66ed,keyword_template_aware,full,2.0,4;12,1,0.539290951564908,cpu
a0b4b740e287cfb4,keyword_template_aware,full,1.0,12,1,0.5318750627338886,cpu
c363a2b880abdf9d,keyword_template_aware,full,2.0,4;12,1,0.6454579997807741,cpu
b0dd27048f5e46a7,keyword_template_aware,full,0.0,,1,0.17654208932071924,cpu
ef0f23639363f66c,keyword_template_aware,full,0.0,,1,0.010874937288463116,cpu
7c4c293342bde469,keyword_template_aware,full,0.0,,1,0.010041985660791397,cpu
6ae452947f707608,keyword_template_aware,full,0.0,,1,0.030333991162478924,cpu
18ea5a4c01dda080,keyword_template_aware,full,0.0,,1,0.009416020475327969,cpu
30aa188e86da8e4e,keyword_template_aware,full,0.0,,1,0.08195906411856413,cpu
1b586b146d656ca1,keyword_template_aware,full,0.0,,1,0.003500026650726795,cpu
bc518c9d64e45f1d,keyword_template_aware,full,1.0,12,1,0.2888749586418271,cpu
7758213eeedbdc12,keyword_template_aware,full,0.0,,1,0.020209001377224922,cpu
5ab7bcaea27c41be,keyword_template_aware,full,1.0,12,1,0.29741600155830383,cpu
c04c304956619cda,keyword_template_aware,full,1.0,12,1,0.2923749852925539,cpu
c31e8f0f1675ee38,keyword_template_aware,full,1.0,12,1,0.3002909943461418,cpu
0617f7ee000d336b,keyword_template_aware,full,2.0,4;12,1,0.2916670637205243,cpu
e4525f3f2196a1cf,keyword_template_aware,full,1.0,12,1,0.2805829280987382,cpu
5764fa8c4dae1908,keyword_template_aware,full,2.0,4;12,1,0.3201250219717622,cpu
564c0230b8da41f8,keyword_template_aware,full,3.0,12;13;14,1,0.10708300396800041,cpu
fdcbad89256b9a7d,keyword_template_aware,full,3.0,12;13;14,1,0.13658299576491117,cpu
fab181d6f2bcd5d3,keyword_template_aware,full,4.0,4;12;13;14,1,0.1360420137643814,cpu
49a3318ef77c168e,keyword_template_aware,full,3.0,12;13;14,1,0.15712506137788296,cpu
df05808d2065f890,keyword_template_aware,full,4.0,4;12;13;14,1,0.16362499445676804,cpu
004a7d26a2083d60,keyword_template_aware,full,3.0,12;13;14,1,0.15720806550234556,cpu
341a3ff26a2184e9,keyword_template_aware,full,4.0,4;12;13;14,1,0.20558398682624102,cpu
504323b426e648c4,keyword_template_aware,full,3.0,12;13;14,1,0.11395791079849005,cpu
5d2162c4a4605f4c,keyword_template_aware,full,3.0,12;13;14,1,0.13687496539205313,cpu
8cc9eda4efb0a858,keyword_template_aware,full,4.0,4;12;13;14,1,0.12945802882313728,cpu
2358531aa4c87932,keyword_template_aware,full,3.0,12;13;14,1,0.1532500609755516,cpu
265dd3eef9455a86,keyword_template_aware,full,4.0,4;12;13;14,1,0.17441704403609037,cpu
6b05535056048031,keyword_template_aware,full,3.0,12;13;14,1,0.16475003212690353,cpu
28c67027ce13c5b2,keyword_template_aware,full,4.0,4;12;13;14,1,0.20100001711398363,cpu
cf39f21dc11dd2c4,keyword_template_aware,full,3.0,12;13;14,1,0.26608293410390615,cpu
c5da26c050560672,keyword_template_aware,full,3.0,12;13;14,1,0.17854198813438416,cpu
3ac08aec19541c71,keyword_template_aware,full,3.0,12;13;14,1,0.3244580002501607,cpu
3a6bc4af7763a190,keyword_template_aware,full,3.0,12;13;14,1,0.22099993657320738,cpu
0dc9c596b3dd9ddd,keyword_template_aware,full,4.0,4;12;13;14,1,0.2991659566760063,cpu
77b2bc8a4bc41aad,keyword_template_aware,full,4.0,4;12;13;14,1,0.18866697791963816,cpu
ee31bd19fdc5be9e,keyword_template_aware,full,3.0,12;13;14,1,0.3463749308139086,cpu
b187e0aafa3fbcc1,keyword_template_aware,full,3.0,12;13;14,1,0.22425001952797174,cpu
79b135b160782008,keyword_template_aware,full,4.0,4;12;13;14,1,0.3898749127984047,cpu
982c08ae382d86c9,keyword_template_aware,full,4.0,4;12;13;14,1,0.22983294911682606,cpu
3ada338c21ec15e7,keyword_template_aware,full,3.0,12;13;14,1,0.4195419605821371,cpu
fdb6051fad6407c4,keyword_template_aware,full,3.0,12;13;14,1,0.2334170276299119,cpu
b2ac2a19b6073468,keyword_template_aware,full,4.0,4;12;13;14,1,0.4307919880375266,cpu
767cd829fefa6e7f,keyword_template_aware,full,4.0,4;12;13;14,1,0.26795908343046904,cpu
5ac766d0e7d223bd,keyword_template_aware,full,3.0,12;13;14,1,0.45183300971984863,cpu
e14a80cf44a148ac,keyword_template_aware,full,3.0,12;13;14,1,0.5726659437641501,cpu
b5a9311da3805579,keyword_template_aware,full,4.0,4;12;13;14,1,0.5517079262062907,cpu
e891f720d19fc918,keyword_template_aware,full,3.0,12;13;14,1,0.6255829939618707,cpu
3ddecd8be0b238ce,keyword_template_aware,full,4.0,4;12;13;14,1,0.7050830172374845,cpu
8c8dffcdd817a5d8,keyword_template_aware,full,3.0,12;13;14,1,0.6133329588919878,cpu
16479b793896bc23,keyword_template_aware,full,4.0,4;12;13;14,1,0.7352499524131417,cpu
1a4c4b0f706499ee,keyword_template_aware,full,3.0,12;13;14,1,0.21795800421386957,cpu
3971ac465d5972c6,keyword_template_aware,full,3.0,12;13;14,1,0.27041707653552294,cpu
909a3b83bf68b3f1,keyword_template_aware,full,4.0,4;12;13;14,1,0.24858303368091583,cpu
d003cf95f8749e88,keyword_template_aware,full,3.0,12;13;14,1,0.3015409456565976,cpu
b9cc91f8fa5f063e,keyword_template_aware,full,4.0,4;12;13;14,1,0.3122079651802778,cpu
c590abb7c889bd6e,keyword_template_aware,full,3.0,12;13;14,1,0.3104159841313958,cpu
6a2a0ea3d63cc9d4,keyword_template_aware,full,4.0,4;12;13;14,1,0.37591601721942425,cpu
7a6939a37de6870e,keyword_template_aware,full,3.0,12;13;14,1,0.25770801585167646,cpu
1637c7cc7cc53f43,keyword_template_aware,full,3.0,12;13;14,1,0.30924996826797724,cpu
cd13aa3002a8c6ac,keyword_template_aware,full,4.0,4;12;13;14,1,0.28262496925890446,cpu
5598f546a0c06921,keyword_template_aware,full,3.0,12;13;14,1,0.339917023666203,cpu
8892aee7e3fef3bd,keyword_template_aware,full,4.0,4;12;13;14,1,0.3463750472292304,cpu
b9e46df99e26e4e7,keyword_template_aware,full,3.0,12;13;14,1,0.3485409542918205,cpu
a5df2820afd0fe1e,keyword_template_aware,full,4.0,4;12;13;14,1,0.411542016081512,cpu
ac8742320816c3df,keyword_template_aware,full,3.0,12;13;14,1,0.11208304204046726,cpu
53c96aef79488688,keyword_template_aware,full,3.0,12;13;14,1,0.10241603013128042,cpu
91a5b94c91182005,keyword_template_aware,full,3.0,12;13;14,1,0.1386249205097556,cpu
a58daa4f1c92f5a7,keyword_template_aware,full,3.0,12;13;14,1,0.12929108925163746,cpu
6ceda54955c67850,keyword_template_aware,full,4.0,4;12;13;14,1,0.13195897918194532,cpu
8c30217bb29df265,keyword_template_aware,full,4.0,4;12;13;14,1,0.12237508781254292,cpu
2b0810b724062d50,keyword_template_aware,full,3.0,12;13;14,1,0.1551660243421793,cpu
4fe238da58e7e5ec,keyword_template_aware,full,3.0,12;13;14,1,0.14474999625235796,cpu
6cf8c817cd048174,keyword_template_aware,full,4.0,4;12;13;14,1,0.16545807011425495,cpu
9c27e1018c6d8db0,keyword_template_aware,full,4.0,4;12;13;14,1,0.1544589176774025,cpu
b27109fb51528331,keyword_template_aware,full,3.0,12;13;14,1,0.15887501649558544,cpu
e3d2cad512fafdd0,keyword_template_aware,full,3.0,12;13;14,1,0.14908402226865292,cpu
0f48311c4730df25,keyword_template_aware,full,4.0,4;12;13;14,1,0.19845797214657068,cpu
ef0589d31973078e,keyword_template_aware,full,4.0,4;12;13;14,1,0.18808303866535425,cpu
3a16396c52d90fbd,keyword_template_aware,full,3.0,12;13;14,1,0.12395903468132019,cpu
93f6eaf09e59135a,keyword_template_aware,full,3.0,12;13;14,1,0.18595799338072538,cpu
9882e8d8c620c627,keyword_template_aware,full,4.0,4;12;13;14,1,0.1528329448774457,cpu
1446035dc8731f65,keyword_template_aware,full,3.0,12;13;14,1,0.17975002992898226,cpu
3d6049037944b086,keyword_template_aware,full,4.0,4;12;13;14,1,0.18154201097786427,cpu
39825049895bd7d6,keyword_template_aware,full,3.0,12;13;14,1,0.18304097466170788,cpu
945fa609b833d1ee,keyword_template_aware,full,4.0,4;12;13;14,1,0.215791049413383,cpu
7312a816aad601d5,keyword_template_aware,full,3.0,12;13;14,1,0.20612496882677078,cpu
d0ec27aa4fd80abc,keyword_template_aware,full,3.0,12;13;14,1,0.23404089733958244,cpu
07f1b9fe4a3cd8ef,keyword_template_aware,full,4.0,4;12;13;14,1,0.2175829140469432,cpu
f0aae11e5f5597f6,keyword_template_aware,full,3.0,12;13;14,1,0.24516705889254808,cpu
0886721032f744ed,keyword_template_aware,full,4.0,4;12;13;14,1,0.24800002574920654,cpu
84cdc6037e79e97b,keyword_template_aware,full,3.0,12;13;14,1,0.2542089205235243,cpu
3b9024595ede91af,keyword_template_aware,full,4.0,4;12;13;14,1,0.2757080364972353,cpu
25cdd63519786723,keyword_template_aware,full,3.0,12;13;14,1,0.11229200754314661,cpu
de2ae94be981cf9c,keyword_template_aware,full,3.0,12;13;14,1,0.14249992091208696,cpu
4e0453076fa1f3f5,keyword_template_aware,full,4.0,4;12;13;14,1,0.13708299957215786,cpu
a871fc1549b8fbfd,keyword_template_aware,full,3.0,12;13;14,1,0.1626670127734542,cpu
668fe89f8af942b9,keyword_template_aware,full,4.0,4;12;13;14,1,0.1646250020712614,cpu
f21e3cb22c4ae4b4,keyword_template_aware,full,3.0,12;13;14,1,0.15895802062004805,cpu
b4bbe91b58746f6d,keyword_template_aware,full,4.0,4;12;13;14,1,0.20008394494652748,cpu
032749eeb475409d,keyword_template_aware,full,3.0,12;13;14,1,0.2025000285357237,cpu
a4e6a6353f60425a,keyword_template_aware,full,3.0,12;13;14,1,0.15254190657287836,cpu
86863ba891b3adcc,keyword_template_aware,full,4.0,4;12;13;14,1,0.14162494335323572,cpu
614f1844fa221fee,keyword_template_aware,full,3.0,12;13;14,1,0.16508297994732857,cpu
33665f617dc435cf,keyword_template_aware,full,4.0,4;12;13;14,1,0.17245800700038671,cpu
22673446d62b2889,keyword_template_aware,full,3.0,12;13;14,1,0.1692919759079814,cpu
2a5583845e0529d6,keyword_template_aware,full,4.0,4;12;13;14,1,0.2062079729512334,cpu
86e85373457fde4f,keyword_template_aware,full,3.0,12;13;14,1,0.3193329321220517,cpu
b0d087bfdc70f9e7,keyword_template_aware,full,3.0,12;13;14,1,0.39712502621114254,cpu
950dfbbf68a4ddec,keyword_template_aware,full,4.0,4;12;13;14,1,0.36325003020465374,cpu
561b3d79b398f2b3,keyword_template_aware,full,3.0,12;13;14,1,0.44495798647403717,cpu
b4b8f1643fdc2c93,keyword_template_aware,full,4.0,4;12;13;14,1,0.45608298387378454,cpu
9b641fd6e1b505da,keyword_template_aware,full,3.0,12;13;14,1,0.4567920695990324,cpu
e51ccf53919cb656,keyword_template_aware,full,4.0,4;12;13;14,1,0.562958070077002,cpu
d35d309688e7a9b8,keyword_template_aware,full,3.0,12;13;14,1,0.12170802801847458,cpu
13f0de8507a8b71f,keyword_template_aware,full,3.0,12;13;14,1,0.14720798935741186,cpu
b18d5e86c1ce503d,keyword_template_aware,full,4.0,4;12;13;14,1,0.13729208149015903,cpu
33e2f5707a9028e5,keyword_template_aware,full,3.0,12;13;14,1,0.16254198271781206,cpu
7ff9bdfbe0baf9a2,keyword_template_aware,full,4.0,4;12;13;14,1,0.1699579879641533,cpu
255667709aa49096,keyword_template_aware,full,3.0,12;13;14,1,0.16675004735589027,cpu
45c7949ae5db65c7,keyword_template_aware,full,4.0,4;12;13;14,1,0.20308303646743298,cpu
857b991eb480bcb3,keyword_template_aware,full,3.0,12;13;14,1,0.1142079709097743,cpu
8e435fcb07e39f6c,keyword_template_aware,full,3.0,12;13;14,1,0.14116591773927212,cpu
2aaf2a068de2c51b,keyword_template_aware,full,4.0,4;12;13;14,1,0.1317920396104455,cpu
196804d3c3543a85,keyword_template_aware,full,3.0,12;13;14,1,0.15700003132224083,cpu
89b6656a32aa3961,keyword_template_aware,full,4.0,4;12;13;14,1,0.16449997201561928,cpu
b624a716c565c0f5,keyword_template_aware,full,3.0,12;13;14,1,0.1931249862536788,cpu
caf7b9d3d9ab32f7,keyword_template_aware,full,4.0,4;12;13;14,1,0.21787500008940697,cpu
632bf9bc4495d376,keyword_template_aware,full,3.0,12;13;14,1,0.12199999764561653,cpu
510bbad678380bff,keyword_template_aware,full,3.0,12;13;14,1,0.15220895875245333,cpu
d65422e08b1adb8a,keyword_template_aware,full,4.0,4;12;13;14,1,0.14054100029170513,cpu
96190f999a564818,keyword_template_aware,full,3.0,12;13;14,1,0.1651250058785081,cpu
567a801ea2075c90,keyword_template_aware,full,4.0,4;12;13;14,1,0.17216696869581938,cpu
c33808fad6c337ec,keyword_template_aware,full,3.0,12;13;14,1,0.16624992713332176,cpu
f07d9391f5e85e59,keyword_template_aware,full,4.0,4;12;13;14,1,0.20612496882677078,cpu
4295f7ed922c279b,keyword_template_aware,full,3.0,12;13;14,1,0.5652920808643103,cpu
3a3dc28fff82bfb9,keyword_template_aware,full,3.0,12;13;14,1,0.6749579915776849,cpu
1f230b37d9ddd07a,keyword_template_aware,full,4.0,4;12;13;14,1,0.616749981418252,cpu
39258891be2a9674,keyword_template_aware,full,3.0,12;13;14,1,0.7422500057145953,cpu
2cdb01ecc54b6424,keyword_template_aware,full,4.0,4;12;13;14,1,0.7686669705435634,cpu
f5c8c30063023b87,keyword_template_aware,full,3.0,12;13;14,1,0.7198330713436007,cpu
178b1c0121910cbf,keyword_template_aware,full,4.0,4;12;13;14,1,0.8308750111609697,cpu
96f22c80b9dd8a13,keyword_template_aware,full,3.0,12;13;14,1,0.2893339842557907,cpu
325c5b87b1911ef4,keyword_template_aware,full,3.0,12;13;14,1,0.3350829938426614,cpu
75cd63a1b6d1e7a7,keyword_template_aware,full,4.0,4;12;13;14,1,0.3362089628353715,cpu
1cad0edcf28394c9,keyword_template_aware,full,3.0,12;13;14,1,0.3624999662861228,cpu
4415d7498e4966c6,keyword_template_aware,full,4.0,4;12;13;14,1,0.3658750792965293,cpu
ff34941d66e38fd6,keyword_template_aware,full,3.0,12;13;14,1,0.3707499708980322,cpu
a29faa65b890a27a,keyword_template_aware,full,4.0,4;12;13;14,1,0.4297499544918537,cpu
dba7d2d43ed5ee44,keyword_template_aware,full,1.0,15,1,0.04891701973974705,cpu
c681d048b7367ff1,keyword_template_aware,full,1.0,15,1,0.054875039495527744,cpu
ad0fcc3bf3fbef61,keyword_template_aware,full,2.0,4;15,1,0.05266699008643627,cpu
d5b3032e688fb79a,keyword_template_aware,full,1.0,15,1,0.05879101809114218,cpu
ecd1b89c966910d7,keyword_template_aware,full,2.0,4;15,1,0.06304203998297453,cpu
2c4a914da374c02a,keyword_template_aware,full,1.0,15,1,0.04837499000132084,cpu
24abdf14f2e5e121,keyword_template_aware,full,2.0,4;15,1,0.07670803461223841,cpu
da5a596f3e355384,keyword_template_aware,full,1.0,15,1,0.04970794543623924,cpu
dcd61e49f01f9a80,keyword_template_aware,full,1.0,15,1,0.055916025303304195,cpu
7761a5523f93f142,keyword_template_aware,full,2.0,4;15,1,0.05312496796250343,cpu
8ef734137c3ff72b,keyword_template_aware,full,1.0,15,1,0.05979102570563555,cpu
fdac9ccd5e191055,keyword_template_aware,full,2.0,4;15,1,0.0636660261079669,cpu
3671ba3d9ddd056f,keyword_template_aware,full,1.0,15,1,0.049582915380597115,cpu
71c59c00519f942d,keyword_template_aware,full,2.0,4;15,1,0.07758301217108965,cpu
4c195c0bc14f7759,keyword_template_aware,full,1.0,15,1,0.14329096302390099,cpu
f54516f452171955,keyword_template_aware,full,1.0,15,1,0.14141702558845282,cpu
12d30b474e0f2fc5,keyword_template_aware,full,1.0,15,1,0.17324998043477535,cpu
6795cd23ffed9179,keyword_template_aware,full,1.0,15,1,0.134333036839962,cpu
22298861ae9ef70a,keyword_template_aware,full,2.0,4;15,1,0.15074992552399635,cpu
ee201158cdc9f322,keyword_template_aware,full,2.0,4;15,1,0.12654205784201622,cpu
888886768a0e50f3,keyword_template_aware,full,1.0,15,1,0.1807499211281538,cpu
2b21931ecf4b5438,keyword_template_aware,full,1.0,15,1,0.1396660227328539,cpu
786028a3d8e41c48,keyword_template_aware,full,2.0,4;15,1,0.16950001008808613,cpu
83ebadef7e388fdb,keyword_template_aware,full,2.0,4;15,1,0.13575004413723946,cpu
de0090c4ebcd8b07,keyword_template_aware,full,1.0,15,1,0.15524995978921652,cpu
cde226d82ef02f1e,keyword_template_aware,full,1.0,15,1,0.1263340236619115,cpu
f42529fff9d273d8,keyword_template_aware,full,2.0,4;15,1,0.2062499988824129,cpu
3b1a2e0424ea4059,keyword_template_aware,full,2.0,4;15,1,0.15220907516777515,cpu
7f51d0db9dbb6801,keyword_template_aware,full,1.0,15,1,0.24324993137270212,cpu
991fc985c463f532,keyword_template_aware,full,1.0,15,1,0.3031659871339798,cpu
883c2ed40bb84a35,keyword_template_aware,full,2.0,4;15,1,0.25458401069045067,cpu
3ef30e253fa8afe8,keyword_template_aware,full,1.0,15,1,0.280875014141202,cpu
c534e40580f0006e,keyword_template_aware,full,2.0,4;15,1,0.3690830199047923,cpu
dac49a56fc813bfe,keyword_template_aware,full,1.0,15,1,0.33666694071143866,cpu
f354bb917f4afb48,keyword_template_aware,full,2.0,4;15,1,0.34379097633063793,cpu
8a952694f253bfa2,keyword_template_aware,full,1.0,15,1,0.1557499635964632,cpu
61b5f88e11d015f8,keyword_template_aware,full,1.0,15,1,0.25633303448557854,cpu
ed780926da550743,keyword_template_aware,full,2.0,4;15,1,0.22212497424334288,cpu
19d84f56b8cf498e,keyword_template_aware,full,1.0,15,1,0.1646250020712614,cpu
a9f56e12f2b8c96b,keyword_template_aware,full,2.0,4;15,1,0.17266697250306606,cpu
49956080a2b72ff8,keyword_template_aware,full,1.0,15,1,0.1396669540554285,cpu
7708e827d601c291,keyword_template_aware,full,2.0,4;15,1,0.33070798963308334,cpu
c5b0bcb6062c1237,keyword_template_aware,full,1.0,15,1,0.2704169601202011,cpu
6d6ef7b79fe6d901,keyword_template_aware,full,1.0,15,1,0.24695799220353365,cpu
718f7bff15404279,keyword_template_aware,full,2.0,4;15,1,0.22775004617869854,cpu
1b59a2f49643a4de,keyword_template_aware,full,1.0,15,1,0.2620000159367919,cpu
4099b7d7d666909c,keyword_template_aware,full,2.0,4;15,1,0.28537504840642214,cpu
cf82c2bab3f7c062,keyword_template_aware,full,1.0,15,1,0.3132499987259507,cpu
b8398dd0370a8a04,keyword_template_aware,full,2.0,4;15,1,0.32474996987730265,cpu
417dfd1574c2b424,keyword_template_aware,full,1.0,15,1,0.08604093454778194,cpu
d8b7a99923840120,keyword_template_aware,full,1.0,15,1,0.0724999699741602,cpu
154784321937d3d1,keyword_template_aware,full,1.0,15,1,0.09566708467900753,cpu
061e055686d597ee,keyword_template_aware,full,1.0,15,1,0.08204090408980846,cpu
caea286dc19e7447,keyword_template_aware,full,2.0,4;15,1,0.09520805906504393,cpu
c331b80a7f60b6bf,keyword_template_aware,full,2.0,4;15,1,0.08045905269682407,cpu
c141ffb3829743a7,keyword_template_aware,full,1.0,15,1,0.10125001426786184,cpu
0965d2fa182e43c8,keyword_template_aware,full,1.0,15,1,0.08879206143319607,cpu
6bd8e6b0ff0b8dec,keyword_template_aware,full,2.0,4;15,1,0.13870804104954004,cpu
dfae8a85f62acef0,keyword_template_aware,full,2.0,4;15,1,0.15437498223036528,cpu
e4d50f668b6754a2,keyword_template_aware,full,1.0,15,1,0.1384170027449727,cpu
e6de7425d5aa1301,keyword_template_aware,full,1.0,15,1,0.12404099106788635,cpu
e41a0d55f5ae8817,keyword_template_aware,full,2.0,4;15,1,0.17566699534654617,cpu
b8b0157bdf9018d7,keyword_template_aware,full,2.0,4;15,1,0.16499997582286596,cpu
27eb4fb694f7221c,keyword_template_aware,full,1.0,15,1,0.14391704462468624,cpu
1f2e812184d2663f,keyword_template_aware,full,1.0,15,1,0.10658300016075373,cpu
11d9109e949d236f,keyword_template_aware,full,2.0,4;15,1,0.08587492629885674,cpu
294aba073cc4640c,keyword_template_aware,full,1.0,15,1,0.09787501767277718,cpu
0cdad9a886f1779f,keyword_template_aware,full,2.0,4;15,1,0.09874999523162842,cpu
fd1c8afd316dfea2,keyword_template_aware,full,1.0,15,1,0.0877920538187027,cpu
fe7d41da100db562,keyword_template_aware,full,2.0,4;15,1,0.11595792602747679,cpu
b6f952b95549a632,keyword_template_aware,full,1.0,15,1,0.17595908138900995,cpu
50ece9662ae42275,keyword_template_aware,full,1.0,15,1,0.1836250303313136,cpu
28cd60fcdf8645c4,keyword_template_aware,full,2.0,4;15,1,0.16254198271781206,cpu
45c20a648cd48a7a,keyword_template_aware,full,1.0,15,1,0.18258392810821533,cpu
474f7e0179061f7a,keyword_template_aware,full,2.0,4;15,1,0.17608399502933025,cpu
5c9292ba360c217a,keyword_template_aware,full,1.0,15,1,0.16691710334271193,cpu
fcaee3543bfdd79f,keyword_template_aware,full,2.0,4;15,1,0.19229203462600708,cpu
ba10311a73f229a4,keyword_template_aware,full,1.0,15,1,0.06462493911385536,cpu
352d416cd234c8ef,keyword_template_aware,full,1.0,15,1,0.07654190994799137,cpu
984aeb256b997aea,keyword_template_aware,full,2.0,4;15,1,0.06987503729760647,cpu
184f68fca36cd3ca,keyword_template_aware,full,1.0,15,1,0.07658300455659628,cpu
21d9113eb165306b,keyword_template_aware,full,2.0,4;15,1,0.077415956184268,cpu
8a1f9f3e8dcf0899,keyword_template_aware,full,1.0,15,1,0.061666942201554775,cpu
7029a3f3cacddf6d,keyword_template_aware,full,2.0,4;15,1,0.09745790157467127,cpu
22657de225e2ada5,keyword_template_aware,full,1.0,15,1,0.08666596841067076,cpu
157829d80bdb199a,keyword_template_aware,full,1.0,15,1,0.09491702076047659,cpu
bbf0b8decf22644a,keyword_template_aware,full,2.0,4;15,1,0.09729200974106789,cpu
6b486a520ac899a7,keyword_template_aware,full,1.0,15,1,0.10254094377160072,cpu
06e4382c5300e2bd,keyword_template_aware,full,2.0,4;15,1,0.0967500964179635,cpu
91575a28ee32c3b4,keyword_template_aware,full,1.0,15,1,0.08445908315479755,cpu
a5d94d863c942e03,keyword_template_aware,full,2.0,4;15,1,0.11687492951750755,cpu
719f74b88c137792,keyword_template_aware,full,1.0,15,1,0.21308299619704485,cpu
cd69c68c397d5cb1,keyword_template_aware,full,1.0,15,1,0.2352090086787939,cpu
d9feca1f5c26dc07,keyword_template_aware,full,2.0,4;15,1,0.20412495359778404,cpu
7b49228291d8184c,keyword_template_aware,full,1.0,15,1,0.25308295153081417,cpu
963da4b45a053166,keyword_template_aware,full,2.0,4;15,1,0.23841694928705692,cpu
2d9030e0ebf2a397,keyword_template_aware,full,1.0,15,1,0.2101670252159238,cpu
50a123a512abd6b5,keyword_template_aware,full,2.0,4;15,1,0.2851249882951379,cpu
0c8e8a7553431250,keyword_template_aware,full,1.0,15,1,0.07941701915115118,cpu
25a0049f2d1699b2,keyword_template_aware,full,1.0,15,1,0.08774991147220135,cpu
97d7ecb3a550f69b,keyword_template_aware,full,2.0,4;15,1,0.08037500083446503,cpu
71ce7ccc5dd6b978,keyword_template_aware,full,1.0,15,1,0.09187497198581696,cpu
3bafae8e41e2ba1f,keyword_template_aware,full,2.0,4;15,1,0.09237497579306364,cpu
528c19cdbb5152d7,keyword_template_aware,full,1.0,15,1,0.08162506856024265,cpu
d9499ac0efe8cd12,keyword_template_aware,full,2.0,4;15,1,0.11449994053691626,cpu
a9a5a7a392e5ca7a,keyword_template_aware,full,1.0,15,1,0.07225002627819777,cpu
ba0dc9d579ba12e1,keyword_template_aware,full,1.0,15,1,0.0803329749032855,cpu
a3936d0df447275b,keyword_template_aware,full,2.0,4;15,1,0.07412501145154238,cpu
232716754fc75324,keyword_template_aware,full,1.0,15,1,0.08504092693328857,cpu
aba5d11b31dd1697,keyword_template_aware,full,2.0,4;15,1,0.08841697126626968,cpu
7c8a98dbfa5daa38,keyword_template_aware,full,1.0,15,1,0.07341592572629452,cpu
782ccf1451c56ca5,keyword_template_aware,full,2.0,4;15,1,0.10362500324845314,cpu
2e1165f47ce9a85a,keyword_template_aware,full,1.0,15,1,0.06745802238583565,cpu
b70c5b1bbd56ea59,keyword_template_aware,full,1.0,15,1,0.0753339845687151,cpu
006709f066901963,keyword_template_aware,full,2.0,4;15,1,0.0725829740986228,cpu
bae7295c9559149f,keyword_template_aware,full,1.0,15,1,0.08100003469735384,cpu
d9dcef15292d0f42,keyword_template_aware,full,2.0,4;15,1,0.08449994493275881,cpu
57193ed97c447c99,keyword_template_aware,full,1.0,15,1,0.06904208566993475,cpu
4a6a2e1528c48189,keyword_template_aware,full,2.0,4;15,1,0.10179099626839161,cpu
138524ccadd67311,keyword_template_aware,full,1.0,15,1,0.38683402817696333,cpu
db0556b73e5f0bf9,keyword_template_aware,full,1.0,15,1,0.4330830415710807,cpu
35f7c85ae0f19812,keyword_template_aware,full,2.0,4;15,1,0.3761250991374254,cpu
2a23edd09df5d744,keyword_template_aware,full,1.0,15,1,0.44904102105647326,cpu
c0d51a089cb3017f,keyword_template_aware,full,2.0,4;15,1,0.41862507350742817,cpu
443739bdd256fb9f,keyword_template_aware,full,1.0,15,1,0.4193750210106373,cpu
d27ef4cdd024f02a,keyword_template_aware,full,2.0,4;15,1,0.4955419572070241,cpu
3707d3bd1a6fc4b9,keyword_template_aware,full,1.0,15,1,0.21466705948114395,cpu
f77c77d8619d528e,keyword_template_aware,full,1.0,15,1,0.22895901929587126,cpu
e43b6de8e231ee73,keyword_template_aware,full,2.0,4;15,1,0.20608305931091309,cpu
d0f10d4ce04c74af,keyword_template_aware,full,1.0,15,1,0.24049996864050627,cpu
da504d04d97d2768,keyword_template_aware,full,2.0,4;15,1,0.22616691421717405,cpu
be44ef4d9c3d94fc,keyword_template_aware,full,1.0,15,1,0.213540974073112,cpu
d4857444be7bba3a,keyword_template_aware,full,2.0,4;15,1,0.2603749744594097,cpu
33f08988ef645cea,keyword_template_aware,full,2.0,0;11,1,0.06695894990116358,cpu
0876378d7ef2c66c,keyword_template_aware,full,2.0,0;11,1,0.07133407052606344,cpu
6bcf7b4929deb3bb,keyword_template_aware,full,3.0,0;4;11,1,0.06804103031754494,cpu
fd46c70ca271b083,keyword_template_aware,full,2.0,0;11,1,0.0749160535633564,cpu
121944dbe84242c1,keyword_template_aware,full,3.0,0;4;11,1,0.07833389099687338,cpu
02ae7ff31f99b5c6,keyword_template_aware,full,2.0,0;11,1,0.06374996155500412,cpu
e70d4213f680c3ba,keyword_template_aware,full,3.0,0;4;11,1,0.09479199070483446,cpu
59e583751feed4e2,keyword_template_aware,full,2.0,0;11,1,0.06495800334960222,cpu
3f78cad3577f75e7,keyword_template_aware,full,2.0,0;11,1,0.07104105316102505,cpu
7c9655827c596a5b,keyword_template_aware,full,3.0,0;4;11,1,0.06812508217990398,cpu
3f1461ba894fbca7,keyword_template_aware,full,2.0,0;11,1,0.07554201874881983,cpu
736c81db3d6fd63f,keyword_template_aware,full,3.0,0;4;11,1,0.0789170153439045,cpu
fed2aaeb961f15f5,keyword_template_aware,full,2.0,0;11,1,0.06420805584639311,cpu
05195b58e6699ecd,keyword_template_aware,full,3.0,0;4;11,1,0.09416707325726748,cpu
12db448d5046541c,keyword_template_aware,full,2.0,0;11,1,0.17179199494421482,cpu
57ad3f991153d53a,keyword_template_aware,full,2.0,0;11,1,0.1391249243170023,cpu
c67d1253fd6d3bc0,keyword_template_aware,full,2.0,0;11,1,0.18700002692639828,cpu
b4fdfd5cf3f2bc30,keyword_template_aware,full,2.0,0;11,1,0.1466670073568821,cpu
bd2f590353d3dd92,keyword_template_aware,full,3.0,0;4;11,1,0.1808329252526164,cpu
8b8b2266effb2d54,keyword_template_aware,full,3.0,0;4;11,1,0.12391596101224422,cpu
6fe86de6da48d968,keyword_template_aware,full,2.0,0;11,1,0.1722919987514615,cpu
21a39ffad0f0a33c,keyword_template_aware,full,2.0,0;11,1,0.13058295007795095,cpu
ed43cd3a3682447e,keyword_template_aware,full,3.0,0;4;11,1,0.16649998724460602,cpu
90e4fb05b8f6f521,keyword_template_aware,full,3.0,0;4;11,1,0.1324999611824751,cpu
d40fa09311e8da5a,keyword_template_aware,full,2.0,0;11,1,0.14875002671033144,cpu
2127665529af3847,keyword_template_aware,full,2.0,0;11,1,0.12029195204377174,cpu
0c15b01716d80ebf,keyword_template_aware,full,3.0,0;4;11,1,0.1889999257400632,cpu
2c7a38a83522d762,keyword_template_aware,full,3.0,0;4;11,1,0.13779103755950928,cpu
59c1abb6bcbf2c0a,keyword_template_aware,full,2.0,0;11,1,0.224041985347867,cpu
3e12c5d8ee60cb82,keyword_template_aware,full,2.0,0;11,1,0.25033403653651476,cpu
ce2012e29e35fe1a,keyword_template_aware,full,3.0,0;4;11,1,0.22137502674013376,cpu
e60f2706fe712ba7,keyword_template_aware,full,2.0,0;11,1,0.2660000463947654,cpu
2aea936c8d746ad0,keyword_template_aware,full,3.0,0;4;11,1,0.2550829667598009,cpu
f342b67e34b68dc5,keyword_template_aware,full,2.0,0;11,1,0.22825004998594522,cpu
1f5ced929d386622,keyword_template_aware,full,3.0,0;4;11,1,0.3038340946659446,cpu
bab3ee192d1556ab,keyword_template_aware,full,2.0,0;11,1,0.1170838950201869,cpu
8beee36950e70dd2,keyword_template_aware,full,2.0,0;11,1,0.12870901264250278,cpu
ddb511e0c67f0102,keyword_template_aware,full,3.0,0;4;11,1,0.11749996338039637,cpu
d17b8363f269c236,keyword_template_aware,full,2.0,0;11,1,0.13804191257804632,cpu
92bb4d4047a14d8b,keyword_template_aware,full,3.0,0;4;11,1,0.1353750703856349,cpu
7dc4c6c718afaa0a,keyword_template_aware,full,2.0,0;11,1,0.11904106941074133,cpu
eca8990675dde86a,keyword_template_aware,full,3.0,0;4;11,1,0.15929201617836952,cpu
253b790507435976,keyword_template_aware,full,2.0,0;11,1,0.15400000847876072,cpu
e7d2476235ab0072,keyword_template_aware,full,2.0,0;11,1,0.16529194545000792,cpu
5bd850e181a46b38,keyword_template_aware,full,3.0,0;4;11,1,0.15595799777656794,cpu
72863cae1223c50a,keyword_template_aware,full,2.0,0;11,1,0.17133308574557304,cpu
2a4de8a9f5e604d7,keyword_template_aware,full,3.0,0;4;11,1,0.1770000671967864,cpu
73a990957a6e8e6c,keyword_template_aware,full,2.0,0;11,1,0.1532500609755516,cpu
25e3137dffb9945a,keyword_template_aware,full,3.0,0;4;11,1,0.190083053894341,cpu
81ae3a17b0120738,keyword_template_aware,full,2.0,0;11,1,0.062208971939980984,cpu
6eaffd8abdfc7943,keyword_template_aware,full,2.0,0;11,1,0.05341600626707077,cpu
9002c8cc921d4d2a,keyword_template_aware,full,2.0,0;11,1,0.06854196544736624,cpu
59df93f425f8e006,keyword_template_aware,full,2.0,0;11,1,0.05966599564999342,cpu
f300dc2a7fb8a33d,keyword_template_aware,full,3.0,0;4;11,1,0.06583298090845346,cpu
e239e36f1eea2d78,keyword_template_aware,full,3.0,0;4;11,1,0.05733396392315626,cpu
d5e189e30ddb2200,keyword_template_aware,full,2.0,0;11,1,0.07183407433331013,cpu
d981bccc69a4dcd6,keyword_template_aware,full,2.0,0;11,1,0.06308301817625761,cpu
1216b1e7a91eb548,keyword_template_aware,full,3.0,0;4;11,1,0.07545808330178261,cpu
9ed776dbf4fe215e,keyword_template_aware,full,3.0,0;4;11,1,0.06666698027402163,cpu
98f1b76f0b8d93cb,keyword_template_aware,full,2.0,0;11,1,0.08704105857759714,cpu
25f3d487264a252d,keyword_template_aware,full,2.0,0;11,1,0.07533305324614048,cpu
3135cfcc69886739,keyword_template_aware,full,3.0,0;4;11,1,0.10945904068648815,cpu
5e12b2ffae6d5cf3,keyword_template_aware,full,3.0,0;4;11,1,0.09779201354831457,cpu
06b74c6c4c7c037c,keyword_template_aware,full,2.0,0;11,1,0.08537503890693188,cpu
bf701ae3c3bfe793,keyword_template_aware,full,2.0,0;11,1,0.09287497960031033,cpu
a121c945f138a0d1,keyword_template_aware,full,3.0,0;4;11,1,0.08708296809345484,cpu
0b811cf7f6e1db8f,keyword_template_aware,full,2.0,0;11,1,0.0992499990388751,cpu
b8fc9a565dde6cb7,keyword_template_aware,full,3.0,0;4;11,1,0.09770900942385197,cpu
170796405cf395b9,keyword_template_aware,full,2.0,0;11,1,0.0909160589799285,cpu
47736fb1632a7de8,keyword_template_aware,full,3.0,0;4;11,1,0.11358398478478193,cpu
777c48a187699334,keyword_template_aware,full,2.0,0;11,1,0.16266689635813236,cpu
4d0e0ecf442a8367,keyword_template_aware,full,2.0,0;11,1,0.16799999866634607,cpu
4820538cd8c1002f,keyword_template_aware,full,3.0,0;4;11,1,0.1525840489193797,cpu
0c8a2439e90145d0,keyword_template_aware,full,2.0,0;11,1,0.17233402468264103,cpu
aacf1ec90bc64883,keyword_template_aware,full,3.0,0;4;11,1,0.16920804046094418,cpu
4a4ceb48f535b688,keyword_template_aware,full,2.0,0;11,1,0.1638340763747692,cpu
b838039c058e6dac,keyword_template_aware,full,3.0,0;4;11,1,0.1800000900402665,cpu
f81d3e1f7d0231a6,keyword_template_aware,full,2.0,0;11,1,0.06604194641113281,cpu
af19447cb3d313fc,keyword_template_aware,full,2.0,0;11,1,0.07362500764429569,cpu
e086bfc7fefe8ed7,keyword_template_aware,full,3.0,0;4;11,1,0.07083301898092031,cpu
176538056b02fcc4,keyword_template_aware,full,2.0,0;11,1,0.07791595999151468,cpu
60cdd139ad7d5699,keyword_template_aware,full,3.0,0;4;11,1,0.08124997839331627,cpu
22d3b8736bc02da8,keyword_template_aware,full,2.0,0;11,1,0.0665419502183795,cpu
cb9875e60cef371c,keyword_template_aware,full,3.0,0;4;11,1,0.09575008880347013,cpu
6c39fc2e9114cad5,keyword_template_aware,full,2.0,0;11,1,0.0862079905346036,cpu
97854b641d745993,keyword_template_aware,full,2.0,0;11,1,0.0944170169532299,cpu
681d38e1512d9c4a,keyword_template_aware,full,3.0,0;4;11,1,0.08795794565230608,cpu
7f582c44d6156bfe,keyword_template_aware,full,2.0,0;11,1,0.09770900942385197,cpu
74330da0679f33dd,keyword_template_aware,full,3.0,0;4;11,1,0.09904196485877037,cpu
abc78578c48a9628,keyword_template_aware,full,2.0,0;11,1,0.08750008419156075,cpu
6948c3fb57b9e15e,keyword_template_aware,full,3.0,0;4;11,1,0.11316698510199785,cpu
96c835c6fe572903,keyword_template_aware,full,2.0,0;11,1,0.20041700918227434,cpu
965ea84cdf0501fd,keyword_template_aware,full,2.0,0;11,1,0.22316596005111933,cpu
91c1f4388d816fe2,keyword_template_aware,full,3.0,0;4;11,1,0.20345801021903753,cpu
74a23a20c4336c85,keyword_template_aware,full,2.0,0;11,1,0.2337079495191574,cpu
29b5e95c890212e0,keyword_template_aware,full,3.0,0;4;11,1,0.22666598670184612,cpu
e87f45d16894972a,keyword_template_aware,full,2.0,0;11,1,0.20462507382035255,cpu
ef87a288ea2f163e,keyword_template_aware,full,3.0,0;4;11,1,0.2722910139709711,cpu
4e60ce956fdfd4dd,keyword_template_aware,full,2.0,0;11,1,0.0813750084489584,cpu
6bb7eae9be40e5b2,keyword_template_aware,full,2.0,0;11,1,0.08837494533509016,cpu
5740a616452921f7,keyword_template_aware,full,3.0,0;4;11,1,0.08204206824302673,cpu
04e34a134aea12f4,keyword_template_aware,full,2.0,0;11,1,0.09191595017910004,cpu
565879a721f7adf8,keyword_template_aware,full,3.0,0;4;11,1,0.09279092773795128,cpu
69c4be2cb954c8b4,keyword_template_aware,full,2.0,0;11,1,0.0814169179648161,cpu
58ea6f19159ef488,keyword_template_aware,full,3.0,0;4;11,1,0.10845798533409834,cpu
6a831a35ea57c291,keyword_template_aware,full,2.0,0;11,1,0.07629196625202894,cpu
4232f113b5d1639a,keyword_template_aware,full,2.0,0;11,1,0.08187501225620508,cpu
1b168940ce003031,keyword_template_aware,full,3.0,0;4;11,1,0.07558299694210291,cpu
6347fba62501e877,keyword_template_aware,full,2.0,0;11,1,0.08549995254725218,cpu
0e70c720df04fc00,keyword_template_aware,full,3.0,0;4;11,1,0.08645805064588785,cpu
58d2a81cd3bdd61c,keyword_template_aware,full,2.0,0;11,1,0.07641594856977463,cpu
662c3e45d9f916b1,keyword_template_aware,full,3.0,0;4;11,1,0.1015419838950038,cpu
5852c14d9e627699,keyword_template_aware,full,2.0,0;11,1,0.07333303801715374,cpu
d04796fe9d5cc18e,keyword_template_aware,full,2.0,0;11,1,0.07879198528826237,cpu
6275f865370b7144,keyword_template_aware,full,3.0,0;4;11,1,0.07691700011491776,cpu
f5d115705d3f70b0,keyword_template_aware,full,2.0,0;11,1,0.08437491487711668,cpu
0c3ee209ea5a438d,keyword_template_aware,full,3.0,0;4;11,1,0.08666596841067076,cpu
efde18bf919e039d,keyword_template_aware,full,2.0,0;11,1,0.07354200351983309,cpu
ea3e696f49b4dcd3,keyword_template_aware,full,3.0,0;4;11,1,0.10308402124792337,cpu
e0b3ba064b4620cf,keyword_template_aware,full,2.0,0;11,1,0.3801250131800771,cpu
6a091433fcc7a1e1,keyword_template_aware,full,2.0,0;11,1,0.4080419894307852,cpu
496a2adb437c229e,keyword_template_aware,full,3.0,0;4;11,1,0.3649999853223562,cpu
93b384d4575c7bcd,keyword_template_aware,full,2.0,0;11,1,0.42699999175965786,cpu
a374af3fb260c489,keyword_template_aware,full,3.0,0;4;11,1,0.40537503082305193,cpu
45d61c78e32a52e0,keyword_template_aware,full,2.0,0;11,1,0.38700003642588854,cpu
cce0a9bb1ad4ed1b,keyword_template_aware,full,3.0,0;4;11,1,0.4695829702541232,cpu
99fb60168af68452,keyword_template_aware,full,2.0,0;11,1,0.21225004456937313,cpu
da66778344e5bb70,keyword_template_aware,full,2.0,0;11,1,0.226292060688138,cpu
4735841529eed165,keyword_template_aware,full,3.0,0;4;11,1,0.20474998746067286,cpu
5e132de5965bea5f,keyword_template_aware,full,2.0,0;11,1,0.23033400066196918,cpu
34d942fdfcf8f186,keyword_template_aware,full,3.0,0;4;11,1,0.22087502293288708,cpu
4eaf5374c8c20f24,keyword_template_aware,full,2.0,0;11,1,0.20937493536621332,cpu
5574a003f59affb7,keyword_template_aware,full,3.0,0;4;11,1,0.24687498807907104,cpu
f3427093dde5f560,keyword_template_aware,full,0.0,,1,0.051292008720338345,cpu
aa095e6670dc26c8,keyword_template_aware,full,0.0,,1,0.05970895290374756,cpu
00f940e5c38588f6,keyword_template_aware,full,1.0,4,1,0.056292046792805195,cpu
fb642354734a336a,keyword_template_aware,full,0.0,,1,0.06491702515631914,cpu
f85130f54be071ef,keyword_template_aware,full,1.0,4,1,0.06937491707503796,cpu
990af116bb40d293,keyword_template_aware,full,0.0,,1,0.051582930609583855,cpu
8478ff10dec83706,keyword_template_aware,full,1.0,4,1,0.08716690354049206,cpu
e89b6349a6191ee9,keyword_template_aware,full,0.0,,1,0.05258398596197367,cpu
bec463510d3d1d54,keyword_template_aware,full,0.0,,1,0.06054190453141928,cpu
10025aa6c1ad7eff,keyword_template_aware,full,1.0,4,1,0.058208941482007504,cpu
c5d854d1a72a59da,keyword_template_aware,full,0.0,,1,0.06683391984552145,cpu
f0441d70e2f670a7,keyword_template_aware,full,1.0,4,1,0.07104198448359966,cpu
a12331705c6aca53,keyword_template_aware,full,0.0,,1,0.05262496415525675,cpu
c622a35b1c9d4588,keyword_template_aware,full,1.0,4,1,0.08775002788752317,cpu
bff0f600aa8289ef,keyword_template_aware,full,0.0,,1,0.1610000617802143,cpu
7b9eb2e0e14a24a6,keyword_template_aware,full,0.0,,1,0.13875006698071957,cpu
e69e718da2fb56ea,keyword_template_aware,full,0.0,,1,0.17924990970641375,cpu
e6d77a897be024b4,keyword_template_aware,full,0.0,,1,0.1480829669162631,cpu
1890eae908f0f7a1,keyword_template_aware,full,1.0,4,1,0.16433303244411945,cpu
842b4898376bfb3a,keyword_template_aware,full,1.0,4,1,0.1379579771310091,cpu
a2ed9dd9f9627da9,keyword_template_aware,full,0.0,,1,0.1888750120997429,cpu
a78ae6a3022374f8,keyword_template_aware,full,0.0,,1,0.15233305748552084,cpu
dce7cc77a2a7b61e,keyword_template_aware,full,1.0,4,1,0.18574995920062065,cpu
dbedbfe2cefc0c42,keyword_template_aware,full,1.0,4,1,0.1474579330533743,cpu
fe1de34aeaa21ca4,keyword_template_aware,full,0.0,,1,0.16449997201561928,cpu
f669c49c4897d4f1,keyword_template_aware,full,0.0,,1,0.14229200314730406,cpu
5a683437e4548946,keyword_template_aware,full,1.0,4,1,0.224041985347867,cpu
6e7c5c6103910e45,keyword_template_aware,full,1.0,4,1,0.16870908439159393,cpu
55db7c7ab2be0acf,keyword_template_aware,full,0.0,,1,0.2707090461626649,cpu
250ed441e696e660,keyword_template_aware,full,0.0,,1,0.240459106862545,cpu
ab36081f4187f0ce,keyword_template_aware,full,1.0,4,1,0.2127919578924775,cpu
7b08f106f19ce2e3,keyword_template_aware,full,0.0,,1,0.2554169623181224,cpu
92513928cc355e19,keyword_template_aware,full,1.0,4,1,0.25054195430129766,cpu
c5b63a2cf7f28706,keyword_template_aware,full,0.0,,1,0.21308299619704485,cpu
8915340af05bcd6e,keyword_template_aware,full,1.0,4,1,0.3070830134674907,cpu
95e79449768c7eb6,keyword_template_aware,full,0.0,,1,0.1064579701051116,cpu
ebffc041a301b612,keyword_template_aware,full,0.0,,1,0.1206250162795186,cpu
4580d4ac2736bd70,keyword_template_aware,full,1.0,4,1,0.10979094076901674,cpu
e43d1ff98d54853d,keyword_template_aware,full,0.0,,1,0.12987502850592136,cpu
04378a744eb34d2b,keyword_template_aware,full,1.0,4,1,0.1295410329475999,cpu
fb8e37bf6181e535,keyword_template_aware,full,0.0,,1,0.10791595559567213,cpu
679a46a96ba36be7,keyword_template_aware,full,1.0,4,1,0.15954207628965378,cpu
094d0cd62fc6a62f,keyword_template_aware,full,0.0,,1,0.14937506057322025,cpu
a0bc99ad56e30b56,keyword_template_aware,full,0.0,,1,0.16312499064952135,cpu
113e90a12dca27ec,keyword_template_aware,full,1.0,4,1,0.14837505295872688,cpu
1a777bbac13e35c3,keyword_template_aware,full,0.0,,1,0.1705830218270421,cpu
ee407e1dd1b2dfe9,keyword_template_aware,full,1.0,4,1,0.17308304086327553,cpu
bc97c3424d37c2ed,keyword_template_aware,full,0.0,,1,0.1480410574004054,cpu
3b0174ecda343bc1,keyword_template_aware,full,1.0,4,1,0.19474991131573915,cpu
f5bd1283357dc0ba,keyword_template_aware,full,0.0,,1,0.05349994171410799,cpu
870c94012e887dee,keyword_template_aware,full,0.0,,1,0.0441248994320631,cpu
81927d0780f0f046,keyword_template_aware,full,0.0,,1,0.06049999501556158,cpu
5d6f58797a6350c4,keyword_template_aware,full,0.0,,1,0.05825003609061241,cpu
3926444d476735c9,keyword_template_aware,full,1.0,4,1,0.057832919992506504,cpu
5b2c565cb7415d58,keyword_template_aware,full,1.0,4,1,0.04891701973974705,cpu
a135a6bac51e8907,keyword_template_aware,full,0.0,,1,0.06454193498939276,cpu
458cc832cbddcf6f,keyword_template_aware,full,0.0,,1,0.05600007716566324,cpu
dfe097e80d1a6c8f,keyword_template_aware,full,1.0,4,1,0.06883300375193357,cpu
3b114d4ed4de8358,keyword_template_aware,full,1.0,4,1,0.059542013332247734,cpu
a5f0b1e1a55a86c5,keyword_template_aware,full,0.0,,1,0.053875031881034374,cpu
3edb6f2d3b3092d6,keyword_template_aware,full,0.0,,1,0.04499999340623617,cpu
f9acaebeb6484dd6,keyword_template_aware,full,1.0,4,1,0.08400005754083395,cpu
9245c9ef21bedaf7,keyword_template_aware,full,1.0,4,1,0.07462501525878906,cpu
e90afbbdaf76d923,keyword_template_aware,full,0.0,,1,0.06716593634337187,cpu
d10c1f3d858776d2,keyword_template_aware,full,0.0,,1,0.0740840332582593,cpu
a9e61c503c07f37d,keyword_template_aware,full,1.0,4,1,0.06833299994468689,cpu
8290c4ab0a6a188d,keyword_template_aware,full,0.0,,1,0.07770804222673178,cpu
3ee19b3452975695,keyword_template_aware,full,1.0,4,1,0.07912504952400923,cpu
01b373946fed0209,keyword_template_aware,full,0.0,,1,0.06720901001244783,cpu
ecc0efee77f94f8a,keyword_template_aware,full,1.0,4,1,0.09416602551937103,cpu
513e896054c59923,keyword_template_aware,full,0.0,,1,0.14224997721612453,cpu
ba2e94e728391e56,keyword_template_aware,full,0.0,,1,0.14958297833800316,cpu
07ed924bcff1ddec,keyword_template_aware,full,1.0,4,1,0.13591698370873928,cpu
616d1a6836f38c74,keyword_template_aware,full,0.0,,1,0.15370792243629694,cpu
8cf36922d4983de6,keyword_template_aware,full,1.0,4,1,0.1465420937165618,cpu
db82c34e08fe90e7,keyword_template_aware,full,0.0,,1,0.1426249509677291,cpu
bbff072444b4d336,keyword_template_aware,full,1.0,4,1,0.16175000928342342,cpu
4bba2bedc6ddcaad,keyword_template_aware,full,0.0,,1,0.05445897113531828,cpu
a3fa7251c6cb101e,keyword_template_aware,full,0.0,,1,0.05495909135788679,cpu
fe32c3bda368088b,keyword_template_aware,full,1.0,4,1,0.051709008403122425,cpu
1fdd0e7cb3e1f850,keyword_template_aware,full,0.0,,1,0.058916048146784306,cpu
00ea1b1677c2f706,keyword_template_aware,full,1.0,4,1,0.06250001024454832,cpu
c094043d94d59239,keyword_template_aware,full,0.0,,1,0.04745891783386469,cpu
087ea420b62d6cdb,keyword_template_aware,full,1.0,4,1,0.07800001185387373,cpu
e6b70496dabdb678,keyword_template_aware,full,0.0,,1,0.0682090176269412,cpu
ae4791e021e74d9a,keyword_template_aware,full,0.0,,1,0.0754169886931777,cpu
57ded79267abe960,keyword_template_aware,full,1.0,4,1,0.06983301136642694,cpu
cd27bb8f07d391dd,keyword_template_aware,full,0.0,,1,0.07924996316432953,cpu
2dd5247a3a559c6e,keyword_template_aware,full,1.0,4,1,0.08020899258553982,cpu
43c35d53bdbb6501,keyword_template_aware,full,0.0,,1,0.0684160040691495,cpu
65f82d1980674f57,keyword_template_aware,full,1.0,4,1,0.10220799595117569,cpu
2adee6868c6c31f8,keyword_template_aware,full,0.0,,1,0.15824998263269663,cpu
78abd3041cfbfb67,keyword_template_aware,full,0.0,,1,0.17991696950048208,cpu
298355cfd71dff9b,keyword_template_aware,full,1.0,4,1,0.1609170576557517,cpu
53528f7da0ceea11,keyword_template_aware,full,0.0,,1,0.20570808555930853,cpu
1ccf079fcbc8b623,keyword_template_aware,full,1.0,4,1,0.1906669931486249,cpu
2de1467099f415cd,keyword_template_aware,full,0.0,,1,0.16120797954499722,cpu
064bf935cde6ae4c,keyword_template_aware,full,1.0,4,1,0.23962499108165503,cpu
a45dbdc189fe6106,keyword_template_aware,full,0.0,,1,0.06450002547353506,cpu
a4e28595aa3d2192,keyword_template_aware,full,0.0,,1,0.07108307909220457,cpu
bfc978993c12e06e,keyword_template_aware,full,1.0,4,1,0.0653330935165286,cpu
fd6a5e859c002dee,keyword_template_aware,full,0.0,,1,0.075541902333498,cpu
8a9af7140d71cbac,keyword_template_aware,full,1.0,4,1,0.08304102811962366,cpu
b7eac9da4ca733b0,keyword_template_aware,full,0.0,,1,0.06437499541789293,cpu
52bd11ec5a2ed1ee,keyword_template_aware,full,1.0,4,1,0.09116693399846554,cpu
6569e942ac8683aa,keyword_template_aware,full,0.0,,1,0.057750032283365726,cpu
0f056fa710ec542c,keyword_template_aware,full,0.0,,1,0.0651670852676034,cpu
383097919ff0bc64,keyword_template_aware,full,1.0,4,1,0.06962497718632221,cpu
2ec2fee1b1395eca,keyword_template_aware,full,0.0,,1,0.07012509740889072,cpu
e035562b23150ccc,keyword_template_aware,full,1.0,4,1,0.07070903666317463,cpu
785d1e5fb1a92354,keyword_template_aware,full,0.0,,1,0.05866598803550005,cpu
26279fd54abc711d,keyword_template_aware,full,1.0,4,1,0.08604093454778194,cpu
05a5b40a66751412,keyword_template_aware,full,0.0,,1,0.05341600626707077,cpu
1cf2c93c0f5acd81,keyword_template_aware,full,0.0,,1,0.060165999457240105,cpu
480dad9098498532,keyword_template_aware,full,1.0,4,1,0.057709054090082645,cpu
d28ef2170a51dd02,keyword_template_aware,full,0.0,,1,0.06458302959799767,cpu
4cdfd8dd21f4f0e1,keyword_template_aware,full,1.0,4,1,0.06824999582022429,cpu
ee150fa3e5113263,keyword_template_aware,full,0.0,,1,0.05370797589421272,cpu
d714b6e4a0c2f1fd,keyword_template_aware,full,1.0,4,1,0.08341693319380283,cpu
be753337606d95a0,keyword_template_aware,full,0.0,,1,0.3964999923482537,cpu
d725f872b2da18d9,keyword_template_aware,full,0.0,,1,0.4290830111131072,cpu
95b47efab68cfc4a,keyword_template_aware,full,1.0,4,1,0.39295805618166924,cpu
0e097a0e45519433,keyword_template_aware,full,0.0,,1,0.44575007632374763,cpu
c0937a1b68be7db5,keyword_template_aware,full,1.0,4,1,0.4207910969853401,cpu
91e258a77a17c820,keyword_template_aware,full,0.0,,1,0.3854590468108654,cpu
102c7ba5cc64ae15,keyword_template_aware,full,1.0,4,1,0.49408397171646357,cpu
f59262ba66874f44,keyword_template_aware,full,0.0,,1,0.2244170755147934,cpu
43042162e3e4f6ec,keyword_template_aware,full,0.0,,1,0.2228330122306943,cpu
cd64366ebb7c5328,keyword_template_aware,full,1.0,4,1,0.20120793487876654,cpu
364fe397315bf9f2,keyword_template_aware,full,0.0,,1,0.2477499656379223,cpu
61cca57f58698462,keyword_template_aware,full,1.0,4,1,0.23329199757426977,cpu
55ca6eba248ac8ab,keyword_template_aware,full,0.0,,1,0.20745897199958563,cpu
dd4b4b3741828187,keyword_template_aware,full,1.0,4,1,0.2637500874698162,cpu
82186a951d674959,keyword_template_aware,full,0.0,,1,0.03570795524865389,cpu
ccf0e9073f07948a,keyword_template_aware,full,0.0,,1,0.04425004590302706,cpu
215689bc6d87ad20,keyword_template_aware,full,0.0,,1,0.14308304525911808,cpu
3571b8666e9b81b5,keyword_template_aware,full,0.0,,1,0.1331249950453639,cpu
99dafc25d090122f,keyword_template_aware,full,0.0,,1,0.20274997223168612,cpu
0a110c259251d0aa,keyword_template_aware,full,0.0,,1,0.09595905430614948,cpu
df87de2b8153d5b8,keyword_template_aware,full,0.0,,1,0.15341700054705143,cpu
7cf5901d20a138f3,keyword_template_aware,full,0.0,,1,0.05216605495661497,cpu
f7afd3499620b568,keyword_template_aware,full,0.0,,1,0.045915949158370495,cpu
0701ddd7eea55dfe,keyword_template_aware,full,0.0,,1,0.067290966399014,cpu
bcc0305b872db514,keyword_template_aware,full,0.0,,1,0.15529198572039604,cpu
e5a3282e2f5a654e,keyword_template_aware,full,0.0,,1,0.04666694439947605,cpu
4463e5a3de95904c,keyword_template_aware,full,0.0,,1,0.07279205601662397,cpu
0c907f6f51864495,keyword_template_aware,full,0.0,,1,0.14820892829447985,cpu
5dcfcf28780002eb,keyword_template_aware,full,0.0,,1,0.0612910371273756,cpu
bb5b6de6c581a229,keyword_template_aware,full,0.0,,1,0.05958403926342726,cpu
707f40d081a0a1f0,keyword_template_aware,full,0.0,,1,0.047874986194074154,cpu
b57fb94dd12e27ce,keyword_template_aware,full,0.0,,1,0.34508295357227325,cpu
3206ced43a0f1465,keyword_template_aware,full,0.0,,1,0.1890829298645258,cpu
c9bbba16a0052041,keyword_template_aware,full,3.0,12;13;14,1,0.11837505735456944,cpu
fba4a06f1d270987,keyword_template_aware,full,0.0,,1,0.010624993592500687,cpu
2b09ca75b97961ec,keyword_template_aware,full,4.0,4;12;13;14,1,0.10391604155302048,cpu
8885b98de7c138a1,keyword_template_aware,full,3.0,12;13;14,1,0.10591698810458183,cpu
2a80fd04c78bde54,keyword_template_aware,full,3.0,12;13;14,1,0.10412500705569983,cpu
f3b1560254777851,keyword_template_aware,full,3.0,12;13;14,1,0.09754206985235214,cpu
7eac498ca4743738,keyword_template_aware,full,4.0,4;12;13;14,1,0.08775002788752317,cpu
c146f4ca59d2a7bb,keyword_template_aware,full,4.0,4;12;13;14,1,0.09466707706451416,cpu
c29705b42f076bb8,keyword_template_aware,full,4.0,7;12;13;14,1,0.07529195863753557,cpu
987050f9fa0bffbb,keyword_template_aware,full,3.0,12;13;14,1,0.12241699732840061,cpu
1650388f8f43fa37,keyword_template_aware,full,3.0,12;13;14,1,0.22154103498905897,cpu
1bdd2e4feb6232a9,keyword_template_aware,full,4.0,4;12;13;14,1,0.216791988350451,cpu
57709cc727934134,keyword_template_aware,full,3.0,12;13;14,1,0.18529105000197887,cpu
e9ac9dfa7da2a6e7,keyword_template_aware,full,3.0,12;13;14,1,0.17620797734707594,cpu
bed89e44ffcbd179,keyword_template_aware,full,3.0,12;13;14,1,0.1652499195188284,cpu
e07e9bd3a58bbb72,keyword_template_aware,full,4.0,4;12;13;14,1,0.15904195606708527,cpu
6d6fc3b33ec57ac8,keyword_template_aware,full,3.0,12;13;14,1,0.17020897939801216,cpu
20022bd3d968f4b3,keyword_template_aware,full,4.0,7;12;13;14,1,0.14658295549452305,cpu
65362b7b015bb5a5,keyword_template_aware,full,3.0,12;13;14,1,0.17550005577504635,cpu
d460f10c5a58e993,keyword_template_aware,full,3.0,12;13;14,1,0.10470801498740911,cpu
377cb8c89223bfc5,keyword_template_aware,full,0.0,,1,0.03945804201066494,cpu
a5da9e6a333464ed,keyword_template_aware,full,0.0,,1,0.006624963134527206,cpu
330ca2e3a5b3f7af,keyword_template_aware,full,4.0,4;12;13;14,1,0.09662494994699955,cpu
99a81e092497084c,keyword_template_aware,full,3.0,12;13;14,1,0.0991669949144125,cpu
a2060c3ca45a3eb6,keyword_template_aware,full,3.0,12;13;14,1,0.0969999236986041,cpu
a85cbbca3361a9ca,keyword_template_aware,full,3.0,12;13;14,1,0.08991605136543512,cpu
3f41c9d68d314657,keyword_template_aware,full,4.0,4;12;13;14,1,0.08362496737390757,cpu
a353fce5c921dc2e,keyword_template_aware,full,4.0,4;12;13;14,1,0.08916598744690418,cpu
6db0617c04013331,keyword_template_aware,full,4.0,7;12;13;14,1,0.09095808491110802,cpu
35f6f71f65c3407b,keyword_template_aware,full,3.0,12;13;14,1,0.12383295688778162,cpu
e9353f20aea94069,keyword_template_aware,full,0.0,,1,0.01037493348121643,cpu
653893a3e7b9c80a,keyword_template_aware,full,0.0,,1,0.009958050213754177,cpu
8456c00d0d9da328,keyword_template_aware,full,0.0,,1,0.00825000461190939,cpu
4c57ffbb263487d3,keyword_template_aware,full,0.0,,1,0.010500079952180386,cpu
0c00852c495d5ead,keyword_template_aware,full,0.0,,1,0.008167000487446785,cpu
4c7f8bf5e9711235,keyword_template_aware,full,3.0,12;13;14,1,0.12337497901171446,cpu
8c5e04a61248eb0b,keyword_template_aware,full,0.0,,1,0.016583013348281384,cpu
c501e39e2dc2fcaa,keyword_template_aware,full,4.0,4;12;13;14,1,0.11808297131210566,cpu
fee39a0707c139ab,keyword_template_aware,full,3.0,12;13;14,1,0.11841696687042713,cpu
913334ec6d724b70,keyword_template_aware,full,3.0,12;13;14,1,0.11616700794547796,cpu
4d99bfcf18439753,keyword_template_aware,full,3.0,12;13;14,1,0.1081250375136733,cpu
8c5a0a856f042a5f,keyword_template_aware,full,4.0,4;12;13;14,1,0.10041706264019012,cpu
39f404ff1d0349ad,keyword_template_aware,full,4.0,4;12;13;14,1,0.10675005614757538,cpu
1a162da889b87e28,keyword_template_aware,full,4.0,7;12;13;14,1,0.08712499402463436,cpu
52b7aa094862d6c8,keyword_template_aware,full,3.0,12;13;14,1,0.1200829865410924,cpu
77fef951a3615242,keyword_template_aware,full,1.0,7,1,0.005083042196929455,cpu
cc545fffafac7816,keyword_template_aware,full,0.0,,1,0.01750001683831215,cpu
3825c6f2e536e1c6,keyword_template_aware,full,3.0,12;13;14,1,0.15729200094938278,cpu
5bcba55e7c6a1ed4,keyword_template_aware,full,4.0,4;12;13;14,1,0.1426249509677291,cpu
afac40f6e0f8766d,keyword_template_aware,full,3.0,12;13;14,1,0.15437498223036528,cpu
cb275c65f4ea43de,keyword_template_aware,full,3.0,12;13;14,1,0.1497500343248248,cpu
1e24a1d41c6344f7,keyword_template_aware,full,3.0,12;13;14,1,0.13620906975120306,cpu
8e12f21a1a5f464c,keyword_template_aware,full,4.0,4;12;13;14,1,0.12824998702853918,cpu
db06742d062500ee,keyword_template_aware,full,4.0,4;12;13;14,1,0.17837504856288433,cpu
f83c4c83b6fd14cb,keyword_template_aware,full,4.0,7;12;13;14,1,0.10704202577471733,cpu
1495e4ce0881e8a7,keyword_template_aware,full,3.0,12;13;14,1,0.16433303244411945,cpu
b5a5dc09559075a8,keyword_template_aware,full,3.0,12;13;14,1,0.25762501172721386,cpu
0e9873fa87fe9589,keyword_template_aware,full,3.0,12;13;14,1,0.2542920410633087,cpu
210b80afde1e073d,keyword_template_aware,full,3.0,12;13;14,1,0.25004101917147636,cpu
eac9ac4190e92e22,keyword_template_aware,full,3.0,12;13;14,1,0.24783401750028133,cpu
007ff4210989bb3c,keyword_template_aware,full,3.0,12;13;14,1,0.23516698274761438,cpu
ede7a719fa0e86cb,keyword_template_aware,full,4.0,4;12;13;14,1,0.22633292246609926,cpu
3e25b347ec8e3a46,keyword_template_aware,full,3.0,12;13;14,1,0.3017090493813157,cpu
b2ec3e43e4db0324,keyword_template_aware,full,4.0,7;12;13;14,1,0.20220899023115635,cpu
f1802a3fbf63a861,keyword_template_aware,full,3.0,12;13;14,1,0.26308291126042604,cpu
6e2948a3c702442b,keyword_template_aware,full,3.0,12;13;14,1,0.16770896036177874,cpu
4487760c126c62ac,keyword_template_aware,full,4.0,4;12;13;14,1,0.1519171055406332,cpu
e3a31de729eb1486,keyword_template_aware,full,3.0,12;13;14,1,0.16087491530925035,cpu
a7c9919f43d3e026,keyword_template_aware,full,3.0,12;13;14,1,0.1587079605087638,cpu
3895e00139919fae,keyword_template_aware,full,3.0,12;13;14,1,0.1462079817429185,cpu
b64d03fdc47995d4,keyword_template_aware,full,4.0,4;12;13;14,1,0.13745890464633703,cpu
8254a79ea12f5808,keyword_template_aware,full,4.0,4;12;13;14,1,0.1879159826785326,cpu
c4974e19e781815a,keyword_template_aware,full,4.0,7;12;13;14,1,0.11629203800112009,cpu
fcc09e1f24714f02,keyword_template_aware,full,3.0,12;13;14,1,0.1747909700497985,cpu
b5fb8022c507df90,keyword_template_aware,full,3.0,12;13;14,1,0.17020793166011572,cpu
a9bac8de2c39598c,keyword_template_aware,full,4.0,4;12;13;14,1,0.15400000847876072,cpu
79901140470446fa,keyword_template_aware,full,3.0,12;13;14,1,0.16312499064952135,cpu
c7f7122e3a674cc1,keyword_template_aware,full,3.0,12;13;14,1,0.16137503553181887,cpu
c0a295af5b379afe,keyword_template_aware,full,3.0,12;13;14,1,0.14825002290308475,cpu
befae1955ff4bac2,keyword_template_aware,full,4.0,4;12;13;14,1,0.13933400623500347,cpu
cefd248e459090ec,keyword_template_aware,full,4.0,4;12;13;14,1,0.1906669931486249,cpu
1d0f468239121b7b,keyword_template_aware,full,4.0,7;12;13;14,1,0.11924991849809885,cpu
68f0d282ffe3b44d,keyword_template_aware,full,3.0,12;13;14,1,0.17650006338953972,cpu
a0660774fcc364f9,keyword_template_aware,full,1.0,15,1,0.07445795927196741,cpu
5bf17639b998fb08,keyword_template_aware,full,2.0,4;15,1,0.06337498780339956,cpu
ac184f02c3081f53,keyword_template_aware,full,1.0,15,1,0.06462505552917719,cpu
ed6a87405d1e9da2,keyword_template_aware,full,1.0,15,1,0.062417006120085716,cpu
e8bacb9284b81a53,keyword_template_aware,full,1.0,15,1,0.05466595757752657,cpu
7b875ee44b583bf1,keyword_template_aware,full,2.0,4;15,1,0.06145797669887543,cpu
6d300d65228560b0,keyword_template_aware,full,2.0,4;15,1,0.05891697946935892,cpu
1bb27c747895b6f6,keyword_template_aware,full,2.0,7;15,1,0.03579095937311649,cpu
88ac73ef28ee2b5b,keyword_template_aware,full,1.0,15,1,0.07679197005927563,cpu
4c1b98250d02d48f,keyword_template_aware,full,1.0,15,1,0.16108399722725153,cpu
762f0dab802b454d,keyword_template_aware,full,1.0,15,1,0.1569169107824564,cpu
ea19a79deae75e6e,keyword_template_aware,full,1.0,15,1,0.15216704923659563,cpu
c566338f86f46371,keyword_template_aware,full,1.0,15,1,0.1520420191809535,cpu
daadba1dd122df4a,keyword_template_aware,full,1.0,15,1,0.14749995898455381,cpu
6ae2cd672520fadd,keyword_template_aware,full,1.0,15,1,0.14079094398766756,cpu
3785bf8bf13e53d6,keyword_template_aware,full,1.0,15,1,0.14812499284744263,cpu
561a55bdd5f20ef2,keyword_template_aware,full,2.0,7;15,1,0.12704194523394108,cpu
a602c86e8d492f01,keyword_template_aware,full,1.0,15,1,0.15695905312895775,cpu
b44df65b71740715,keyword_template_aware,full,1.0,15,1,0.07858301978558302,cpu
a2261b4e60471c81,keyword_template_aware,full,2.0,4;15,1,0.071333022788167,cpu
c3c625547c2658f1,keyword_template_aware,full,1.0,15,1,0.07325003389269114,cpu
c6731704331bba2f,keyword_template_aware,full,1.0,15,1,0.0714160269126296,cpu
aec17a57122affcf,keyword_template_aware,full,1.0,15,1,0.06833404768258333,cpu
ece3706bf6fba7b2,keyword_template_aware,full,2.0,4;15,1,0.05829101428389549,cpu
fd04905c6b9398a2,keyword_template_aware,full,2.0,4;15,1,0.06516603752970695,cpu
e788340c0d2a18e3,keyword_template_aware,full,2.0,7;15,1,0.044625019654631615,cpu
65301727f921700f,keyword_template_aware,full,1.0,15,1,0.07595901843160391,cpu
aa9d1fcbdfbbef09,keyword_template_aware,full,1.0,15,1,0.07974996697157621,cpu
501b836edc21cdb3,keyword_template_aware,full,2.0,4;15,1,0.073583098128438,cpu
8e258fa882412432,keyword_template_aware,full,1.0,15,1,0.0760830007493496,cpu
0f4d05b1eef40891,keyword_template_aware,full,1.0,15,1,0.07391697727143764,cpu
a329d7094ed5eba3,keyword_template_aware,full,1.0,15,1,0.06624998059123755,cpu
423077e537cac8d5,keyword_template_aware,full,2.0,4;15,1,0.060416990891098976,cpu
35d80f9d7406d2a6,keyword_template_aware,full,2.0,4;15,1,0.06716698408126831,cpu
418cf59f736bc1a3,keyword_template_aware,full,2.0,7;15,1,0.04700000863522291,cpu
f7370a9bc8dcb348,keyword_template_aware,full,1.0,15,1,0.07770897354930639,cpu
2c1994ce5d151fe1,keyword_template_aware,full,3.0,0;10;11,1,0.07191707845777273,cpu
67acc46b6a50ea3a,keyword_template_aware,full,4.0,0;4;10;11,1,0.06408302579075098,cpu
f0b04e7d54f0d2f8,keyword_template_aware,full,3.0,0;10;11,1,0.06616709288209677,cpu
e118697f52131f89,keyword_template_aware,full,3.0,0;10;11,1,0.06370898336172104,cpu
6eb09a6e630ff4eb,keyword_template_aware,full,3.0,0;10;11,1,0.05666597280651331,cpu
42a6f6af083670b1,keyword_template_aware,full,4.0,0;4;10;11,1,0.051625072956085205,cpu
533b78b804f79835,keyword_template_aware,full,4.0,0;4;10;11,1,0.057541998103260994,cpu
251eba014ae72526,keyword_template_aware,full,4.0,0;7;10;11,1,0.03999995533376932,cpu
b141dc3dba9b804d,keyword_template_aware,full,3.0,0;10;11,1,0.06700004450976849,cpu
d2e93e108c3e4cc4,keyword_template_aware,full,3.0,0;10;11,1,0.16270799096673727,cpu
af841707986c5b98,keyword_template_aware,full,3.0,0;10;11,1,0.1585830468684435,cpu
fe05e1bd9b1e4738,keyword_template_aware,full,3.0,0;10;11,1,0.15504192560911179,cpu
65dca843b599ce36,keyword_template_aware,full,3.0,0;10;11,1,0.152791035361588,cpu
b3f7406b55672928,keyword_template_aware,full,3.0,0;10;11,1,0.1462079817429185,cpu
62dbaa5e0f5333bc,keyword_template_aware,full,4.0,0;4;10;11,1,0.1414580037817359,cpu
200ae277fbec614e,keyword_template_aware,full,3.0,0;10;11,1,0.1502919476479292,cpu
800c8766ab35d586,keyword_template_aware,full,4.0,0;7;10;11,1,0.12816605158150196,cpu
bfa483f94555115b,keyword_template_aware,full,3.0,0;10;11,1,0.15591608826071024,cpu
438e5e936ff66fe5,keyword_template_aware,full,3.0,0;10;11,1,0.07958407513797283,cpu
45ca9081323a37bd,keyword_template_aware,full,4.0,0;4;10;11,1,0.07229100447148085,cpu
70f2edf60f5eec41,keyword_template_aware,full,3.0,0;10;11,1,0.07420906331390142,cpu
d3cfffc421513074,keyword_template_aware,full,3.0,0;10;11,1,0.07233303040266037,cpu
0ec7f0805bf26a39,keyword_template_aware,full,3.0,0;10;11,1,0.06558303721249104,cpu
5b84a672e61161ec,keyword_template_aware,full,4.0,0;4;10;11,1,0.06020907312631607,cpu
34f66d3a5144371f,keyword_template_aware,full,4.0,0;4;10;11,1,0.06604206282645464,cpu
9b3bb9ecf94366c8,keyword_template_aware,full,4.0,0;7;10;11,1,0.048915972001850605,cpu
8be93416d34386df,keyword_template_aware,full,3.0,0;10;11,1,0.0754999928176403,cpu
e6aedc736b9e8148,keyword_template_aware,full,2.0,0;11,1,0.0825000461190939,cpu
91b80b1a00c9648a,keyword_template_aware,full,3.0,0;4;11,1,0.07700000423938036,cpu
57e5edffbe95fabd,keyword_template_aware,full,2.0,0;11,1,0.07912504952400923,cpu
ee4eaada01653a59,keyword_template_aware,full,2.0,0;11,1,0.07750000804662704,cpu
690fb72ebf586bf6,keyword_template_aware,full,2.0,0;11,1,0.06987503729760647,cpu
643287458d2cd8c8,keyword_template_aware,full,3.0,0;4;11,1,0.06500002928078175,cpu
36940afd8859ba5f,keyword_template_aware,full,3.0,0;4;11,1,0.07095804903656244,cpu
fd399f59e0224b6d,keyword_template_aware,full,3.0,0;7;11,1,0.052332994528114796,cpu
bcbb6e8cfa8e825d,keyword_template_aware,full,2.0,0;11,1,0.08133298251777887,cpu
509b21cfdda0790a,keyword_template_aware,full,1.0,16,1,0.060832942835986614,cpu
63a9726c18becc09,keyword_template_aware,full,2.0,4;16,1,0.05466700531542301,cpu
7bae87e6b5af3f81,keyword_template_aware,full,1.0,16,1,0.05604198668152094,cpu
6a3def5cb73bd0e7,keyword_template_aware,full,1.0,16,1,0.054333009757101536,cpu
aa86de42afd12afe,keyword_template_aware,full,1.0,16,1,0.047042034566402435,cpu
60460d35117bcab0,keyword_template_aware,full,2.0,4;16,1,0.04099996294826269,cpu
851c810aca3b2379,keyword_template_aware,full,2.0,4;16,1,0.04783400800079107,cpu
4887883e03244999,keyword_template_aware,full,2.0,7;16,1,0.02875004429370165,cpu
826cfe71c07b9234,keyword_template_aware,full,1.0,16,1,0.05791697185486555,cpu
443b8e3947449528,keyword_template_aware,full,1.0,16,1,0.15208299737423658,cpu
7f9e2c6078bdf950,keyword_template_aware,full,1.0,16,1,0.14925003051757812,cpu
cf9332604d8d3d4b,keyword_template_aware,full,1.0,16,1,0.14462508261203766,cpu
42ba4c971928058b,keyword_template_aware,full,1.0,16,1,0.14224997721612453,cpu
0013741b6a5683ed,keyword_template_aware,full,1.0,16,1,0.13537495397031307,cpu
e2fbb0c2bd0abdbe,keyword_template_aware,full,2.0,4;16,1,0.13008294627070427,cpu
2575d7e566b26ae5,keyword_template_aware,full,1.0,16,1,0.14062505215406418,cpu
f851c78e3f44e81b,keyword_template_aware,full,2.0,7;16,1,0.11612509842962027,cpu
33e3aaecee96388c,keyword_template_aware,full,1.0,16,1,0.14708307571709156,cpu
8239b052a136daef,keyword_template_aware,full,0.0,,1,0.07470801938325167,cpu
02c4dbb9ae39c135,keyword_template_aware,full,1.0,4,1,0.06750004831701517,cpu
27dc64437709aad4,keyword_template_aware,full,0.0,,1,0.06908399518579245,cpu
83cbd86f642b856a,keyword_template_aware,full,0.0,,1,0.06637501064687967,cpu
c1aee113a91c7dbb,keyword_template_aware,full,0.0,,1,0.058959005400538445,cpu
22611d254eda8bb3,keyword_template_aware,full,1.0,4,1,0.053333002142608166,cpu
4d62d6b1da61c1ca,keyword_template_aware,full,1.0,4,1,0.10574993211776018,cpu
f4a7650165f96fd6,keyword_template_aware,full,1.0,7,1,0.04841701593250036,cpu
210a096742beb71a,keyword_template_aware,full,0.0,,1,0.06175006274133921,cpu
f847253834a7d470,keyword_template_aware,full,0.0,,1,0.06570795085281134,cpu
4c6062659a5d773e,keyword_template_aware,full,1.0,4,1,0.06025005131959915,cpu
c701ae6823752ef3,keyword_template_aware,full,0.0,,1,0.06195798050612211,cpu
dc7ac1c79e339764,keyword_template_aware,full,0.0,,1,0.06441702134907246,cpu
84801af9cc60c074,keyword_template_aware,full,0.0,,1,0.052749994210898876,cpu
9590a1fbc83f568d,keyword_template_aware,full,1.0,4,1,0.04783296026289463,cpu
326bf7912c8461f9,keyword_template_aware,full,1.0,4,1,0.057165976613759995,cpu
ac82b9d4a58f250f,keyword_template_aware,full,1.0,7,1,0.03654195461422205,cpu
7c2d3cad6c575a35,keyword_template_aware,full,0.0,,1,0.06395799573510885,cpu
cadfc5eab513f1bc,keyword_template_aware,full,1.0,4,1,0.047459034249186516,cpu
6887c70ea95f858a,keyword_template_aware,full,0.0,,1,0.09987491648644209,cpu
7d10af3849275142,keyword_template_aware,full,0.0,,1,0.02775003667920828,cpu
1aad3fec6cac0810,keyword_template_aware,full,0.0,,1,0.02975005190819502,cpu
54001cabc7e230d1,keyword_template_aware,full,3.0,12;13;14,1,0.06912497337907553,cpu
7ca33a8562d3d876,keyword_template_aware,full,3.0,12;13;14,1,0.07295794785022736,cpu
99f8f0c26019794e,keyword_template_aware,full,3.0,12;13;14,1,0.06524997297674417,cpu
170de10524d3deeb,keyword_template_aware,full,3.0,12;13;14,1,0.07266702596098185,cpu
31601d456ee4c5e5,keyword_template_aware,full,3.0,12;13;14,1,0.08245802018791437,cpu
822db15ad5bf9bfe,keyword_template_aware,full,0.0,,1,0.0527920201420784,cpu
8a391cb1f414993f,keyword_template_aware,full,0.0,,1,0.0009579816833138466,cpu
9be1d5dba30b56fe,keyword_template_aware,full,3.0,12;13;14,1,0.06937503349035978,cpu
f49542b35481f8e2,keyword_template_aware,full,3.0,12;13;14,1,0.07383397314697504,cpu
667ebe58115395ae,keyword_template_aware,full,3.0,12;13;14,1,0.0616670586168766,cpu
bc7e3eedd63da5ff,keyword_template_aware,full,3.0,12;13;14,1,0.06733299233019352,cpu
003ef6e9224462b6,keyword_template_aware,full,3.0,12;13;14,1,0.07645797450095415,cpu
a657b04756dd664e,keyword_template_aware,full,0.0,,1,0.041791005060076714,cpu
ed8c4062e456cf73,keyword_template_aware,full,3.0,12;13;14,1,0.058957957662642,cpu
077807d81f51af7c,keyword_template_aware,full,3.0,12;13;14,1,0.06512494292110205,cpu
f71b9b53e357c127,keyword_template_aware,full,3.0,12;13;14,1,0.0577499158680439,cpu
79cfc8caf7c9459c,keyword_template_aware,full,3.0,12;13;14,1,0.0652919989079237,cpu
8169433c47bafbae,keyword_template_aware,full,3.0,12;13;14,1,0.07445795927196741,cpu
ce56d25e21452973,keyword_template_aware,full,3.0,12;13;14,1,0.06108405068516731,cpu
df8cf852c00b3b3c,keyword_template_aware,full,0.0,,1,0.004166970029473305,cpu
e0f3dd54515719b2,keyword_template_aware,full,0.0,,1,0.0017079291865229607,cpu
9ca209ccfd68fe83,keyword_template_aware,full,0.0,,1,0.0011670636013150215,cpu
9b7cc55a8f4f16f0,keyword_template_aware,full,3.0,12;13;14,1,0.06558396853506565,cpu
4d0adff178700c1f,keyword_template_aware,full,3.0,12;13;14,1,0.058249919675290585,cpu
c6bdc382dc1b001f,keyword_template_aware,full,3.0,12;13;14,1,0.06604194641113281,cpu
aab7fcc128c8d40a,keyword_template_aware,full,3.0,12;13;14,1,0.07312500383704901,cpu
31d41243f08b252e,keyword_template_aware,full,3.0,12;13;14,1,0.14054204802960157,cpu
885d39ce544b6754,keyword_template_aware,full,3.0,12;13;14,1,0.14500005636364222,cpu
94bb124640078bb1,keyword_template_aware,full,3.0,12;13;14,1,0.13670790940523148,cpu
e9ef79dba3fdba3a,keyword_template_aware,full,3.0,12;13;14,1,0.14416698832064867,cpu
6ce4c926e519964b,keyword_template_aware,full,3.0,12;13;14,1,0.15320791862905025,cpu
a99bcdff263815e3,keyword_template_aware,full,0.0,,1,0.011249911040067673,cpu
8dd68237143f7534,keyword_template_aware,full,0.0,,1,0.0007920898497104645,cpu
ec96e3f9513555bd,keyword_template_aware,full,0.0,,1,0.027291011065244675,cpu
f5a2b6d55a2c4296,keyword_template_aware,full,0.0,,1,0.008207978680729866,cpu
fa027d9fa20f42b1,keyword_template_aware,full,0.0,,1,0.0008330680429935455,cpu
b71e988c371e0740,keyword_template_aware,full,3.0,12;13;14,1,0.10541698429733515,cpu
87266d44cd574c80,keyword_template_aware,full,3.0,12;13;14,1,0.17224997282028198,cpu
66e2a723e922b8d4,keyword_template_aware,full,3.0,12;13;14,1,0.09975000284612179,cpu
999696f6ea7bb4e3,keyword_template_aware,full,3.0,12;13;14,1,0.12237497139722109,cpu
9000f8d99e30434e,keyword_template_aware,full,3.0,12;13;14,1,0.14954106882214546,cpu
235f684cd2e5a5a8,keyword_template_aware,full,3.0,12;13;14,1,0.11100003030151129,cpu
b7177c76fd91e8a4,keyword_template_aware,full,3.0,12;13;14,1,0.16845797654241323,cpu
128ff271ce744f5b,keyword_template_aware,full,3.0,12;13;14,1,0.09216705802828074,cpu
5551a3788865390f,keyword_template_aware,full,3.0,12;13;14,1,0.11479202657938004,cpu
97562f08255eb8b7,keyword_template_aware,full,3.0,12;13;14,1,0.14866609126329422,cpu
809cc135d5b2982d,keyword_template_aware,full,3.0,12;13;14,1,0.09737501386553049,cpu
99877e0430930f58,keyword_template_aware,full,3.0,12;13;14,1,0.1563329715281725,cpu
2d706fc261ef30bc,keyword_template_aware,full,3.0,12;13;14,1,0.09070802479982376,cpu
a4407ea828ec1e93,keyword_template_aware,full,3.0,12;13;14,1,0.11383299715816975,cpu
470c136e8e45a05c,keyword_template_aware,full,3.0,12;13;14,1,0.14008395373821259,cpu
8954881a3d32486b,keyword_template_aware,full,3.0,12;13;14,1,0.09954196866601706,cpu
abbbcb6ba9572eed,keyword_template_aware,full,3.0,12;13;14,1,0.1609580358490348,cpu
5a824a322a591a61,keyword_template_aware,full,3.0,12;13;14,1,0.09066599886864424,cpu
1a2cc186d95a3e7a,keyword_template_aware,full,3.0,12;13;14,1,0.11516700033098459,cpu
d14c13452080110b,keyword_template_aware,full,3.0,12;13;14,1,0.13454200234264135,cpu
b74e4aebed1a5574,keyword_template_aware,full,3.0,12;13;14,1,0.17845898400992155,cpu
05449ebdbae74fbd,keyword_template_aware,full,3.0,12;13;14,1,0.23679202422499657,cpu
99019612bfa1de17,keyword_template_aware,full,3.0,12;13;14,1,0.169374980032444,cpu
b93c3cfc9c5ff24b,keyword_template_aware,full,3.0,12;13;14,1,0.19279099069535732,cpu
34b4b0286731bc27,keyword_template_aware,full,3.0,12;13;14,1,0.2142090816050768,cpu
79af78903313cdf1,keyword_template_aware,full,1.0,15,1,0.03170897252857685,cpu
a10440d136b0f87d,keyword_template_aware,full,1.0,15,1,0.036458950489759445,cpu
cda6cfc28a904b28,keyword_template_aware,full,1.0,15,1,0.02862501423805952,cpu
d8d025e0121e93e2,keyword_template_aware,full,1.0,15,1,0.03658304922282696,cpu
980bd087c27a9cfa,keyword_template_aware,full,1.0,15,1,0.04616705700755119,cpu
3d157a78b34a2e99,keyword_template_aware,full,1.0,15,1,0.02575002145022154,cpu
ec611648b4df8bc4,keyword_template_aware,full,1.0,15,1,0.031415955163538456,cpu
d6fc83dc3ace846f,keyword_template_aware,full,1.0,15,1,0.023833010345697403,cpu
2caf6ce384f54ff8,keyword_template_aware,full,1.0,15,1,0.03187509719282389,cpu
84d0e41cad71a869,keyword_template_aware,full,1.0,15,1,0.0415419926866889,cpu
c7ba27626bd073fd,keyword_template_aware,full,1.0,15,1,0.023333006538450718,cpu
025caf01d152dbb1,keyword_template_aware,full,1.0,15,1,0.029416987672448158,cpu
7be9ef8c58fbfed6,keyword_template_aware,full,1.0,15,1,0.022290972992777824,cpu
a028418942562332,keyword_template_aware,full,1.0,15,1,0.030082999728620052,cpu
b25762689b3f430e,keyword_template_aware,full,1.0,15,1,0.03983406350016594,cpu
47730d262a248d20,keyword_template_aware,full,1.0,15,1,0.019541941583156586,cpu
1f1c7437accff943,keyword_template_aware,full,1.0,15,1,0.02616702113300562,cpu
2454d50884cf1d2a,keyword_template_aware,full,1.0,15,1,0.018666964024305344,cpu
6f66adec245246ae,keyword_template_aware,full,1.0,15,1,0.026957946829497814,cpu
35421868f3c2909b,keyword_template_aware,full,1.0,15,1,0.03300001844763756,cpu
da627f3aa9f0e52c,keyword_template_aware,full,1.0,15,1,0.10825006756931543,cpu
140049bf12f105c4,keyword_template_aware,full,1.0,15,1,0.11195801198482513,cpu
e85c997770668980,keyword_template_aware,full,1.0,15,1,0.10429194662719965,cpu
5d791369db9e31ed,keyword_template_aware,full,1.0,15,1,0.11154194362461567,cpu
77dd0ea46e66f258,keyword_template_aware,full,1.0,15,1,0.1207499299198389,cpu
3e0c526da0e80fb4,keyword_template_aware,full,3.0,0;10;11,1,0.03450002986937761,cpu
005c1676c57d55dc,keyword_template_aware,full,3.0,0;10;11,1,0.03941706381738186,cpu
aa660bddc89ca14b,keyword_template_aware,full,3.0,0;10;11,1,0.03212492447346449,cpu
75f6cc130d963615,keyword_template_aware,full,3.0,0;10;11,1,0.03862509038299322,cpu
0ca7eb5f61cfddfd,keyword_template_aware,full,3.0,0;10;11,1,0.04825007636100054,cpu
030c03df4e195376,keyword_template_aware,full,3.0,0;10;11,1,0.028749927878379822,cpu
aa335a19e42f7a3c,keyword_template_aware,full,3.0,0;10;11,1,0.03400002606213093,cpu
3dfdef44cd1bc22b,keyword_template_aware,full,3.0,0;10;11,1,0.027374946512281895,cpu
e9986b0d25556744,keyword_template_aware,full,3.0,0;10;11,1,0.03408303018659353,cpu
1f15fb774d82b6d7,keyword_template_aware,full,3.0,0;10;11,1,0.04345795605331659,cpu
20cacf188b67305f,keyword_template_aware,full,3.0,0;10;11,1,0.026667024940252304,cpu
31398c526bc7ddba,keyword_template_aware,full,3.0,0;10;11,1,0.03224995452910662,cpu
9e733e4937d6c3dd,keyword_template_aware,full,3.0,0;10;11,1,0.025999965146183968,cpu
6a2109ac2ebe2776,keyword_template_aware,full,3.0,0;10;11,1,0.03250001464039087,cpu
b58cb858e30b5a94,keyword_template_aware,full,3.0,0;10;11,1,0.041958061046898365,cpu
3618e2279f22e5ba,keyword_template_aware,full,2.0,0;11,1,0.025042099878191948,cpu
e4c2a3423c545c96,keyword_template_aware,full,2.0,0;11,1,0.03087497316300869,cpu
470cd93e76b88711,keyword_template_aware,full,2.0,0;11,1,0.02379098441451788,cpu
a460877f502242da,keyword_template_aware,full,2.0,0;11,1,0.03258301876485348,cpu
80d826fbae6b34e5,keyword_template_aware,full,2.0,0;11,1,0.037375022657215595,cpu
b8a39cdcac7e070a,keyword_template_aware,full,3.0,0;10;11,1,0.1016249880194664,cpu
7019142042753886,keyword_template_aware,full,3.0,0;10;11,1,0.10479206684976816,cpu
c2a67d741adb284b,keyword_template_aware,full,3.0,0;10;11,1,0.09779096581041813,cpu
0c0184fde8d66f3f,keyword_template_aware,full,3.0,0;10;11,1,0.10433397255837917,cpu
dbf939eedc628660,keyword_template_aware,full,3.0,0;10;11,1,0.11829100549221039,cpu
3849a5573283972a,keyword_template_aware,full,0.0,,1,0.023958971723914146,cpu
b56ef6669319a8e6,keyword_template_aware,full,0.0,,1,0.03095890861004591,cpu
9fe5180812a556af,keyword_template_aware,full,0.0,,1,0.022707972675561905,cpu
f57f2b630cd284ca,keyword_template_aware,full,0.0,,1,0.03070791717618704,cpu
db141487454a3396,keyword_template_aware,full,0.0,,1,0.04124990664422512,cpu
0ad95fceda6acf99,keyword_template_aware,full,1.0,16,1,0.01908303238451481,cpu
de621bec494b6873,keyword_template_aware,full,1.0,16,1,0.025082961656153202,cpu
b746f313c23121cb,keyword_template_aware,full,1.0,16,1,0.017707934603095055,cpu
6bf28e39c1556ac5,keyword_template_aware,full,1.0,16,1,0.02529192715883255,cpu
81926c3f259a96c2,keyword_template_aware,full,1.0,16,1,0.034917029552161694,cpu
290d3cd8169d01dd,keyword_template_aware,full,1.0,16,1,0.017124926671385765,cpu
55d14a6fd87c69f1,keyword_template_aware,full,1.0,16,1,0.02345896791666746,cpu
526b6f229ce81a04,keyword_template_aware,full,1.0,16,1,0.016333069652318954,cpu
6b7ebf90d12ebd47,keyword_template_aware,full,1.0,16,1,0.0238749198615551,cpu
07fc582005b0d138,keyword_template_aware,full,1.0,16,1,0.03350002225488424,cpu
4a68d5355efc9bb8,keyword_template_aware,full,0.0,,1,0.014582998119294643,cpu
5b4ba2ee301245a1,keyword_template_aware,full,0.0,,1,0.021999934688210487,cpu
8779c44e88b013ce,keyword_template_aware,full,0.0,,1,0.013915938325226307,cpu
362dcd1714896a55,keyword_template_aware,full,0.0,,1,0.022916006855666637,cpu
c7f6e019b31945c0,keyword_template_aware,full,0.0,,1,0.0315000070258975,cpu
375d0acd0fe14ba5,keyword_template_aware,full,1.0,16,1,0.10012497659772635,cpu
c0beb2d401edc5eb,keyword_template_aware,full,1.0,16,1,0.10204198770225048,cpu
e6ef7af35269f106,keyword_template_aware,full,1.0,16,1,0.09437499102205038,cpu
1f01bdd37a7fe24b,keyword_template_aware,full,1.0,16,1,0.1045839162543416,cpu
5d1d9ab37be309d5,keyword_template_aware,full,1.0,16,1,0.11199992150068283,cpu
c6a02bbbe703d311,keyword_template_aware,full,0.0,,1,0.014291028492152691,cpu
83dd9652aaddc86a,keyword_template_aware,full,0.0,,1,0.010124989785254002,cpu
788d343f320e667e,keyword_template_aware,full,0.0,,1,0.008750008419156075,cpu
de187263ba3b8d43,keyword_template_aware,full,0.0,,1,0.005625071935355663,cpu
48b77bfbf34c831e,keyword_template_aware,full,0.0,,1,0.09583402425050735,cpu
23e15b3ff4dc82d7,keyword_template_aware,full,1.0,4,1,0.05849997978657484,cpu
5b1e40d5bfc8877c,keyword_template_aware,full,1.0,7,1,0.05808298010379076,cpu
d9dfee2cbcb4f120,keyword_template_aware,full,1.0,4,1,0.04650000482797623,cpu
5dfd52f440308549,keyword_template_aware,full,0.0,,1,0.06004201713949442,cpu
c1620b1b3815c603,keyword_template_aware,full,0.0,,1,0.04295795224606991,cpu
59b168c0ed15922e,keyword_template_aware,full,1.0,7,1,0.04804099444299936,cpu
e9266fe3951ff2e9,keyword_template_aware,full,1.0,5,1,0.06724998820573092,cpu
f152d10deb4dc9ae,keyword_template_aware,full,0.0,,1,0.04333397373557091,cpu
07b257d0831a7766,keyword_template_aware,full,0.0,,1,0.06512505933642387,cpu
de544721660b8f9a,keyword_template_aware,full,1.0,7,1,0.05508295726031065,cpu
924deccb2fa35517,keyword_template_aware,full,2.0,6;7,1,0.060582999140024185,cpu
9b343e55d21bc269,keyword_template_aware,full,0.0,,1,0.0552500132471323,cpu
d47c1bbf1a208048,keyword_template_aware,full,1.0,7,1,0.0410410575568676,cpu
e12358a36c14d38d,keyword_template_aware,full,0.0,,1,0.06712507456541061,cpu
f72d5788eeec0211,keyword_template_aware,full,0.0,,1,0.06683391984552145,cpu
af9f58b57a5ec43f,keyword_template_aware,full,1.0,4,1,0.05479203537106514,cpu
9bb2d07002c98f12,keyword_template_aware,full,3.0,4;5;7,1,0.06341701373457909,cpu
da620d4ec8b03a46,keyword_template_aware,full,1.0,6,1,0.0717920484021306,cpu
e561eaf54c8cdd74,keyword_template_aware,full,1.0,6,1,0.05874992348253727,cpu
f3d0e13a647c8bc5,keyword_template_aware,full,1.0,7,1,0.0512079568579793,cpu
d7d9242eb28379d3,keyword_template_aware,full,2.0,4;7,1,0.061333063058555126,cpu
f8186b64dab05452,keyword_template_aware,full,1.0,4,1,0.05295907612890005,cpu
8d1b7a6b0ead26e4,keyword_template_aware,full,2.0,4;7,1,0.07108296267688274,cpu
5d5aec4cf28597ee,keyword_template_aware,full,2.0,5;7,1,0.0903330510482192,cpu
69670f39576dab30,keyword_template_aware,full,0.0,,1,0.0724580604583025,cpu
02af8bc61eb42c87,keyword_template_aware,full,0.0,,1,0.11158396955579519,cpu
8c0167d4545c2a1b,keyword_template_aware,full,0.0,,1,0.11358305346220732,cpu
f4fb31fc463587f9,keyword_template_aware,full,1.0,6,1,0.08341704960912466,cpu
cfcd874076de7c34,keyword_template_aware,full,2.0,6;7,1,0.09916606359183788,cpu
8ea85b2df88864e0,keyword_template_aware,full,1.0,1,1,0.07762503810226917,cpu
24241b71326f5ec3,keyword_template_aware,full,0.0,,1,0.08775002788752317,cpu
3f991a9eee3c7ad8,keyword_template_aware,full,0.0,,1,0.08762499783188105,cpu
9a43f282c3ebfd2a,keyword_template_aware,full,1.0,5,1,0.09683310054242611,cpu
ba602d301022c0c5,keyword_template_aware,full,2.0,6;7,1,0.058458070270717144,cpu
1ccbf2c6e0d2a5c1,keyword_template_aware,full,0.0,,1,0.042917090468108654,cpu
5c726faef4e29326,keyword_template_aware,full,1.0,7,1,0.05366699770092964,cpu
3b2b8134600d8a5a,keyword_template_aware,full,0.0,,1,0.058582983911037445,cpu
8cf3431ba7238a10,keyword_template_aware,full,2.0,0;4,1,0.06841705180704594,cpu
5bf88999b4dfbc79,keyword_template_aware,full,4.0,0;1;10;11,1,0.057875062339007854,cpu
62dcab83e05ed98b,keyword_template_aware,full,2.0,4;7,1,0.06983405910432339,cpu
